solid OpenSCAD_Model
  facet normal 0.923875 -0.382694 0
    outer loop
      vertex 4.47831 6.49443 2
      vertex 4.57439 6.72638 0
      vertex 4.57439 6.72638 2
    endloop
  endfacet
  facet normal 0.923875 -0.382694 0
    outer loop
      vertex 4.57439 6.72638 0
      vertex 4.47831 6.49443 2
      vertex 4.47831 6.49443 0
    endloop
  endfacet
  facet normal 0.0784629 0.996917 -0
    outer loop
      vertex 6 4.4 0
      vertex 5.7497 4.4197 2
      vertex 6 4.4 2
    endloop
  endfacet
  facet normal 0.0784629 0.996917 0
    outer loop
      vertex 5.7497 4.4197 2
      vertex 6 4.4 0
      vertex 5.7497 4.4197 0
    endloop
  endfacet
  facet normal -0.972372 -0.233435 0
    outer loop
      vertex 7.5803 6.25029 0
      vertex 7.52169 6.49443 2
      vertex 7.52169 6.49443 0
    endloop
  endfacet
  facet normal -0.972372 -0.233435 0
    outer loop
      vertex 7.52169 6.49443 2
      vertex 7.5803 6.25029 0
      vertex 7.5803 6.25029 2
    endloop
  endfacet
  facet normal -0.996917 -0.078466 0
    outer loop
      vertex 7.6 6 0
      vertex 7.5803 6.25029 2
      vertex 7.5803 6.25029 0
    endloop
  endfacet
  facet normal -0.996917 -0.078466 0
    outer loop
      vertex 7.5803 6.25029 2
      vertex 7.6 6 0
      vertex 7.6 6 2
    endloop
  endfacet
  facet normal -0.97237 0.233444 0
    outer loop
      vertex 7.52169 5.50557 0
      vertex 7.5803 5.7497 2
      vertex 7.5803 5.7497 0
    endloop
  endfacet
  facet normal -0.97237 0.233444 0
    outer loop
      vertex 7.5803 5.7497 2
      vertex 7.52169 5.50557 0
      vertex 7.52169 5.50557 2
    endloop
  endfacet
  facet normal 0.996917 0.0784629 0
    outer loop
      vertex 4.4197 5.7497 2
      vertex 4.4 6 0
      vertex 4.4 6 2
    endloop
  endfacet
  facet normal 0.996917 0.0784629 0
    outer loop
      vertex 4.4 6 0
      vertex 4.4197 5.7497 2
      vertex 4.4197 5.7497 0
    endloop
  endfacet
  facet normal -0.996917 0.0784629 0
    outer loop
      vertex 7.5803 5.7497 0
      vertex 7.6 6 2
      vertex 7.6 6 0
    endloop
  endfacet
  facet normal -0.996917 0.0784629 0
    outer loop
      vertex 7.6 6 2
      vertex 7.5803 5.7497 0
      vertex 7.5803 5.7497 2
    endloop
  endfacet
  facet normal 0.0784629 -0.996917 0
    outer loop
      vertex 5.7497 7.5803 0
      vertex 6 7.6 2
      vertex 5.7497 7.5803 2
    endloop
  endfacet
  facet normal 0.0784629 -0.996917 0
    outer loop
      vertex 6 7.6 2
      vertex 5.7497 7.5803 0
      vertex 6 7.6 0
    endloop
  endfacet
  facet normal -0.078466 -0.996917 0
    outer loop
      vertex 6 7.6 0
      vertex 6.25029 7.5803 2
      vertex 6 7.6 2
    endloop
  endfacet
  facet normal -0.078466 -0.996917 -0
    outer loop
      vertex 6.25029 7.5803 2
      vertex 6 7.6 0
      vertex 6.25029 7.5803 0
    endloop
  endfacet
  facet normal -0.852644 0.522492 0
    outer loop
      vertex 7.29443 5.05954 0
      vertex 7.42561 5.27361 2
      vertex 7.42561 5.27361 0
    endloop
  endfacet
  facet normal -0.852644 0.522492 0
    outer loop
      vertex 7.42561 5.27361 2
      vertex 7.29443 5.05954 0
      vertex 7.29443 5.05954 2
    endloop
  endfacet
  facet normal -0.382694 0.923875 0
    outer loop
      vertex 6.72638 4.57439 0
      vertex 6.49443 4.47831 2
      vertex 6.72638 4.57439 2
    endloop
  endfacet
  facet normal -0.382694 0.923875 0
    outer loop
      vertex 6.49443 4.47831 2
      vertex 6.72638 4.57439 0
      vertex 6.49443 4.47831 0
    endloop
  endfacet
  facet normal 0.233444 -0.97237 0
    outer loop
      vertex 5.50557 7.52169 0
      vertex 5.7497 7.5803 2
      vertex 5.50557 7.52169 2
    endloop
  endfacet
  facet normal 0.233444 -0.97237 0
    outer loop
      vertex 5.7497 7.5803 2
      vertex 5.50557 7.52169 0
      vertex 5.7497 7.5803 0
    endloop
  endfacet
  facet normal 0.649465 -0.760391 0
    outer loop
      vertex 4.86863 7.13137 0
      vertex 5.05954 7.29443 2
      vertex 4.86863 7.13137 2
    endloop
  endfacet
  facet normal 0.649465 -0.760391 0
    outer loop
      vertex 5.05954 7.29443 2
      vertex 4.86863 7.13137 0
      vertex 5.05954 7.29443 0
    endloop
  endfacet
  facet normal 0.97237 0.233444 0
    outer loop
      vertex 4.47831 5.50557 2
      vertex 4.4197 5.7497 0
      vertex 4.4197 5.7497 2
    endloop
  endfacet
  facet normal 0.97237 0.233444 0
    outer loop
      vertex 4.4197 5.7497 0
      vertex 4.47831 5.50557 2
      vertex 4.47831 5.50557 0
    endloop
  endfacet
  facet normal 0.522492 0.852644 -0
    outer loop
      vertex 5.27361 4.57439 0
      vertex 5.05954 4.70557 2
      vertex 5.27361 4.57439 2
    endloop
  endfacet
  facet normal 0.522492 0.852644 0
    outer loop
      vertex 5.05954 4.70557 2
      vertex 5.27361 4.57439 0
      vertex 5.05954 4.70557 0
    endloop
  endfacet
  facet normal 0.38268 0.923881 -0
    outer loop
      vertex 5.50557 4.47831 0
      vertex 5.27361 4.57439 2
      vertex 5.50557 4.47831 2
    endloop
  endfacet
  facet normal 0.38268 0.923881 0
    outer loop
      vertex 5.27361 4.57439 2
      vertex 5.50557 4.47831 0
      vertex 5.27361 4.57439 0
    endloop
  endfacet
  facet normal -0.382694 -0.923875 0
    outer loop
      vertex 6.49443 7.52169 0
      vertex 6.72638 7.42561 2
      vertex 6.49443 7.52169 2
    endloop
  endfacet
  facet normal -0.382694 -0.923875 -0
    outer loop
      vertex 6.72638 7.42561 2
      vertex 6.49443 7.52169 0
      vertex 6.72638 7.42561 0
    endloop
  endfacet
  facet normal -0.233435 -0.972372 0
    outer loop
      vertex 6.25029 7.5803 0
      vertex 6.49443 7.52169 2
      vertex 6.25029 7.5803 2
    endloop
  endfacet
  facet normal -0.233435 -0.972372 -0
    outer loop
      vertex 6.49443 7.52169 2
      vertex 6.25029 7.5803 0
      vertex 6.49443 7.52169 0
    endloop
  endfacet
  facet normal 0.923881 0.38268 0
    outer loop
      vertex 4.57439 5.27361 2
      vertex 4.47831 5.50557 0
      vertex 4.47831 5.50557 2
    endloop
  endfacet
  facet normal 0.923881 0.38268 0
    outer loop
      vertex 4.47831 5.50557 0
      vertex 4.57439 5.27361 2
      vertex 4.57439 5.27361 0
    endloop
  endfacet
  facet normal -0.649465 -0.760391 0
    outer loop
      vertex 6.94046 7.29443 0
      vertex 7.13137 7.13137 2
      vertex 6.94046 7.29443 2
    endloop
  endfacet
  facet normal -0.649465 -0.760391 -0
    outer loop
      vertex 7.13137 7.13137 2
      vertex 6.94046 7.29443 0
      vertex 7.13137 7.13137 0
    endloop
  endfacet
  facet normal 0.38268 -0.923881 0
    outer loop
      vertex 5.27361 7.42561 0
      vertex 5.50557 7.52169 2
      vertex 5.27361 7.42561 2
    endloop
  endfacet
  facet normal 0.38268 -0.923881 0
    outer loop
      vertex 5.50557 7.52169 2
      vertex 5.27361 7.42561 0
      vertex 5.50557 7.52169 0
    endloop
  endfacet
  facet normal -0.760391 -0.649465 0
    outer loop
      vertex 7.29443 6.94046 0
      vertex 7.13137 7.13137 2
      vertex 7.13137 7.13137 0
    endloop
  endfacet
  facet normal -0.760391 -0.649465 0
    outer loop
      vertex 7.13137 7.13137 2
      vertex 7.29443 6.94046 0
      vertex 7.29443 6.94046 2
    endloop
  endfacet
  facet normal -0.233435 0.972372 0
    outer loop
      vertex 6.49443 4.47831 0
      vertex 6.25029 4.4197 2
      vertex 6.49443 4.47831 2
    endloop
  endfacet
  facet normal -0.233435 0.972372 0
    outer loop
      vertex 6.25029 4.4197 2
      vertex 6.49443 4.47831 0
      vertex 6.25029 4.4197 0
    endloop
  endfacet
  facet normal 0.233444 0.97237 -0
    outer loop
      vertex 5.7497 4.4197 0
      vertex 5.50557 4.47831 2
      vertex 5.7497 4.4197 2
    endloop
  endfacet
  facet normal 0.233444 0.97237 0
    outer loop
      vertex 5.50557 4.47831 2
      vertex 5.7497 4.4197 0
      vertex 5.50557 4.47831 0
    endloop
  endfacet
  facet normal 0.760391 -0.649465 0
    outer loop
      vertex 4.70557 6.94046 2
      vertex 4.86863 7.13137 0
      vertex 4.86863 7.13137 2
    endloop
  endfacet
  facet normal 0.760391 -0.649465 0
    outer loop
      vertex 4.86863 7.13137 0
      vertex 4.70557 6.94046 2
      vertex 4.70557 6.94046 0
    endloop
  endfacet
  facet normal 0.852644 0.522492 0
    outer loop
      vertex 4.70557 5.05954 2
      vertex 4.57439 5.27361 0
      vertex 4.57439 5.27361 2
    endloop
  endfacet
  facet normal 0.852644 0.522492 0
    outer loop
      vertex 4.57439 5.27361 0
      vertex 4.70557 5.05954 2
      vertex 4.70557 5.05954 0
    endloop
  endfacet
  facet normal -0.522474 -0.852655 0
    outer loop
      vertex 6.72638 7.42561 0
      vertex 6.94046 7.29443 2
      vertex 6.72638 7.42561 2
    endloop
  endfacet
  facet normal -0.522474 -0.852655 -0
    outer loop
      vertex 6.94046 7.29443 2
      vertex 6.72638 7.42561 0
      vertex 6.94046 7.29443 0
    endloop
  endfacet
  facet normal -0.522474 0.852655 0
    outer loop
      vertex 6.94046 4.70557 0
      vertex 6.72638 4.57439 2
      vertex 6.94046 4.70557 2
    endloop
  endfacet
  facet normal -0.522474 0.852655 0
    outer loop
      vertex 6.72638 4.57439 2
      vertex 6.94046 4.70557 0
      vertex 6.72638 4.57439 0
    endloop
  endfacet
  facet normal 0.522492 -0.852644 0
    outer loop
      vertex 5.05954 7.29443 0
      vertex 5.27361 7.42561 2
      vertex 5.05954 7.29443 2
    endloop
  endfacet
  facet normal 0.522492 -0.852644 0
    outer loop
      vertex 5.27361 7.42561 2
      vertex 5.05954 7.29443 0
      vertex 5.27361 7.42561 0
    endloop
  endfacet
  facet normal -0.852655 -0.522474 0
    outer loop
      vertex 7.42561 6.72638 0
      vertex 7.29443 6.94046 2
      vertex 7.29443 6.94046 0
    endloop
  endfacet
  facet normal -0.852655 -0.522474 0
    outer loop
      vertex 7.29443 6.94046 2
      vertex 7.42561 6.72638 0
      vertex 7.42561 6.72638 2
    endloop
  endfacet
  facet normal 0.760391 0.649465 0
    outer loop
      vertex 4.86863 4.86863 2
      vertex 4.70557 5.05954 0
      vertex 4.70557 5.05954 2
    endloop
  endfacet
  facet normal 0.760391 0.649465 0
    outer loop
      vertex 4.70557 5.05954 0
      vertex 4.86863 4.86863 2
      vertex 4.86863 4.86863 0
    endloop
  endfacet
  facet normal -0.923881 0.38268 0
    outer loop
      vertex 7.42561 5.27361 0
      vertex 7.52169 5.50557 2
      vertex 7.52169 5.50557 0
    endloop
  endfacet
  facet normal -0.923881 0.38268 0
    outer loop
      vertex 7.52169 5.50557 2
      vertex 7.42561 5.27361 0
      vertex 7.42561 5.27361 2
    endloop
  endfacet
  facet normal 0.649465 0.760391 -0
    outer loop
      vertex 5.05954 4.70557 0
      vertex 4.86863 4.86863 2
      vertex 5.05954 4.70557 2
    endloop
  endfacet
  facet normal 0.649465 0.760391 0
    outer loop
      vertex 4.86863 4.86863 2
      vertex 5.05954 4.70557 0
      vertex 4.86863 4.86863 0
    endloop
  endfacet
  facet normal -0.760391 0.649465 0
    outer loop
      vertex 7.13137 4.86863 0
      vertex 7.29443 5.05954 2
      vertex 7.29443 5.05954 0
    endloop
  endfacet
  facet normal -0.760391 0.649465 0
    outer loop
      vertex 7.29443 5.05954 2
      vertex 7.13137 4.86863 0
      vertex 7.13137 4.86863 2
    endloop
  endfacet
  facet normal -0.649465 0.760391 0
    outer loop
      vertex 7.13137 4.86863 0
      vertex 6.94046 4.70557 2
      vertex 7.13137 4.86863 2
    endloop
  endfacet
  facet normal -0.649465 0.760391 0
    outer loop
      vertex 6.94046 4.70557 2
      vertex 7.13137 4.86863 0
      vertex 6.94046 4.70557 0
    endloop
  endfacet
  facet normal 0.972372 -0.233435 0
    outer loop
      vertex 4.4197 6.25029 2
      vertex 4.47831 6.49443 0
      vertex 4.47831 6.49443 2
    endloop
  endfacet
  facet normal 0.972372 -0.233435 0
    outer loop
      vertex 4.47831 6.49443 0
      vertex 4.4197 6.25029 2
      vertex 4.4197 6.25029 0
    endloop
  endfacet
  facet normal 0.852655 -0.522474 0
    outer loop
      vertex 4.57439 6.72638 2
      vertex 4.70557 6.94046 0
      vertex 4.70557 6.94046 2
    endloop
  endfacet
  facet normal 0.852655 -0.522474 0
    outer loop
      vertex 4.70557 6.94046 0
      vertex 4.57439 6.72638 2
      vertex 4.57439 6.72638 0
    endloop
  endfacet
  facet normal -0.923875 -0.382694 0
    outer loop
      vertex 7.52169 6.49443 0
      vertex 7.42561 6.72638 2
      vertex 7.42561 6.72638 0
    endloop
  endfacet
  facet normal -0.923875 -0.382694 0
    outer loop
      vertex 7.42561 6.72638 2
      vertex 7.52169 6.49443 0
      vertex 7.52169 6.49443 2
    endloop
  endfacet
  facet normal 0.996917 -0.078466 0
    outer loop
      vertex 4.4 6 2
      vertex 4.4197 6.25029 0
      vertex 4.4197 6.25029 2
    endloop
  endfacet
  facet normal 0.996917 -0.078466 0
    outer loop
      vertex 4.4197 6.25029 0
      vertex 4.4 6 2
      vertex 4.4 6 0
    endloop
  endfacet
  facet normal -0.078466 0.996917 0
    outer loop
      vertex 6.25029 4.4197 0
      vertex 6 4.4 2
      vertex 6.25029 4.4197 2
    endloop
  endfacet
  facet normal -0.078466 0.996917 0
    outer loop
      vertex 6 4.4 2
      vertex 6.25029 4.4197 0
      vertex 6 4.4 0
    endloop
  endfacet
  facet normal -0.972364 -0.233471 0
    outer loop
      vertex 7.5803 52.8503 0
      vertex 7.52169 53.0944 2
      vertex 7.52169 53.0944 0
    endloop
  endfacet
  facet normal -0.972364 -0.233471 0
    outer loop
      vertex 7.52169 53.0944 2
      vertex 7.5803 52.8503 0
      vertex 7.5803 52.8503 2
    endloop
  endfacet
  facet normal -0.996917 -0.0784629 0
    outer loop
      vertex 7.6 52.6 0
      vertex 7.5803 52.8503 2
      vertex 7.5803 52.8503 0
    endloop
  endfacet
  facet normal -0.996917 -0.0784629 0
    outer loop
      vertex 7.5803 52.8503 2
      vertex 7.6 52.6 0
      vertex 7.6 52.6 2
    endloop
  endfacet
  facet normal -0.522532 0.85262 0
    outer loop
      vertex 6.94046 51.3056 0
      vertex 6.72638 51.1744 2
      vertex 6.94046 51.3056 2
    endloop
  endfacet
  facet normal -0.522532 0.85262 0
    outer loop
      vertex 6.72638 51.1744 2
      vertex 6.94046 51.3056 0
      vertex 6.72638 51.1744 0
    endloop
  endfacet
  facet normal 0.923904 0.382624 0
    outer loop
      vertex 4.57439 51.8736 2
      vertex 4.47831 52.1056 0
      vertex 4.47831 52.1056 2
    endloop
  endfacet
  facet normal 0.923904 0.382624 0
    outer loop
      vertex 4.47831 52.1056 0
      vertex 4.57439 51.8736 2
      vertex 4.57439 51.8736 0
    endloop
  endfacet
  facet normal 0.233406 -0.972379 0
    outer loop
      vertex 5.50557 54.1217 0
      vertex 5.7497 54.1803 2
      vertex 5.50557 54.1217 2
    endloop
  endfacet
  facet normal 0.233406 -0.972379 0
    outer loop
      vertex 5.7497 54.1803 2
      vertex 5.50557 54.1217 0
      vertex 5.7497 54.1803 0
    endloop
  endfacet
  facet normal -0.760374 -0.649485 0
    outer loop
      vertex 7.29443 53.5405 0
      vertex 7.13137 53.7314 2
      vertex 7.13137 53.7314 0
    endloop
  endfacet
  facet normal -0.760374 -0.649485 0
    outer loop
      vertex 7.13137 53.7314 2
      vertex 7.29443 53.5405 0
      vertex 7.29443 53.5405 2
    endloop
  endfacet
  facet normal 0.649327 -0.760509 0
    outer loop
      vertex 4.86863 53.7314 0
      vertex 5.05954 53.8944 2
      vertex 4.86863 53.7314 2
    endloop
  endfacet
  facet normal 0.649327 -0.760509 0
    outer loop
      vertex 5.05954 53.8944 2
      vertex 4.86863 53.7314 0
      vertex 5.05954 53.8944 0
    endloop
  endfacet
  facet normal -0.923904 0.382624 0
    outer loop
      vertex 7.42561 51.8736 0
      vertex 7.52169 52.1056 2
      vertex 7.52169 52.1056 0
    endloop
  endfacet
  facet normal -0.923904 0.382624 0
    outer loop
      vertex 7.52169 52.1056 2
      vertex 7.42561 51.8736 0
      vertex 7.42561 51.8736 2
    endloop
  endfacet
  facet normal -0.760374 0.649485 0
    outer loop
      vertex 7.13137 51.4686 0
      vertex 7.29443 51.6595 2
      vertex 7.29443 51.6595 0
    endloop
  endfacet
  facet normal -0.760374 0.649485 0
    outer loop
      vertex 7.29443 51.6595 2
      vertex 7.13137 51.4686 0
      vertex 7.13137 51.4686 2
    endloop
  endfacet
  facet normal 0.996917 0.0784629 0
    outer loop
      vertex 4.4197 52.3497 2
      vertex 4.4 52.6 0
      vertex 4.4 52.6 2
    endloop
  endfacet
  facet normal 0.996917 0.0784629 0
    outer loop
      vertex 4.4 52.6 0
      vertex 4.4197 52.3497 2
      vertex 4.4197 52.3497 0
    endloop
  endfacet
  facet normal 0.0784629 0.996917 -0
    outer loop
      vertex 6 51 0
      vertex 5.7497 51.0197 2
      vertex 6 51 2
    endloop
  endfacet
  facet normal 0.0784629 0.996917 0
    outer loop
      vertex 5.7497 51.0197 2
      vertex 6 51 0
      vertex 5.7497 51.0197 0
    endloop
  endfacet
  facet normal 0.382748 -0.923853 0
    outer loop
      vertex 5.27361 54.0256 0
      vertex 5.50557 54.1217 2
      vertex 5.27361 54.0256 2
    endloop
  endfacet
  facet normal 0.382748 -0.923853 0
    outer loop
      vertex 5.50557 54.1217 2
      vertex 5.27361 54.0256 0
      vertex 5.50557 54.1217 0
    endloop
  endfacet
  facet normal -0.233397 -0.972382 0
    outer loop
      vertex 6.25029 54.1803 0
      vertex 6.49443 54.1217 2
      vertex 6.25029 54.1803 2
    endloop
  endfacet
  facet normal -0.233397 -0.972382 -0
    outer loop
      vertex 6.49443 54.1217 2
      vertex 6.25029 54.1803 0
      vertex 6.49443 54.1217 0
    endloop
  endfacet
  facet normal -0.382762 -0.923847 0
    outer loop
      vertex 6.49443 54.1217 0
      vertex 6.72638 54.0256 2
      vertex 6.49443 54.1217 2
    endloop
  endfacet
  facet normal -0.382762 -0.923847 -0
    outer loop
      vertex 6.72638 54.0256 2
      vertex 6.49443 54.1217 0
      vertex 6.72638 54.0256 0
    endloop
  endfacet
  facet normal -0.972364 0.233471 0
    outer loop
      vertex 7.52169 52.1056 0
      vertex 7.5803 52.3497 2
      vertex 7.5803 52.3497 0
    endloop
  endfacet
  facet normal -0.972364 0.233471 0
    outer loop
      vertex 7.5803 52.3497 2
      vertex 7.52169 52.1056 0
      vertex 7.52169 52.1056 2
    endloop
  endfacet
  facet normal -0.996917 0.0784629 0
    outer loop
      vertex 7.5803 52.3497 0
      vertex 7.6 52.6 2
      vertex 7.6 52.6 0
    endloop
  endfacet
  facet normal -0.996917 0.0784629 0
    outer loop
      vertex 7.6 52.6 2
      vertex 7.5803 52.3497 0
      vertex 7.5803 52.3497 2
    endloop
  endfacet
  facet normal 0.52255 -0.852609 0
    outer loop
      vertex 5.05954 53.8944 0
      vertex 5.27361 54.0256 2
      vertex 5.05954 53.8944 2
    endloop
  endfacet
  facet normal 0.52255 -0.852609 0
    outer loop
      vertex 5.27361 54.0256 2
      vertex 5.05954 53.8944 0
      vertex 5.27361 54.0256 0
    endloop
  endfacet
  facet normal 0.233406 0.972379 -0
    outer loop
      vertex 5.7497 51.0197 0
      vertex 5.50557 51.0783 2
      vertex 5.7497 51.0197 2
    endloop
  endfacet
  facet normal 0.233406 0.972379 0
    outer loop
      vertex 5.50557 51.0783 2
      vertex 5.7497 51.0197 0
      vertex 5.50557 51.0783 0
    endloop
  endfacet
  facet normal -0.852677 -0.522439 0
    outer loop
      vertex 7.42561 53.3264 0
      vertex 7.29443 53.5405 2
      vertex 7.29443 53.5405 0
    endloop
  endfacet
  facet normal -0.852677 -0.522439 0
    outer loop
      vertex 7.29443 53.5405 2
      vertex 7.42561 53.3264 0
      vertex 7.42561 53.3264 2
    endloop
  endfacet
  facet normal 0.760374 0.649485 0
    outer loop
      vertex 4.86863 51.4686 2
      vertex 4.70557 51.6595 0
      vertex 4.70557 51.6595 2
    endloop
  endfacet
  facet normal 0.760374 0.649485 0
    outer loop
      vertex 4.70557 51.6595 0
      vertex 4.86863 51.4686 2
      vertex 4.86863 51.4686 0
    endloop
  endfacet
  facet normal 0.0784629 -0.996917 0
    outer loop
      vertex 5.7497 54.1803 0
      vertex 6 54.2 2
      vertex 5.7497 54.1803 2
    endloop
  endfacet
  facet normal 0.0784629 -0.996917 0
    outer loop
      vertex 6 54.2 2
      vertex 5.7497 54.1803 0
      vertex 6 54.2 0
    endloop
  endfacet
  facet normal 0.923904 -0.382624 0
    outer loop
      vertex 4.47831 53.0944 2
      vertex 4.57439 53.3264 0
      vertex 4.57439 53.3264 2
    endloop
  endfacet
  facet normal 0.923904 -0.382624 0
    outer loop
      vertex 4.57439 53.3264 0
      vertex 4.47831 53.0944 2
      vertex 4.47831 53.0944 0
    endloop
  endfacet
  facet normal -0.852677 0.522439 0
    outer loop
      vertex 7.29443 51.6595 0
      vertex 7.42561 51.8736 2
      vertex 7.42561 51.8736 0
    endloop
  endfacet
  facet normal -0.852677 0.522439 0
    outer loop
      vertex 7.42561 51.8736 2
      vertex 7.29443 51.6595 0
      vertex 7.29443 51.6595 2
    endloop
  endfacet
  facet normal -0.233397 0.972382 0
    outer loop
      vertex 6.49443 51.0783 0
      vertex 6.25029 51.0197 2
      vertex 6.49443 51.0783 2
    endloop
  endfacet
  facet normal -0.233397 0.972382 0
    outer loop
      vertex 6.25029 51.0197 2
      vertex 6.49443 51.0783 0
      vertex 6.25029 51.0197 0
    endloop
  endfacet
  facet normal -0.649327 0.760509 0
    outer loop
      vertex 7.13137 51.4686 0
      vertex 6.94046 51.3056 2
      vertex 7.13137 51.4686 2
    endloop
  endfacet
  facet normal -0.649327 0.760509 0
    outer loop
      vertex 6.94046 51.3056 2
      vertex 7.13137 51.4686 0
      vertex 6.94046 51.3056 0
    endloop
  endfacet
  facet normal -0.649327 -0.760509 0
    outer loop
      vertex 6.94046 53.8944 0
      vertex 7.13137 53.7314 2
      vertex 6.94046 53.8944 2
    endloop
  endfacet
  facet normal -0.649327 -0.760509 -0
    outer loop
      vertex 7.13137 53.7314 2
      vertex 6.94046 53.8944 0
      vertex 7.13137 53.7314 0
    endloop
  endfacet
  facet normal -0.522532 -0.85262 0
    outer loop
      vertex 6.72638 54.0256 0
      vertex 6.94046 53.8944 2
      vertex 6.72638 54.0256 2
    endloop
  endfacet
  facet normal -0.522532 -0.85262 -0
    outer loop
      vertex 6.94046 53.8944 2
      vertex 6.72638 54.0256 0
      vertex 6.94046 53.8944 0
    endloop
  endfacet
  facet normal 0.649327 0.760509 -0
    outer loop
      vertex 5.05954 51.3056 0
      vertex 4.86863 51.4686 2
      vertex 5.05954 51.3056 2
    endloop
  endfacet
  facet normal 0.649327 0.760509 0
    outer loop
      vertex 4.86863 51.4686 2
      vertex 5.05954 51.3056 0
      vertex 4.86863 51.4686 0
    endloop
  endfacet
  facet normal -0.382762 0.923847 0
    outer loop
      vertex 6.72638 51.1744 0
      vertex 6.49443 51.0783 2
      vertex 6.72638 51.1744 2
    endloop
  endfacet
  facet normal -0.382762 0.923847 0
    outer loop
      vertex 6.49443 51.0783 2
      vertex 6.72638 51.1744 0
      vertex 6.49443 51.0783 0
    endloop
  endfacet
  facet normal -0.078466 0.996917 0
    outer loop
      vertex 6.25029 51.0197 0
      vertex 6 51 2
      vertex 6.25029 51.0197 2
    endloop
  endfacet
  facet normal -0.078466 0.996917 0
    outer loop
      vertex 6 51 2
      vertex 6.25029 51.0197 0
      vertex 6 51 0
    endloop
  endfacet
  facet normal 0.852677 -0.522439 0
    outer loop
      vertex 4.57439 53.3264 2
      vertex 4.70557 53.5405 0
      vertex 4.70557 53.5405 2
    endloop
  endfacet
  facet normal 0.852677 -0.522439 0
    outer loop
      vertex 4.70557 53.5405 0
      vertex 4.57439 53.3264 2
      vertex 4.57439 53.3264 0
    endloop
  endfacet
  facet normal -0.078466 -0.996917 0
    outer loop
      vertex 6 54.2 0
      vertex 6.25029 54.1803 2
      vertex 6 54.2 2
    endloop
  endfacet
  facet normal -0.078466 -0.996917 -0
    outer loop
      vertex 6.25029 54.1803 2
      vertex 6 54.2 0
      vertex 6.25029 54.1803 0
    endloop
  endfacet
  facet normal 0.972364 0.233471 0
    outer loop
      vertex 4.47831 52.1056 2
      vertex 4.4197 52.3497 0
      vertex 4.4197 52.3497 2
    endloop
  endfacet
  facet normal 0.972364 0.233471 0
    outer loop
      vertex 4.4197 52.3497 0
      vertex 4.47831 52.1056 2
      vertex 4.47831 52.1056 0
    endloop
  endfacet
  facet normal 0.852677 0.522439 0
    outer loop
      vertex 4.70557 51.6595 2
      vertex 4.57439 51.8736 0
      vertex 4.57439 51.8736 2
    endloop
  endfacet
  facet normal 0.852677 0.522439 0
    outer loop
      vertex 4.57439 51.8736 0
      vertex 4.70557 51.6595 2
      vertex 4.70557 51.6595 0
    endloop
  endfacet
  facet normal 0.972364 -0.233471 0
    outer loop
      vertex 4.4197 52.8503 2
      vertex 4.47831 53.0944 0
      vertex 4.47831 53.0944 2
    endloop
  endfacet
  facet normal 0.972364 -0.233471 0
    outer loop
      vertex 4.47831 53.0944 0
      vertex 4.4197 52.8503 2
      vertex 4.4197 52.8503 0
    endloop
  endfacet
  facet normal -0.923904 -0.382624 0
    outer loop
      vertex 7.52169 53.0944 0
      vertex 7.42561 53.3264 2
      vertex 7.42561 53.3264 0
    endloop
  endfacet
  facet normal -0.923904 -0.382624 0
    outer loop
      vertex 7.42561 53.3264 2
      vertex 7.52169 53.0944 0
      vertex 7.52169 53.0944 2
    endloop
  endfacet
  facet normal 0.996917 -0.0784629 0
    outer loop
      vertex 4.4 52.6 2
      vertex 4.4197 52.8503 0
      vertex 4.4197 52.8503 2
    endloop
  endfacet
  facet normal 0.996917 -0.0784629 0
    outer loop
      vertex 4.4197 52.8503 0
      vertex 4.4 52.6 2
      vertex 4.4 52.6 0
    endloop
  endfacet
  facet normal 0.760374 -0.649485 0
    outer loop
      vertex 4.70557 53.5405 2
      vertex 4.86863 53.7314 0
      vertex 4.86863 53.7314 2
    endloop
  endfacet
  facet normal 0.760374 -0.649485 0
    outer loop
      vertex 4.86863 53.7314 0
      vertex 4.70557 53.5405 2
      vertex 4.70557 53.5405 0
    endloop
  endfacet
  facet normal 0.382748 0.923853 -0
    outer loop
      vertex 5.50557 51.0783 0
      vertex 5.27361 51.1744 2
      vertex 5.50557 51.0783 2
    endloop
  endfacet
  facet normal 0.382748 0.923853 0
    outer loop
      vertex 5.27361 51.1744 2
      vertex 5.50557 51.0783 0
      vertex 5.27361 51.1744 0
    endloop
  endfacet
  facet normal 0.52255 0.852609 -0
    outer loop
      vertex 5.27361 51.1744 0
      vertex 5.05954 51.3056 2
      vertex 5.27361 51.1744 2
    endloop
  endfacet
  facet normal 0.52255 0.852609 0
    outer loop
      vertex 5.05954 51.3056 2
      vertex 5.27361 51.1744 0
      vertex 5.05954 51.3056 0
    endloop
  endfacet
  facet normal -0.972382 -0.233397 0
    outer loop
      vertex 69.3803 6.25029 0
      vertex 69.3217 6.49443 2
      vertex 69.3217 6.49443 0
    endloop
  endfacet
  facet normal -0.972382 -0.233397 0
    outer loop
      vertex 69.3217 6.49443 2
      vertex 69.3803 6.25029 0
      vertex 69.3803 6.25029 2
    endloop
  endfacet
  facet normal -0.996917 -0.078466 0
    outer loop
      vertex 69.4 6 0
      vertex 69.3803 6.25029 2
      vertex 69.3803 6.25029 0
    endloop
  endfacet
  facet normal -0.996917 -0.078466 0
    outer loop
      vertex 69.3803 6.25029 2
      vertex 69.4 6 0
      vertex 69.4 6 2
    endloop
  endfacet
  facet normal -0.996917 0.0784629 0
    outer loop
      vertex 69.3803 5.7497 0
      vertex 69.4 6 2
      vertex 69.4 6 0
    endloop
  endfacet
  facet normal -0.996917 0.0784629 0
    outer loop
      vertex 69.4 6 2
      vertex 69.3803 5.7497 0
      vertex 69.3803 5.7497 2
    endloop
  endfacet
  facet normal -0.649485 -0.760374 0
    outer loop
      vertex 68.7405 7.29443 0
      vertex 68.9314 7.13137 2
      vertex 68.7405 7.29443 2
    endloop
  endfacet
  facet normal -0.649485 -0.760374 -0
    outer loop
      vertex 68.9314 7.13137 2
      vertex 68.7405 7.29443 0
      vertex 68.9314 7.13137 0
    endloop
  endfacet
  facet normal 0.522439 -0.852677 0
    outer loop
      vertex 66.8595 7.29443 0
      vertex 67.0736 7.42561 2
      vertex 66.8595 7.29443 2
    endloop
  endfacet
  facet normal 0.522439 -0.852677 0
    outer loop
      vertex 67.0736 7.42561 2
      vertex 66.8595 7.29443 0
      vertex 67.0736 7.42561 0
    endloop
  endfacet
  facet normal 0.382624 -0.923904 0
    outer loop
      vertex 67.0736 7.42561 0
      vertex 67.3056 7.52169 2
      vertex 67.0736 7.42561 2
    endloop
  endfacet
  facet normal 0.382624 -0.923904 0
    outer loop
      vertex 67.3056 7.52169 2
      vertex 67.0736 7.42561 0
      vertex 67.3056 7.52169 0
    endloop
  endfacet
  facet normal 0.233471 0.972364 -0
    outer loop
      vertex 67.5497 4.4197 0
      vertex 67.3056 4.47831 2
      vertex 67.5497 4.4197 2
    endloop
  endfacet
  facet normal 0.233471 0.972364 0
    outer loop
      vertex 67.3056 4.47831 2
      vertex 67.5497 4.4197 0
      vertex 67.3056 4.47831 0
    endloop
  endfacet
  facet normal 0.923853 0.382748 0
    outer loop
      vertex 66.3744 5.27361 2
      vertex 66.2783 5.50557 0
      vertex 66.2783 5.50557 2
    endloop
  endfacet
  facet normal 0.923853 0.382748 0
    outer loop
      vertex 66.2783 5.50557 0
      vertex 66.3744 5.27361 2
      vertex 66.3744 5.27361 0
    endloop
  endfacet
  facet normal 0.85262 -0.522532 0
    outer loop
      vertex 66.3744 6.72638 2
      vertex 66.5056 6.94046 0
      vertex 66.5056 6.94046 2
    endloop
  endfacet
  facet normal 0.85262 -0.522532 0
    outer loop
      vertex 66.5056 6.94046 0
      vertex 66.3744 6.72638 2
      vertex 66.3744 6.72638 0
    endloop
  endfacet
  facet normal 0.522439 0.852677 -0
    outer loop
      vertex 67.0736 4.57439 0
      vertex 66.8595 4.70557 2
      vertex 67.0736 4.57439 2
    endloop
  endfacet
  facet normal 0.522439 0.852677 0
    outer loop
      vertex 66.8595 4.70557 2
      vertex 67.0736 4.57439 0
      vertex 66.8595 4.70557 0
    endloop
  endfacet
  facet normal 0.649485 -0.760374 0
    outer loop
      vertex 66.6686 7.13137 0
      vertex 66.8595 7.29443 2
      vertex 66.6686 7.13137 2
    endloop
  endfacet
  facet normal 0.649485 -0.760374 0
    outer loop
      vertex 66.8595 7.29443 2
      vertex 66.6686 7.13137 0
      vertex 66.8595 7.29443 0
    endloop
  endfacet
  facet normal 0.382624 0.923904 -0
    outer loop
      vertex 67.3056 4.47831 0
      vertex 67.0736 4.57439 2
      vertex 67.3056 4.47831 2
    endloop
  endfacet
  facet normal 0.382624 0.923904 0
    outer loop
      vertex 67.0736 4.57439 2
      vertex 67.3056 4.47831 0
      vertex 67.0736 4.57439 0
    endloop
  endfacet
  facet normal -0.233471 0.972364 0
    outer loop
      vertex 68.2944 4.47831 0
      vertex 68.0503 4.4197 2
      vertex 68.2944 4.47831 2
    endloop
  endfacet
  facet normal -0.233471 0.972364 0
    outer loop
      vertex 68.0503 4.4197 2
      vertex 68.2944 4.47831 0
      vertex 68.0503 4.4197 0
    endloop
  endfacet
  facet normal 0.760509 -0.649327 0
    outer loop
      vertex 66.5056 6.94046 2
      vertex 66.6686 7.13137 0
      vertex 66.6686 7.13137 2
    endloop
  endfacet
  facet normal 0.760509 -0.649327 0
    outer loop
      vertex 66.6686 7.13137 0
      vertex 66.5056 6.94046 2
      vertex 66.5056 6.94046 0
    endloop
  endfacet
  facet normal -0.760509 -0.649327 0
    outer loop
      vertex 69.0944 6.94046 0
      vertex 68.9314 7.13137 2
      vertex 68.9314 7.13137 0
    endloop
  endfacet
  facet normal -0.760509 -0.649327 0
    outer loop
      vertex 68.9314 7.13137 2
      vertex 69.0944 6.94046 0
      vertex 69.0944 6.94046 2
    endloop
  endfacet
  facet normal 0.233471 -0.972364 0
    outer loop
      vertex 67.3056 7.52169 0
      vertex 67.5497 7.5803 2
      vertex 67.3056 7.52169 2
    endloop
  endfacet
  facet normal 0.233471 -0.972364 0
    outer loop
      vertex 67.5497 7.5803 2
      vertex 67.3056 7.52169 0
      vertex 67.5497 7.5803 0
    endloop
  endfacet
  facet normal -0.760509 0.649327 0
    outer loop
      vertex 68.9314 4.86863 0
      vertex 69.0944 5.05954 2
      vertex 69.0944 5.05954 0
    endloop
  endfacet
  facet normal -0.760509 0.649327 0
    outer loop
      vertex 69.0944 5.05954 2
      vertex 68.9314 4.86863 0
      vertex 68.9314 4.86863 2
    endloop
  endfacet
  facet normal -0.382624 0.923904 0
    outer loop
      vertex 68.5264 4.57439 0
      vertex 68.2944 4.47831 2
      vertex 68.5264 4.57439 2
    endloop
  endfacet
  facet normal -0.382624 0.923904 0
    outer loop
      vertex 68.2944 4.47831 2
      vertex 68.5264 4.57439 0
      vertex 68.2944 4.47831 0
    endloop
  endfacet
  facet normal 0.972382 -0.233397 0
    outer loop
      vertex 66.2197 6.25029 2
      vertex 66.2783 6.49443 0
      vertex 66.2783 6.49443 2
    endloop
  endfacet
  facet normal 0.972382 -0.233397 0
    outer loop
      vertex 66.2783 6.49443 0
      vertex 66.2197 6.25029 2
      vertex 66.2197 6.25029 0
    endloop
  endfacet
  facet normal -0.522439 0.852677 0
    outer loop
      vertex 68.7405 4.70557 0
      vertex 68.5264 4.57439 2
      vertex 68.7405 4.70557 2
    endloop
  endfacet
  facet normal -0.522439 0.852677 0
    outer loop
      vertex 68.5264 4.57439 2
      vertex 68.7405 4.70557 0
      vertex 68.5264 4.57439 0
    endloop
  endfacet
  facet normal -0.382624 -0.923904 0
    outer loop
      vertex 68.2944 7.52169 0
      vertex 68.5264 7.42561 2
      vertex 68.2944 7.52169 2
    endloop
  endfacet
  facet normal -0.382624 -0.923904 -0
    outer loop
      vertex 68.5264 7.42561 2
      vertex 68.2944 7.52169 0
      vertex 68.5264 7.42561 0
    endloop
  endfacet
  facet normal 0.972379 0.233406 0
    outer loop
      vertex 66.2783 5.50557 2
      vertex 66.2197 5.7497 0
      vertex 66.2197 5.7497 2
    endloop
  endfacet
  facet normal 0.972379 0.233406 0
    outer loop
      vertex 66.2197 5.7497 0
      vertex 66.2783 5.50557 2
      vertex 66.2783 5.50557 0
    endloop
  endfacet
  facet normal -0.649485 0.760374 0
    outer loop
      vertex 68.9314 4.86863 0
      vertex 68.7405 4.70557 2
      vertex 68.9314 4.86863 2
    endloop
  endfacet
  facet normal -0.649485 0.760374 0
    outer loop
      vertex 68.7405 4.70557 2
      vertex 68.9314 4.86863 0
      vertex 68.7405 4.70557 0
    endloop
  endfacet
  facet normal -0.522439 -0.852677 0
    outer loop
      vertex 68.5264 7.42561 0
      vertex 68.7405 7.29443 2
      vertex 68.5264 7.42561 2
    endloop
  endfacet
  facet normal -0.522439 -0.852677 -0
    outer loop
      vertex 68.7405 7.29443 2
      vertex 68.5264 7.42561 0
      vertex 68.7405 7.29443 0
    endloop
  endfacet
  facet normal 0.0784629 0.996917 -0
    outer loop
      vertex 67.8 4.4 0
      vertex 67.5497 4.4197 2
      vertex 67.8 4.4 2
    endloop
  endfacet
  facet normal 0.0784629 0.996917 0
    outer loop
      vertex 67.5497 4.4197 2
      vertex 67.8 4.4 0
      vertex 67.5497 4.4197 0
    endloop
  endfacet
  facet normal -0.852609 0.52255 0
    outer loop
      vertex 69.0944 5.05954 0
      vertex 69.2256 5.27361 2
      vertex 69.2256 5.27361 0
    endloop
  endfacet
  facet normal -0.852609 0.52255 0
    outer loop
      vertex 69.2256 5.27361 2
      vertex 69.0944 5.05954 0
      vertex 69.0944 5.05954 2
    endloop
  endfacet
  facet normal 0.760509 0.649327 0
    outer loop
      vertex 66.6686 4.86863 2
      vertex 66.5056 5.05954 0
      vertex 66.5056 5.05954 2
    endloop
  endfacet
  facet normal 0.760509 0.649327 0
    outer loop
      vertex 66.5056 5.05954 0
      vertex 66.6686 4.86863 2
      vertex 66.6686 4.86863 0
    endloop
  endfacet
  facet normal 0.852609 0.52255 0
    outer loop
      vertex 66.5056 5.05954 2
      vertex 66.3744 5.27361 0
      vertex 66.3744 5.27361 2
    endloop
  endfacet
  facet normal 0.852609 0.52255 0
    outer loop
      vertex 66.3744 5.27361 0
      vertex 66.5056 5.05954 2
      vertex 66.5056 5.05954 0
    endloop
  endfacet
  facet normal -0.972379 0.233406 0
    outer loop
      vertex 69.3217 5.50557 0
      vertex 69.3803 5.7497 2
      vertex 69.3803 5.7497 0
    endloop
  endfacet
  facet normal -0.972379 0.233406 0
    outer loop
      vertex 69.3803 5.7497 2
      vertex 69.3217 5.50557 0
      vertex 69.3217 5.50557 2
    endloop
  endfacet
  facet normal 0.0784629 -0.996917 0
    outer loop
      vertex 67.5497 7.5803 0
      vertex 67.8 7.6 2
      vertex 67.5497 7.5803 2
    endloop
  endfacet
  facet normal 0.0784629 -0.996917 0
    outer loop
      vertex 67.8 7.6 2
      vertex 67.5497 7.5803 0
      vertex 67.8 7.6 0
    endloop
  endfacet
  facet normal -0.0784629 -0.996917 0
    outer loop
      vertex 67.8 7.6 0
      vertex 68.0503 7.5803 2
      vertex 67.8 7.6 2
    endloop
  endfacet
  facet normal -0.0784629 -0.996917 -0
    outer loop
      vertex 68.0503 7.5803 2
      vertex 67.8 7.6 0
      vertex 68.0503 7.5803 0
    endloop
  endfacet
  facet normal 0.923847 -0.382762 0
    outer loop
      vertex 66.2783 6.49443 2
      vertex 66.3744 6.72638 0
      vertex 66.3744 6.72638 2
    endloop
  endfacet
  facet normal 0.923847 -0.382762 0
    outer loop
      vertex 66.3744 6.72638 0
      vertex 66.2783 6.49443 2
      vertex 66.2783 6.49443 0
    endloop
  endfacet
  facet normal -0.85262 -0.522532 0
    outer loop
      vertex 69.2256 6.72638 0
      vertex 69.0944 6.94046 2
      vertex 69.0944 6.94046 0
    endloop
  endfacet
  facet normal -0.85262 -0.522532 0
    outer loop
      vertex 69.0944 6.94046 2
      vertex 69.2256 6.72638 0
      vertex 69.2256 6.72638 2
    endloop
  endfacet
  facet normal 0.996917 0.0784629 0
    outer loop
      vertex 66.2197 5.7497 2
      vertex 66.2 6 0
      vertex 66.2 6 2
    endloop
  endfacet
  facet normal 0.996917 0.0784629 0
    outer loop
      vertex 66.2 6 0
      vertex 66.2197 5.7497 2
      vertex 66.2197 5.7497 0
    endloop
  endfacet
  facet normal -0.233471 -0.972364 0
    outer loop
      vertex 68.0503 7.5803 0
      vertex 68.2944 7.52169 2
      vertex 68.0503 7.5803 2
    endloop
  endfacet
  facet normal -0.233471 -0.972364 -0
    outer loop
      vertex 68.2944 7.52169 2
      vertex 68.0503 7.5803 0
      vertex 68.2944 7.52169 0
    endloop
  endfacet
  facet normal -0.923853 0.382748 0
    outer loop
      vertex 69.2256 5.27361 0
      vertex 69.3217 5.50557 2
      vertex 69.3217 5.50557 0
    endloop
  endfacet
  facet normal -0.923853 0.382748 0
    outer loop
      vertex 69.3217 5.50557 2
      vertex 69.2256 5.27361 0
      vertex 69.2256 5.27361 2
    endloop
  endfacet
  facet normal -0.923847 -0.382762 0
    outer loop
      vertex 69.3217 6.49443 0
      vertex 69.2256 6.72638 2
      vertex 69.2256 6.72638 0
    endloop
  endfacet
  facet normal -0.923847 -0.382762 0
    outer loop
      vertex 69.2256 6.72638 2
      vertex 69.3217 6.49443 0
      vertex 69.3217 6.49443 2
    endloop
  endfacet
  facet normal 0.649485 0.760374 -0
    outer loop
      vertex 66.8595 4.70557 0
      vertex 66.6686 4.86863 2
      vertex 66.8595 4.70557 2
    endloop
  endfacet
  facet normal 0.649485 0.760374 0
    outer loop
      vertex 66.6686 4.86863 2
      vertex 66.8595 4.70557 0
      vertex 66.6686 4.86863 0
    endloop
  endfacet
  facet normal 0.996917 -0.078466 0
    outer loop
      vertex 66.2 6 2
      vertex 66.2197 6.25029 0
      vertex 66.2197 6.25029 2
    endloop
  endfacet
  facet normal 0.996917 -0.078466 0
    outer loop
      vertex 66.2197 6.25029 0
      vertex 66.2 6 2
      vertex 66.2 6 0
    endloop
  endfacet
  facet normal -0.0784629 0.996917 0
    outer loop
      vertex 68.0503 4.4197 0
      vertex 67.8 4.4 2
      vertex 68.0503 4.4197 2
    endloop
  endfacet
  facet normal -0.0784629 0.996917 0
    outer loop
      vertex 67.8 4.4 2
      vertex 68.0503 4.4197 0
      vertex 67.8 4.4 0
    endloop
  endfacet
  facet normal -0.233433 0.972373 0
    outer loop
      vertex 68.2944 51.0783 0
      vertex 68.0503 51.0197 2
      vertex 68.2944 51.0783 2
    endloop
  endfacet
  facet normal -0.233433 0.972373 0
    outer loop
      vertex 68.0503 51.0197 2
      vertex 68.2944 51.0783 0
      vertex 68.0503 51.0197 0
    endloop
  endfacet
  facet normal -0.972373 -0.233433 0
    outer loop
      vertex 69.3803 52.8503 0
      vertex 69.3217 53.0944 2
      vertex 69.3217 53.0944 0
    endloop
  endfacet
  facet normal -0.972373 -0.233433 0
    outer loop
      vertex 69.3217 53.0944 2
      vertex 69.3803 52.8503 0
      vertex 69.3803 52.8503 2
    endloop
  endfacet
  facet normal -0.996917 -0.0784629 0
    outer loop
      vertex 69.4 52.6 0
      vertex 69.3803 52.8503 2
      vertex 69.3803 52.8503 0
    endloop
  endfacet
  facet normal -0.996917 -0.0784629 0
    outer loop
      vertex 69.3803 52.8503 2
      vertex 69.4 52.6 0
      vertex 69.4 52.6 2
    endloop
  endfacet
  facet normal 0.923876 0.382692 0
    outer loop
      vertex 66.3744 51.8736 2
      vertex 66.2783 52.1056 0
      vertex 66.2783 52.1056 2
    endloop
  endfacet
  facet normal 0.923876 0.382692 0
    outer loop
      vertex 66.2783 52.1056 0
      vertex 66.3744 51.8736 2
      vertex 66.3744 51.8736 0
    endloop
  endfacet
  facet normal 0.760493 0.649347 0
    outer loop
      vertex 66.6686 51.4686 2
      vertex 66.5056 51.6595 0
      vertex 66.5056 51.6595 2
    endloop
  endfacet
  facet normal 0.760493 0.649347 0
    outer loop
      vertex 66.5056 51.6595 0
      vertex 66.6686 51.4686 2
      vertex 66.6686 51.4686 0
    endloop
  endfacet
  facet normal -0.382692 -0.923876 0
    outer loop
      vertex 68.2944 54.1217 0
      vertex 68.5264 54.0256 2
      vertex 68.2944 54.1217 2
    endloop
  endfacet
  facet normal -0.382692 -0.923876 -0
    outer loop
      vertex 68.5264 54.0256 2
      vertex 68.2944 54.1217 0
      vertex 68.5264 54.0256 0
    endloop
  endfacet
  facet normal -0.522497 0.852641 0
    outer loop
      vertex 68.7405 51.3056 0
      vertex 68.5264 51.1744 2
      vertex 68.7405 51.3056 2
    endloop
  endfacet
  facet normal -0.522497 0.852641 0
    outer loop
      vertex 68.5264 51.1744 2
      vertex 68.7405 51.3056 0
      vertex 68.5264 51.1744 0
    endloop
  endfacet
  facet normal 0.760493 -0.649347 0
    outer loop
      vertex 66.5056 53.5405 2
      vertex 66.6686 53.7314 0
      vertex 66.6686 53.7314 2
    endloop
  endfacet
  facet normal 0.760493 -0.649347 0
    outer loop
      vertex 66.6686 53.7314 0
      vertex 66.5056 53.5405 2
      vertex 66.5056 53.5405 0
    endloop
  endfacet
  facet normal 0.382692 -0.923876 0
    outer loop
      vertex 67.0736 54.0256 0
      vertex 67.3056 54.1217 2
      vertex 67.0736 54.0256 2
    endloop
  endfacet
  facet normal 0.382692 -0.923876 0
    outer loop
      vertex 67.3056 54.1217 2
      vertex 67.0736 54.0256 0
      vertex 67.3056 54.1217 0
    endloop
  endfacet
  facet normal -0.0784629 0.996917 0
    outer loop
      vertex 68.0503 51.0197 0
      vertex 67.8 51 2
      vertex 68.0503 51.0197 2
    endloop
  endfacet
  facet normal -0.0784629 0.996917 0
    outer loop
      vertex 67.8 51 2
      vertex 68.0503 51.0197 0
      vertex 67.8 51 0
    endloop
  endfacet
  facet normal -0.382692 0.923876 0
    outer loop
      vertex 68.5264 51.1744 0
      vertex 68.2944 51.0783 2
      vertex 68.5264 51.1744 2
    endloop
  endfacet
  facet normal -0.382692 0.923876 0
    outer loop
      vertex 68.2944 51.0783 2
      vertex 68.5264 51.1744 0
      vertex 68.2944 51.0783 0
    endloop
  endfacet
  facet normal -0.760493 -0.649347 0
    outer loop
      vertex 69.0944 53.5405 0
      vertex 68.9314 53.7314 2
      vertex 68.9314 53.7314 0
    endloop
  endfacet
  facet normal -0.760493 -0.649347 0
    outer loop
      vertex 68.9314 53.7314 2
      vertex 69.0944 53.5405 0
      vertex 69.0944 53.5405 2
    endloop
  endfacet
  facet normal -0.760493 0.649347 0
    outer loop
      vertex 68.9314 51.4686 0
      vertex 69.0944 51.6595 2
      vertex 69.0944 51.6595 0
    endloop
  endfacet
  facet normal -0.760493 0.649347 0
    outer loop
      vertex 69.0944 51.6595 2
      vertex 68.9314 51.4686 0
      vertex 68.9314 51.4686 2
    endloop
  endfacet
  facet normal 0.233433 -0.972373 0
    outer loop
      vertex 67.3056 54.1217 0
      vertex 67.5497 54.1803 2
      vertex 67.3056 54.1217 2
    endloop
  endfacet
  facet normal 0.233433 -0.972373 0
    outer loop
      vertex 67.5497 54.1803 2
      vertex 67.3056 54.1217 0
      vertex 67.5497 54.1803 0
    endloop
  endfacet
  facet normal 0.522497 0.852641 -0
    outer loop
      vertex 67.0736 51.1744 0
      vertex 66.8595 51.3056 2
      vertex 67.0736 51.1744 2
    endloop
  endfacet
  facet normal 0.522497 0.852641 0
    outer loop
      vertex 66.8595 51.3056 2
      vertex 67.0736 51.1744 0
      vertex 66.8595 51.3056 0
    endloop
  endfacet
  facet normal 0.972373 -0.233433 0
    outer loop
      vertex 66.2197 52.8503 2
      vertex 66.2783 53.0944 0
      vertex 66.2783 53.0944 2
    endloop
  endfacet
  facet normal 0.972373 -0.233433 0
    outer loop
      vertex 66.2783 53.0944 0
      vertex 66.2197 52.8503 2
      vertex 66.2197 52.8503 0
    endloop
  endfacet
  facet normal -0.233433 -0.972373 0
    outer loop
      vertex 68.0503 54.1803 0
      vertex 68.2944 54.1217 2
      vertex 68.0503 54.1803 2
    endloop
  endfacet
  facet normal -0.233433 -0.972373 -0
    outer loop
      vertex 68.2944 54.1217 2
      vertex 68.0503 54.1803 0
      vertex 68.2944 54.1217 0
    endloop
  endfacet
  facet normal 0.972373 0.233433 0
    outer loop
      vertex 66.2783 52.1056 2
      vertex 66.2197 52.3497 0
      vertex 66.2197 52.3497 2
    endloop
  endfacet
  facet normal 0.972373 0.233433 0
    outer loop
      vertex 66.2197 52.3497 0
      vertex 66.2783 52.1056 2
      vertex 66.2783 52.1056 0
    endloop
  endfacet
  facet normal -0.852641 0.522497 0
    outer loop
      vertex 69.0944 51.6595 0
      vertex 69.2256 51.8736 2
      vertex 69.2256 51.8736 0
    endloop
  endfacet
  facet normal -0.852641 0.522497 0
    outer loop
      vertex 69.2256 51.8736 2
      vertex 69.0944 51.6595 0
      vertex 69.0944 51.6595 2
    endloop
  endfacet
  facet normal -0.923876 0.382692 0
    outer loop
      vertex 69.2256 51.8736 0
      vertex 69.3217 52.1056 2
      vertex 69.3217 52.1056 0
    endloop
  endfacet
  facet normal -0.923876 0.382692 0
    outer loop
      vertex 69.3217 52.1056 2
      vertex 69.2256 51.8736 0
      vertex 69.2256 51.8736 2
    endloop
  endfacet
  facet normal 0.996917 0.0784629 0
    outer loop
      vertex 66.2197 52.3497 2
      vertex 66.2 52.6 0
      vertex 66.2 52.6 2
    endloop
  endfacet
  facet normal 0.996917 0.0784629 0
    outer loop
      vertex 66.2 52.6 0
      vertex 66.2197 52.3497 2
      vertex 66.2197 52.3497 0
    endloop
  endfacet
  facet normal 0.522497 -0.852641 0
    outer loop
      vertex 66.8595 53.8944 0
      vertex 67.0736 54.0256 2
      vertex 66.8595 53.8944 2
    endloop
  endfacet
  facet normal 0.522497 -0.852641 0
    outer loop
      vertex 67.0736 54.0256 2
      vertex 66.8595 53.8944 0
      vertex 67.0736 54.0256 0
    endloop
  endfacet
  facet normal -0.649347 -0.760493 0
    outer loop
      vertex 68.7405 53.8944 0
      vertex 68.9314 53.7314 2
      vertex 68.7405 53.8944 2
    endloop
  endfacet
  facet normal -0.649347 -0.760493 -0
    outer loop
      vertex 68.9314 53.7314 2
      vertex 68.7405 53.8944 0
      vertex 68.9314 53.7314 0
    endloop
  endfacet
  facet normal 0.0784629 -0.996917 0
    outer loop
      vertex 67.5497 54.1803 0
      vertex 67.8 54.2 2
      vertex 67.5497 54.1803 2
    endloop
  endfacet
  facet normal 0.0784629 -0.996917 0
    outer loop
      vertex 67.8 54.2 2
      vertex 67.5497 54.1803 0
      vertex 67.8 54.2 0
    endloop
  endfacet
  facet normal -0.522497 -0.852641 0
    outer loop
      vertex 68.5264 54.0256 0
      vertex 68.7405 53.8944 2
      vertex 68.5264 54.0256 2
    endloop
  endfacet
  facet normal -0.522497 -0.852641 -0
    outer loop
      vertex 68.7405 53.8944 2
      vertex 68.5264 54.0256 0
      vertex 68.7405 53.8944 0
    endloop
  endfacet
  facet normal -0.996917 0.0784629 0
    outer loop
      vertex 69.3803 52.3497 0
      vertex 69.4 52.6 2
      vertex 69.4 52.6 0
    endloop
  endfacet
  facet normal -0.996917 0.0784629 0
    outer loop
      vertex 69.4 52.6 2
      vertex 69.3803 52.3497 0
      vertex 69.3803 52.3497 2
    endloop
  endfacet
  facet normal -0.972373 0.233433 0
    outer loop
      vertex 69.3217 52.1056 0
      vertex 69.3803 52.3497 2
      vertex 69.3803 52.3497 0
    endloop
  endfacet
  facet normal -0.972373 0.233433 0
    outer loop
      vertex 69.3803 52.3497 2
      vertex 69.3217 52.1056 0
      vertex 69.3217 52.1056 2
    endloop
  endfacet
  facet normal -0.0784629 -0.996917 0
    outer loop
      vertex 67.8 54.2 0
      vertex 68.0503 54.1803 2
      vertex 67.8 54.2 2
    endloop
  endfacet
  facet normal -0.0784629 -0.996917 -0
    outer loop
      vertex 68.0503 54.1803 2
      vertex 67.8 54.2 0
      vertex 68.0503 54.1803 0
    endloop
  endfacet
  facet normal 0.852641 0.522497 0
    outer loop
      vertex 66.5056 51.6595 2
      vertex 66.3744 51.8736 0
      vertex 66.3744 51.8736 2
    endloop
  endfacet
  facet normal 0.852641 0.522497 0
    outer loop
      vertex 66.3744 51.8736 0
      vertex 66.5056 51.6595 2
      vertex 66.5056 51.6595 0
    endloop
  endfacet
  facet normal 0.852641 -0.522497 0
    outer loop
      vertex 66.3744 53.3264 2
      vertex 66.5056 53.5405 0
      vertex 66.5056 53.5405 2
    endloop
  endfacet
  facet normal 0.852641 -0.522497 0
    outer loop
      vertex 66.5056 53.5405 0
      vertex 66.3744 53.3264 2
      vertex 66.3744 53.3264 0
    endloop
  endfacet
  facet normal 0.923876 -0.382692 0
    outer loop
      vertex 66.2783 53.0944 2
      vertex 66.3744 53.3264 0
      vertex 66.3744 53.3264 2
    endloop
  endfacet
  facet normal 0.923876 -0.382692 0
    outer loop
      vertex 66.3744 53.3264 0
      vertex 66.2783 53.0944 2
      vertex 66.2783 53.0944 0
    endloop
  endfacet
  facet normal 0.0784629 0.996917 -0
    outer loop
      vertex 67.8 51 0
      vertex 67.5497 51.0197 2
      vertex 67.8 51 2
    endloop
  endfacet
  facet normal 0.0784629 0.996917 0
    outer loop
      vertex 67.5497 51.0197 2
      vertex 67.8 51 0
      vertex 67.5497 51.0197 0
    endloop
  endfacet
  facet normal 0.233433 0.972373 -0
    outer loop
      vertex 67.5497 51.0197 0
      vertex 67.3056 51.0783 2
      vertex 67.5497 51.0197 2
    endloop
  endfacet
  facet normal 0.233433 0.972373 0
    outer loop
      vertex 67.3056 51.0783 2
      vertex 67.5497 51.0197 0
      vertex 67.3056 51.0783 0
    endloop
  endfacet
  facet normal 0.649347 -0.760493 0
    outer loop
      vertex 66.6686 53.7314 0
      vertex 66.8595 53.8944 2
      vertex 66.6686 53.7314 2
    endloop
  endfacet
  facet normal 0.649347 -0.760493 0
    outer loop
      vertex 66.8595 53.8944 2
      vertex 66.6686 53.7314 0
      vertex 66.8595 53.8944 0
    endloop
  endfacet
  facet normal -0.852641 -0.522497 0
    outer loop
      vertex 69.2256 53.3264 0
      vertex 69.0944 53.5405 2
      vertex 69.0944 53.5405 0
    endloop
  endfacet
  facet normal -0.852641 -0.522497 0
    outer loop
      vertex 69.0944 53.5405 2
      vertex 69.2256 53.3264 0
      vertex 69.2256 53.3264 2
    endloop
  endfacet
  facet normal -0.923876 -0.382692 0
    outer loop
      vertex 69.3217 53.0944 0
      vertex 69.2256 53.3264 2
      vertex 69.2256 53.3264 0
    endloop
  endfacet
  facet normal -0.923876 -0.382692 0
    outer loop
      vertex 69.2256 53.3264 2
      vertex 69.3217 53.0944 0
      vertex 69.3217 53.0944 2
    endloop
  endfacet
  facet normal -0.649347 0.760493 0
    outer loop
      vertex 68.9314 51.4686 0
      vertex 68.7405 51.3056 2
      vertex 68.9314 51.4686 2
    endloop
  endfacet
  facet normal -0.649347 0.760493 0
    outer loop
      vertex 68.7405 51.3056 2
      vertex 68.9314 51.4686 0
      vertex 68.7405 51.3056 0
    endloop
  endfacet
  facet normal 0.649347 0.760493 -0
    outer loop
      vertex 66.8595 51.3056 0
      vertex 66.6686 51.4686 2
      vertex 66.8595 51.3056 2
    endloop
  endfacet
  facet normal 0.649347 0.760493 0
    outer loop
      vertex 66.6686 51.4686 2
      vertex 66.8595 51.3056 0
      vertex 66.6686 51.4686 0
    endloop
  endfacet
  facet normal 0.382692 0.923876 -0
    outer loop
      vertex 67.3056 51.0783 0
      vertex 67.0736 51.1744 2
      vertex 67.3056 51.0783 2
    endloop
  endfacet
  facet normal 0.382692 0.923876 0
    outer loop
      vertex 67.0736 51.1744 2
      vertex 67.3056 51.0783 0
      vertex 67.0736 51.1744 0
    endloop
  endfacet
  facet normal 0.996917 -0.0784629 0
    outer loop
      vertex 66.2 52.6 2
      vertex 66.2197 52.8503 0
      vertex 66.2197 52.8503 2
    endloop
  endfacet
  facet normal 0.996917 -0.0784629 0
    outer loop
      vertex 66.2197 52.8503 0
      vertex 66.2 52.6 2
      vertex 66.2 52.6 0
    endloop
  endfacet
  facet normal 1 -0 0
    outer loop
      vertex 73.8 0 6
      vertex 73.8 58.6 0
      vertex 73.8 58.6 6
    endloop
  endfacet
  facet normal 1 0 0
    outer loop
      vertex 73.8 58.6 0
      vertex 73.8 0 6
      vertex 73.8 0 0
    endloop
  endfacet
  facet normal 0 0 1
    outer loop
      vertex 73.8 58.6 6
      vertex 71.8 56.6 6
      vertex 73.8 0 6
    endloop
  endfacet
  facet normal -0 0 1
    outer loop
      vertex 0 58.6 6
      vertex 71.8 56.6 6
      vertex 73.8 58.6 6
    endloop
  endfacet
  facet normal 0 0 1
    outer loop
      vertex 71.8 56.6 6
      vertex 0 58.6 6
      vertex 0 56.6 6
    endloop
  endfacet
  facet normal -0 0 1
    outer loop
      vertex 71.8 2 6
      vertex 73.8 0 6
      vertex 71.8 56.6 6
    endloop
  endfacet
  facet normal 0 0 1
    outer loop
      vertex 0 0 6
      vertex 71.8 2 6
      vertex 0 2 6
    endloop
  endfacet
  facet normal 0 0 1
    outer loop
      vertex 71.8 2 6
      vertex 0 0 6
      vertex 73.8 0 6
    endloop
  endfacet
  facet normal 0 0 -1
    outer loop
      vertex 66.3744 6.72638 0
      vertex 7.42561 6.72638 0
      vertex 66.5056 6.94046 0
    endloop
  endfacet
  facet normal 0 0 -1
    outer loop
      vertex 66.5056 51.6595 0
      vertex 7.5803 52.3497 0
      vertex 7.6 52.6 0
    endloop
  endfacet
  facet normal 0 0 -1
    outer loop
      vertex 7.29443 6.94046 0
      vertex 66.5056 6.94046 0
      vertex 7.42561 6.72638 0
    endloop
  endfacet
  facet normal 0 0 -1
    outer loop
      vertex 66.5056 51.6595 0
      vertex 7.52169 52.1056 0
      vertex 7.5803 52.3497 0
    endloop
  endfacet
  facet normal 0 0 -1
    outer loop
      vertex 66.5056 6.94046 0
      vertex 7.29443 6.94046 0
      vertex 66.5056 51.6595 0
    endloop
  endfacet
  facet normal 0 0 -1
    outer loop
      vertex 66.5056 51.6595 0
      vertex 7.42561 51.8736 0
      vertex 7.52169 52.1056 0
    endloop
  endfacet
  facet normal 0 0 -1
    outer loop
      vertex 7.29443 51.6595 0
      vertex 66.5056 51.6595 0
      vertex 7.29443 6.94046 0
    endloop
  endfacet
  facet normal 0 0 -1
    outer loop
      vertex 66.5056 51.6595 0
      vertex 7.29443 51.6595 0
      vertex 7.42561 51.8736 0
    endloop
  endfacet
  facet normal 0 0 -1
    outer loop
      vertex 7.13137 7.13137 0
      vertex 7.29443 51.6595 0
      vertex 7.29443 6.94046 0
    endloop
  endfacet
  facet normal 0 0 -1
    outer loop
      vertex 7.13137 7.13137 0
      vertex 7.13137 51.4686 0
      vertex 7.29443 51.6595 0
    endloop
  endfacet
  facet normal 0 0 -1
    outer loop
      vertex 6.94046 7.29443 0
      vertex 7.13137 51.4686 0
      vertex 7.13137 7.13137 0
    endloop
  endfacet
  facet normal 0 0 -1
    outer loop
      vertex 6.94046 7.29443 0
      vertex 6.94046 51.3056 0
      vertex 7.13137 51.4686 0
    endloop
  endfacet
  facet normal 0 0 -1
    outer loop
      vertex 6.72638 7.42561 0
      vertex 6.94046 51.3056 0
      vertex 6.94046 7.29443 0
    endloop
  endfacet
  facet normal 0 0 -1
    outer loop
      vertex 6.72638 7.42561 0
      vertex 6.72638 51.1744 0
      vertex 6.94046 51.3056 0
    endloop
  endfacet
  facet normal 0 0 -1
    outer loop
      vertex 6.49443 7.52169 0
      vertex 6.72638 51.1744 0
      vertex 6.72638 7.42561 0
    endloop
  endfacet
  facet normal 0 0 -1
    outer loop
      vertex 6.49443 7.52169 0
      vertex 6.49443 51.0783 0
      vertex 6.72638 51.1744 0
    endloop
  endfacet
  facet normal 0 0 -1
    outer loop
      vertex 6.25029 7.5803 0
      vertex 6.49443 51.0783 0
      vertex 6.49443 7.52169 0
    endloop
  endfacet
  facet normal 0 0 -1
    outer loop
      vertex 6.25029 7.5803 0
      vertex 6.25029 51.0197 0
      vertex 6.49443 51.0783 0
    endloop
  endfacet
  facet normal 0 0 -1
    outer loop
      vertex 6 7.6 0
      vertex 6.25029 51.0197 0
      vertex 6.25029 7.5803 0
    endloop
  endfacet
  facet normal 0 0 -1
    outer loop
      vertex 6 7.6 0
      vertex 6 51 0
      vertex 6.25029 51.0197 0
    endloop
  endfacet
  facet normal 0 0 -1
    outer loop
      vertex 5.7497 7.5803 0
      vertex 6 51 0
      vertex 6 7.6 0
    endloop
  endfacet
  facet normal 0 0 -1
    outer loop
      vertex 5.7497 7.5803 0
      vertex 5.7497 51.0197 0
      vertex 6 51 0
    endloop
  endfacet
  facet normal 0 0 -1
    outer loop
      vertex 5.50557 7.52169 0
      vertex 5.7497 51.0197 0
      vertex 5.7497 7.5803 0
    endloop
  endfacet
  facet normal 0 0 -1
    outer loop
      vertex 5.50557 7.52169 0
      vertex 5.50557 51.0783 0
      vertex 5.7497 51.0197 0
    endloop
  endfacet
  facet normal 0 0 -1
    outer loop
      vertex 5.27361 7.42561 0
      vertex 5.50557 51.0783 0
      vertex 5.50557 7.52169 0
    endloop
  endfacet
  facet normal 0 0 -1
    outer loop
      vertex 5.27361 7.42561 0
      vertex 5.27361 51.1744 0
      vertex 5.50557 51.0783 0
    endloop
  endfacet
  facet normal 0 0 -1
    outer loop
      vertex 5.05954 7.29443 0
      vertex 5.27361 51.1744 0
      vertex 5.27361 7.42561 0
    endloop
  endfacet
  facet normal 0 0 -1
    outer loop
      vertex 5.05954 7.29443 0
      vertex 5.05954 51.3056 0
      vertex 5.27361 51.1744 0
    endloop
  endfacet
  facet normal 0 0 -1
    outer loop
      vertex 4.86863 7.13137 0
      vertex 5.05954 51.3056 0
      vertex 5.05954 7.29443 0
    endloop
  endfacet
  facet normal 0 0 -1
    outer loop
      vertex 4.86863 7.13137 0
      vertex 4.86863 51.4686 0
      vertex 5.05954 51.3056 0
    endloop
  endfacet
  facet normal 0 0 -1
    outer loop
      vertex 4.70557 6.94046 0
      vertex 4.86863 51.4686 0
      vertex 4.86863 7.13137 0
    endloop
  endfacet
  facet normal 0 0 -1
    outer loop
      vertex 4.70557 6.94046 0
      vertex 4.70557 51.6595 0
      vertex 4.86863 51.4686 0
    endloop
  endfacet
  facet normal 0 0 -1
    outer loop
      vertex 4.57439 6.72638 0
      vertex 4.70557 51.6595 0
      vertex 4.70557 6.94046 0
    endloop
  endfacet
  facet normal 0 0 -1
    outer loop
      vertex 4.57439 6.72638 0
      vertex 4.57439 51.8736 0
      vertex 4.70557 51.6595 0
    endloop
  endfacet
  facet normal 0 0 -1
    outer loop
      vertex 0 0 0
      vertex 4.57439 6.72638 0
      vertex 4.47831 6.49443 0
    endloop
  endfacet
  facet normal -0 0 -1
    outer loop
      vertex 4.57439 6.72638 0
      vertex 0 0 0
      vertex 4.57439 51.8736 0
    endloop
  endfacet
  facet normal 0 0 -1
    outer loop
      vertex 0 0 0
      vertex 4.47831 6.49443 0
      vertex 4.4197 6.25029 0
    endloop
  endfacet
  facet normal 0 0 -1
    outer loop
      vertex 0 58.6 0
      vertex 4.57439 51.8736 0
      vertex 0 0 0
    endloop
  endfacet
  facet normal 0 0 -1
    outer loop
      vertex 0 0 0
      vertex 4.4197 6.25029 0
      vertex 4.4 6 0
    endloop
  endfacet
  facet normal 0 0 -1
    outer loop
      vertex 4.57439 51.8736 0
      vertex 0 58.6 0
      vertex 4.47831 52.1056 0
    endloop
  endfacet
  facet normal 0 0 -1
    outer loop
      vertex 69.2256 6.72638 0
      vertex 73.8 0 0
      vertex 69.3217 6.49443 0
    endloop
  endfacet
  facet normal 0 0 -1
    outer loop
      vertex 73.8 58.6 0
      vertex 69.3803 52.3497 0
      vertex 69.4 52.6 0
    endloop
  endfacet
  facet normal 0 0 -1
    outer loop
      vertex 73.8 0 0
      vertex 69.2256 6.72638 0
      vertex 73.8 58.6 0
    endloop
  endfacet
  facet normal 0 0 -1
    outer loop
      vertex 73.8 58.6 0
      vertex 69.3217 52.1056 0
      vertex 69.3803 52.3497 0
    endloop
  endfacet
  facet normal 0 0 -1
    outer loop
      vertex 69.2256 51.8736 0
      vertex 73.8 58.6 0
      vertex 69.2256 6.72638 0
    endloop
  endfacet
  facet normal 0 0 -1
    outer loop
      vertex 73.8 58.6 0
      vertex 69.2256 51.8736 0
      vertex 69.3217 52.1056 0
    endloop
  endfacet
  facet normal 0 0 -1
    outer loop
      vertex 69.0944 6.94046 0
      vertex 69.2256 51.8736 0
      vertex 69.2256 6.72638 0
    endloop
  endfacet
  facet normal 0 0 -1
    outer loop
      vertex 69.0944 6.94046 0
      vertex 69.0944 51.6595 0
      vertex 69.2256 51.8736 0
    endloop
  endfacet
  facet normal 0 0 -1
    outer loop
      vertex 68.9314 7.13137 0
      vertex 69.0944 51.6595 0
      vertex 69.0944 6.94046 0
    endloop
  endfacet
  facet normal 0 0 -1
    outer loop
      vertex 68.9314 7.13137 0
      vertex 68.9314 51.4686 0
      vertex 69.0944 51.6595 0
    endloop
  endfacet
  facet normal 0 0 -1
    outer loop
      vertex 68.7405 7.29443 0
      vertex 68.9314 51.4686 0
      vertex 68.9314 7.13137 0
    endloop
  endfacet
  facet normal 0 0 -1
    outer loop
      vertex 68.7405 7.29443 0
      vertex 68.7405 51.3056 0
      vertex 68.9314 51.4686 0
    endloop
  endfacet
  facet normal 0 0 -1
    outer loop
      vertex 68.5264 7.42561 0
      vertex 68.7405 51.3056 0
      vertex 68.7405 7.29443 0
    endloop
  endfacet
  facet normal 0 0 -1
    outer loop
      vertex 68.5264 7.42561 0
      vertex 68.5264 51.1744 0
      vertex 68.7405 51.3056 0
    endloop
  endfacet
  facet normal 0 0 -1
    outer loop
      vertex 68.2944 7.52169 0
      vertex 68.5264 51.1744 0
      vertex 68.5264 7.42561 0
    endloop
  endfacet
  facet normal 0 0 -1
    outer loop
      vertex 68.2944 7.52169 0
      vertex 68.2944 51.0783 0
      vertex 68.5264 51.1744 0
    endloop
  endfacet
  facet normal 0 0 -1
    outer loop
      vertex 68.0503 7.5803 0
      vertex 68.2944 51.0783 0
      vertex 68.2944 7.52169 0
    endloop
  endfacet
  facet normal 0 0 -1
    outer loop
      vertex 68.0503 7.5803 0
      vertex 68.0503 51.0197 0
      vertex 68.2944 51.0783 0
    endloop
  endfacet
  facet normal 0 0 -1
    outer loop
      vertex 67.8 7.6 0
      vertex 68.0503 51.0197 0
      vertex 68.0503 7.5803 0
    endloop
  endfacet
  facet normal 0 0 -1
    outer loop
      vertex 67.8 7.6 0
      vertex 67.8 51 0
      vertex 68.0503 51.0197 0
    endloop
  endfacet
  facet normal 0 0 -1
    outer loop
      vertex 67.5497 7.5803 0
      vertex 67.8 51 0
      vertex 67.8 7.6 0
    endloop
  endfacet
  facet normal 0 0 -1
    outer loop
      vertex 67.5497 7.5803 0
      vertex 67.5497 51.0197 0
      vertex 67.8 51 0
    endloop
  endfacet
  facet normal 0 0 -1
    outer loop
      vertex 67.3056 7.52169 0
      vertex 67.5497 51.0197 0
      vertex 67.5497 7.5803 0
    endloop
  endfacet
  facet normal 0 0 -1
    outer loop
      vertex 67.3056 7.52169 0
      vertex 67.3056 51.0783 0
      vertex 67.5497 51.0197 0
    endloop
  endfacet
  facet normal 0 0 -1
    outer loop
      vertex 67.0736 7.42561 0
      vertex 67.3056 51.0783 0
      vertex 67.3056 7.52169 0
    endloop
  endfacet
  facet normal 0 0 -1
    outer loop
      vertex 67.0736 7.42561 0
      vertex 67.0736 51.1744 0
      vertex 67.3056 51.0783 0
    endloop
  endfacet
  facet normal 0 0 -1
    outer loop
      vertex 66.8595 7.29443 0
      vertex 67.0736 51.1744 0
      vertex 67.0736 7.42561 0
    endloop
  endfacet
  facet normal 0 0 -1
    outer loop
      vertex 66.8595 7.29443 0
      vertex 66.8595 51.3056 0
      vertex 67.0736 51.1744 0
    endloop
  endfacet
  facet normal 0 0 -1
    outer loop
      vertex 66.6686 7.13137 0
      vertex 66.8595 51.3056 0
      vertex 66.8595 7.29443 0
    endloop
  endfacet
  facet normal 0 0 -1
    outer loop
      vertex 66.6686 7.13137 0
      vertex 66.6686 51.4686 0
      vertex 66.8595 51.3056 0
    endloop
  endfacet
  facet normal 0 0 -1
    outer loop
      vertex 66.5056 6.94046 0
      vertex 66.6686 51.4686 0
      vertex 66.6686 7.13137 0
    endloop
  endfacet
  facet normal 0 0 -1
    outer loop
      vertex 66.5056 6.94046 0
      vertex 66.5056 51.6595 0
      vertex 66.6686 51.4686 0
    endloop
  endfacet
  facet normal 0 0 -1
    outer loop
      vertex 7.52169 6.49443 0
      vertex 66.2783 6.49443 0
      vertex 7.5803 6.25029 0
    endloop
  endfacet
  facet normal 0 0 -1
    outer loop
      vertex 66.2783 6.49443 0
      vertex 7.52169 6.49443 0
      vertex 66.3744 6.72638 0
    endloop
  endfacet
  facet normal 0 0 -1
    outer loop
      vertex 66.2197 6.25029 0
      vertex 7.5803 6.25029 0
      vertex 66.2783 6.49443 0
    endloop
  endfacet
  facet normal 0 0 -1
    outer loop
      vertex 7.42561 6.72638 0
      vertex 66.3744 6.72638 0
      vertex 7.52169 6.49443 0
    endloop
  endfacet
  facet normal 0 0 -1
    outer loop
      vertex 7.5803 6.25029 0
      vertex 66.2197 6.25029 0
      vertex 7.6 6 0
    endloop
  endfacet
  facet normal 0 0 -1
    outer loop
      vertex 66.5056 51.6595 0
      vertex 7.6 52.6 0
      vertex 66.3744 51.8736 0
    endloop
  endfacet
  facet normal 0 0 -1
    outer loop
      vertex 7.6 6 0
      vertex 66.2197 6.25029 0
      vertex 66.2 6 0
    endloop
  endfacet
  facet normal 0 0 -1
    outer loop
      vertex 66.3744 51.8736 0
      vertex 7.6 52.6 0
      vertex 66.2783 52.1056 0
    endloop
  endfacet
  facet normal 0 0 -1
    outer loop
      vertex 69.3803 6.25029 0
      vertex 73.8 0 0
      vertex 69.4 6 0
    endloop
  endfacet
  facet normal 0 0 -1
    outer loop
      vertex 73.8 0 0
      vertex 69.3803 5.7497 0
      vertex 69.4 6 0
    endloop
  endfacet
  facet normal 0 0 -1
    outer loop
      vertex 73.8 0 0
      vertex 69.3217 5.50557 0
      vertex 69.3803 5.7497 0
    endloop
  endfacet
  facet normal 0 0 -1
    outer loop
      vertex 73.8 0 0
      vertex 69.2256 5.27361 0
      vertex 69.3217 5.50557 0
    endloop
  endfacet
  facet normal 0 0 -1
    outer loop
      vertex 73.8 0 0
      vertex 69.0944 5.05954 0
      vertex 69.2256 5.27361 0
    endloop
  endfacet
  facet normal 0 0 -1
    outer loop
      vertex 73.8 0 0
      vertex 68.9314 4.86863 0
      vertex 69.0944 5.05954 0
    endloop
  endfacet
  facet normal 0 0 -1
    outer loop
      vertex 73.8 0 0
      vertex 68.7405 4.70557 0
      vertex 68.9314 4.86863 0
    endloop
  endfacet
  facet normal 0 0 -1
    outer loop
      vertex 73.8 0 0
      vertex 68.5264 4.57439 0
      vertex 68.7405 4.70557 0
    endloop
  endfacet
  facet normal 0 0 -1
    outer loop
      vertex 73.8 0 0
      vertex 68.2944 4.47831 0
      vertex 68.5264 4.57439 0
    endloop
  endfacet
  facet normal 0 0 -1
    outer loop
      vertex 73.8 0 0
      vertex 68.0503 4.4197 0
      vertex 68.2944 4.47831 0
    endloop
  endfacet
  facet normal 0 0 -1
    outer loop
      vertex 73.8 0 0
      vertex 67.8 4.4 0
      vertex 68.0503 4.4197 0
    endloop
  endfacet
  facet normal 0 0 -1
    outer loop
      vertex 73.8 0 0
      vertex 67.5497 4.4197 0
      vertex 67.8 4.4 0
    endloop
  endfacet
  facet normal 0 0 -1
    outer loop
      vertex 73.8 0 0
      vertex 67.3056 4.47831 0
      vertex 67.5497 4.4197 0
    endloop
  endfacet
  facet normal 0 0 -1
    outer loop
      vertex 73.8 0 0
      vertex 67.0736 4.57439 0
      vertex 67.3056 4.47831 0
    endloop
  endfacet
  facet normal 0 0 -1
    outer loop
      vertex 6.72638 4.57439 0
      vertex 67.0736 4.57439 0
      vertex 73.8 0 0
    endloop
  endfacet
  facet normal 0 0 -1
    outer loop
      vertex 66.2783 52.1056 0
      vertex 7.6 52.6 0
      vertex 66.2197 52.3497 0
    endloop
  endfacet
  facet normal 0 0 -1
    outer loop
      vertex 66.2197 5.7497 0
      vertex 7.6 6 0
      vertex 66.2 6 0
    endloop
  endfacet
  facet normal 0 0 -1
    outer loop
      vertex 7.5803 5.7497 0
      vertex 66.2197 5.7497 0
      vertex 66.2783 5.50557 0
    endloop
  endfacet
  facet normal 0 0 -1
    outer loop
      vertex 7.52169 5.50557 0
      vertex 66.2783 5.50557 0
      vertex 66.3744 5.27361 0
    endloop
  endfacet
  facet normal 0 0 -1
    outer loop
      vertex 7.42561 5.27361 0
      vertex 66.3744 5.27361 0
      vertex 66.5056 5.05954 0
    endloop
  endfacet
  facet normal 0 0 -1
    outer loop
      vertex 7.29443 5.05954 0
      vertex 66.5056 5.05954 0
      vertex 66.6686 4.86863 0
    endloop
  endfacet
  facet normal 0 0 -1
    outer loop
      vertex 7.13137 4.86863 0
      vertex 66.6686 4.86863 0
      vertex 66.8595 4.70557 0
    endloop
  endfacet
  facet normal 0 0 -1
    outer loop
      vertex 67.0736 4.57439 0
      vertex 6.72638 4.57439 0
      vertex 66.8595 4.70557 0
    endloop
  endfacet
  facet normal 0 0 -1
    outer loop
      vertex 66.2197 5.7497 0
      vertex 7.5803 5.7497 0
      vertex 7.6 6 0
    endloop
  endfacet
  facet normal 0 0 -1
    outer loop
      vertex 66.2783 5.50557 0
      vertex 7.52169 5.50557 0
      vertex 7.5803 5.7497 0
    endloop
  endfacet
  facet normal 0 0 -1
    outer loop
      vertex 66.3744 5.27361 0
      vertex 7.42561 5.27361 0
      vertex 7.52169 5.50557 0
    endloop
  endfacet
  facet normal 0 0 -1
    outer loop
      vertex 66.5056 5.05954 0
      vertex 7.29443 5.05954 0
      vertex 7.42561 5.27361 0
    endloop
  endfacet
  facet normal 0 0 -1
    outer loop
      vertex 66.6686 4.86863 0
      vertex 7.13137 4.86863 0
      vertex 7.29443 5.05954 0
    endloop
  endfacet
  facet normal 0 0 -1
    outer loop
      vertex 66.8595 4.70557 0
      vertex 6.94046 4.70557 0
      vertex 7.13137 4.86863 0
    endloop
  endfacet
  facet normal -0 0 -1
    outer loop
      vertex 66.8595 4.70557 0
      vertex 6.72638 4.57439 0
      vertex 6.94046 4.70557 0
    endloop
  endfacet
  facet normal 0 0 -1
    outer loop
      vertex 0 0 0
      vertex 6.72638 4.57439 0
      vertex 73.8 0 0
    endloop
  endfacet
  facet normal 0 0 -1
    outer loop
      vertex 6.72638 4.57439 0
      vertex 0 0 0
      vertex 6.49443 4.47831 0
    endloop
  endfacet
  facet normal 0 0 -1
    outer loop
      vertex 6.49443 4.47831 0
      vertex 0 0 0
      vertex 6.25029 4.4197 0
    endloop
  endfacet
  facet normal 0 0 -1
    outer loop
      vertex 4.47831 52.1056 0
      vertex 0 58.6 0
      vertex 4.4197 52.3497 0
    endloop
  endfacet
  facet normal -0 0 -1
    outer loop
      vertex 4.4197 5.7497 0
      vertex 0 0 0
      vertex 4.4 6 0
    endloop
  endfacet
  facet normal -0 0 -1
    outer loop
      vertex 4.47831 5.50557 0
      vertex 0 0 0
      vertex 4.4197 5.7497 0
    endloop
  endfacet
  facet normal -0 0 -1
    outer loop
      vertex 4.57439 5.27361 0
      vertex 0 0 0
      vertex 4.47831 5.50557 0
    endloop
  endfacet
  facet normal -0 0 -1
    outer loop
      vertex 4.70557 5.05954 0
      vertex 0 0 0
      vertex 4.57439 5.27361 0
    endloop
  endfacet
  facet normal -0 0 -1
    outer loop
      vertex 4.86863 4.86863 0
      vertex 0 0 0
      vertex 4.70557 5.05954 0
    endloop
  endfacet
  facet normal -0 0 -1
    outer loop
      vertex 5.05954 4.70557 0
      vertex 0 0 0
      vertex 4.86863 4.86863 0
    endloop
  endfacet
  facet normal -0 0 -1
    outer loop
      vertex 5.27361 4.57439 0
      vertex 0 0 0
      vertex 5.05954 4.70557 0
    endloop
  endfacet
  facet normal -0 0 -1
    outer loop
      vertex 5.50557 4.47831 0
      vertex 0 0 0
      vertex 5.27361 4.57439 0
    endloop
  endfacet
  facet normal -0 0 -1
    outer loop
      vertex 5.7497 4.4197 0
      vertex 0 0 0
      vertex 5.50557 4.47831 0
    endloop
  endfacet
  facet normal -0 0 -1
    outer loop
      vertex 6 4.4 0
      vertex 0 0 0
      vertex 5.7497 4.4197 0
    endloop
  endfacet
  facet normal 0 0 -1
    outer loop
      vertex 6.25029 4.4197 0
      vertex 0 0 0
      vertex 6 4.4 0
    endloop
  endfacet
  facet normal 0 0 -1
    outer loop
      vertex 69.3217 6.49443 0
      vertex 73.8 0 0
      vertex 69.3803 6.25029 0
    endloop
  endfacet
  facet normal 0 0 -1
    outer loop
      vertex 69.3803 52.8503 0
      vertex 73.8 58.6 0
      vertex 69.4 52.6 0
    endloop
  endfacet
  facet normal 0 0 -1
    outer loop
      vertex 69.3217 53.0944 0
      vertex 73.8 58.6 0
      vertex 69.3803 52.8503 0
    endloop
  endfacet
  facet normal 0 0 -1
    outer loop
      vertex 69.2256 53.3264 0
      vertex 73.8 58.6 0
      vertex 69.3217 53.0944 0
    endloop
  endfacet
  facet normal 0 0 -1
    outer loop
      vertex 69.0944 53.5405 0
      vertex 73.8 58.6 0
      vertex 69.2256 53.3264 0
    endloop
  endfacet
  facet normal 0 0 -1
    outer loop
      vertex 68.9314 53.7314 0
      vertex 73.8 58.6 0
      vertex 69.0944 53.5405 0
    endloop
  endfacet
  facet normal 0 0 -1
    outer loop
      vertex 68.7405 53.8944 0
      vertex 73.8 58.6 0
      vertex 68.9314 53.7314 0
    endloop
  endfacet
  facet normal 0 0 -1
    outer loop
      vertex 68.5264 54.0256 0
      vertex 73.8 58.6 0
      vertex 68.7405 53.8944 0
    endloop
  endfacet
  facet normal 0 0 -1
    outer loop
      vertex 68.2944 54.1217 0
      vertex 73.8 58.6 0
      vertex 68.5264 54.0256 0
    endloop
  endfacet
  facet normal 0 0 -1
    outer loop
      vertex 68.0503 54.1803 0
      vertex 73.8 58.6 0
      vertex 68.2944 54.1217 0
    endloop
  endfacet
  facet normal 0 0 -1
    outer loop
      vertex 67.8 54.2 0
      vertex 73.8 58.6 0
      vertex 68.0503 54.1803 0
    endloop
  endfacet
  facet normal 0 0 -1
    outer loop
      vertex 67.5497 54.1803 0
      vertex 73.8 58.6 0
      vertex 67.8 54.2 0
    endloop
  endfacet
  facet normal 0 0 -1
    outer loop
      vertex 67.3056 54.1217 0
      vertex 73.8 58.6 0
      vertex 67.5497 54.1803 0
    endloop
  endfacet
  facet normal 0 0 -1
    outer loop
      vertex 67.0736 54.0256 0
      vertex 73.8 58.6 0
      vertex 67.3056 54.1217 0
    endloop
  endfacet
  facet normal 0 0 -1
    outer loop
      vertex 6.72638 54.0256 0
      vertex 67.0736 54.0256 0
      vertex 66.8595 53.8944 0
    endloop
  endfacet
  facet normal 0 0 -1
    outer loop
      vertex 66.2197 52.3497 0
      vertex 7.6 52.6 0
      vertex 66.2 52.6 0
    endloop
  endfacet
  facet normal 0 0 -1
    outer loop
      vertex 66.2 52.6 0
      vertex 7.6 52.6 0
      vertex 66.2197 52.8503 0
    endloop
  endfacet
  facet normal 0 0 -1
    outer loop
      vertex 7.5803 52.8503 0
      vertex 66.2197 52.8503 0
      vertex 7.6 52.6 0
    endloop
  endfacet
  facet normal 0 0 -1
    outer loop
      vertex 66.2197 52.8503 0
      vertex 7.5803 52.8503 0
      vertex 66.2783 53.0944 0
    endloop
  endfacet
  facet normal 0 0 -1
    outer loop
      vertex 7.52169 53.0944 0
      vertex 66.2783 53.0944 0
      vertex 7.5803 52.8503 0
    endloop
  endfacet
  facet normal 0 0 -1
    outer loop
      vertex 66.2783 53.0944 0
      vertex 7.52169 53.0944 0
      vertex 66.3744 53.3264 0
    endloop
  endfacet
  facet normal 0 0 -1
    outer loop
      vertex 7.42561 53.3264 0
      vertex 66.3744 53.3264 0
      vertex 7.52169 53.0944 0
    endloop
  endfacet
  facet normal 0 0 -1
    outer loop
      vertex 66.3744 53.3264 0
      vertex 7.42561 53.3264 0
      vertex 66.5056 53.5405 0
    endloop
  endfacet
  facet normal 0 0 -1
    outer loop
      vertex 7.29443 53.5405 0
      vertex 66.5056 53.5405 0
      vertex 7.42561 53.3264 0
    endloop
  endfacet
  facet normal 0 0 -1
    outer loop
      vertex 66.5056 53.5405 0
      vertex 7.29443 53.5405 0
      vertex 66.6686 53.7314 0
    endloop
  endfacet
  facet normal 0 0 -1
    outer loop
      vertex 7.13137 53.7314 0
      vertex 66.6686 53.7314 0
      vertex 7.29443 53.5405 0
    endloop
  endfacet
  facet normal 0 0 -1
    outer loop
      vertex 66.6686 53.7314 0
      vertex 7.13137 53.7314 0
      vertex 66.8595 53.8944 0
    endloop
  endfacet
  facet normal 0 0 -1
    outer loop
      vertex 6.94046 53.8944 0
      vertex 66.8595 53.8944 0
      vertex 7.13137 53.7314 0
    endloop
  endfacet
  facet normal 0 0 -1
    outer loop
      vertex 6.72638 54.0256 0
      vertex 66.8595 53.8944 0
      vertex 6.94046 53.8944 0
    endloop
  endfacet
  facet normal 0 0 -1
    outer loop
      vertex 67.0736 54.0256 0
      vertex 6.72638 54.0256 0
      vertex 73.8 58.6 0
    endloop
  endfacet
  facet normal 0 0 -1
    outer loop
      vertex 0 58.6 0
      vertex 6.72638 54.0256 0
      vertex 6.49443 54.1217 0
    endloop
  endfacet
  facet normal 0 0 -1
    outer loop
      vertex 0 58.6 0
      vertex 6.49443 54.1217 0
      vertex 6.25029 54.1803 0
    endloop
  endfacet
  facet normal 0 0 -1
    outer loop
      vertex 0 58.6 0
      vertex 6.25029 54.1803 0
      vertex 6 54.2 0
    endloop
  endfacet
  facet normal 0 0 -1
    outer loop
      vertex 4.4197 52.3497 0
      vertex 0 58.6 0
      vertex 4.4 52.6 0
    endloop
  endfacet
  facet normal 0 0 -1
    outer loop
      vertex 6.72638 54.0256 0
      vertex 0 58.6 0
      vertex 73.8 58.6 0
    endloop
  endfacet
  facet normal 0 0 -1
    outer loop
      vertex 5.7497 54.1803 0
      vertex 0 58.6 0
      vertex 6 54.2 0
    endloop
  endfacet
  facet normal 0 0 -1
    outer loop
      vertex 5.50557 54.1217 0
      vertex 0 58.6 0
      vertex 5.7497 54.1803 0
    endloop
  endfacet
  facet normal 0 0 -1
    outer loop
      vertex 5.27361 54.0256 0
      vertex 0 58.6 0
      vertex 5.50557 54.1217 0
    endloop
  endfacet
  facet normal 0 0 -1
    outer loop
      vertex 5.05954 53.8944 0
      vertex 0 58.6 0
      vertex 5.27361 54.0256 0
    endloop
  endfacet
  facet normal 0 0 -1
    outer loop
      vertex 4.86863 53.7314 0
      vertex 0 58.6 0
      vertex 5.05954 53.8944 0
    endloop
  endfacet
  facet normal 0 0 -1
    outer loop
      vertex 4.70557 53.5405 0
      vertex 0 58.6 0
      vertex 4.86863 53.7314 0
    endloop
  endfacet
  facet normal 0 0 -1
    outer loop
      vertex 4.57439 53.3264 0
      vertex 0 58.6 0
      vertex 4.70557 53.5405 0
    endloop
  endfacet
  facet normal 0 0 -1
    outer loop
      vertex 4.47831 53.0944 0
      vertex 0 58.6 0
      vertex 4.57439 53.3264 0
    endloop
  endfacet
  facet normal 0 0 -1
    outer loop
      vertex 4.4197 52.8503 0
      vertex 0 58.6 0
      vertex 4.47831 53.0944 0
    endloop
  endfacet
  facet normal 0 0 -1
    outer loop
      vertex 4.4 52.6 0
      vertex 0 58.6 0
      vertex 4.4197 52.8503 0
    endloop
  endfacet
  facet normal -1 0 0
    outer loop
      vertex 0 58.6 0
      vertex 0 56.6 2
      vertex 0 58.6 6
    endloop
  endfacet
  facet normal -1 0 0
    outer loop
      vertex 0 58.6 0
      vertex 0 2 2
      vertex 0 56.6 2
    endloop
  endfacet
  facet normal -1 0 0
    outer loop
      vertex 0 0 0
      vertex 0 2 2
      vertex 0 58.6 0
    endloop
  endfacet
  facet normal -1 0 0
    outer loop
      vertex 0 0 6
      vertex 0 2 2
      vertex 0 0 0
    endloop
  endfacet
  facet normal -1 0 0
    outer loop
      vertex 0 2 2
      vertex 0 0 6
      vertex 0 2 6
    endloop
  endfacet
  facet normal -1 -0 0
    outer loop
      vertex 0 58.6 6
      vertex 0 56.6 2
      vertex 0 56.6 6
    endloop
  endfacet
  facet normal 0 1 -0
    outer loop
      vertex 73.8 58.6 0
      vertex 0 58.6 6
      vertex 73.8 58.6 6
    endloop
  endfacet
  facet normal 0 1 0
    outer loop
      vertex 0 58.6 6
      vertex 73.8 58.6 0
      vertex 0 58.6 0
    endloop
  endfacet
  facet normal 0 -1 0
    outer loop
      vertex 26.691 0 0.368515
      vertex 37.3674 0 0.368515
      vertex 32.0292 0 3.75032
    endloop
  endfacet
  facet normal 0 -1 0
    outer loop
      vertex 26.3466 0 0.300003
      vertex 37.3674 0 0.368515
      vertex 26.691 0 0.368515
    endloop
  endfacet
  facet normal 0 -1 -0
    outer loop
      vertex 37.3674 0 0.368515
      vertex 26.3466 0 0.300003
      vertex 37.7118 0 0.300003
    endloop
  endfacet
  facet normal 0 -1 0
    outer loop
      vertex 38.0562 0 0.368515
      vertex 48.7326 0 0.368515
      vertex 43.3944 0 3.75032
    endloop
  endfacet
  facet normal 0 -1 0
    outer loop
      vertex 37.7118 0 0.300003
      vertex 48.7326 0 0.368515
      vertex 38.0562 0 0.368515
    endloop
  endfacet
  facet normal 0 -1 -0
    outer loop
      vertex 48.7326 0 0.368515
      vertex 37.7118 0 0.300003
      vertex 49.077 0 0.300003
    endloop
  endfacet
  facet normal 0 -1 -0
    outer loop
      vertex 53.3259 0 2.10001
      vertex 49.4214 0 0.368515
      vertex 57.195 0 2.10001
    endloop
  endfacet
  facet normal 0 -1 0
    outer loop
      vertex 43.7388 0 5.63148
      vertex 52.7916 0 3.83148
      vertex 53.136 0 3.89999
    endloop
  endfacet
  facet normal -0 -1 0
    outer loop
      vertex 52.7916 0 3.83148
      vertex 43.7388 0 5.63148
      vertex 49.1378 0 2.21118
    endloop
  endfacet
  facet normal 0 -1 0
    outer loop
      vertex 32.3736 0 5.63148
      vertex 43.3944 0 5.7
      vertex 32.0292 0 5.7
    endloop
  endfacet
  facet normal 0 -1 0
    outer loop
      vertex 32.3736 0 5.63148
      vertex 43.05 0 5.63148
      vertex 43.3944 0 5.7
    endloop
  endfacet
  facet normal -0 -1 0
    outer loop
      vertex 43.05 0 5.63148
      vertex 32.3736 0 5.63148
      vertex 37.7118 0 2.24968
    endloop
  endfacet
  facet normal 0 -1 0
    outer loop
      vertex 0 0 6
      vertex 32.0292 0 5.7
      vertex 73.8 0 6
    endloop
  endfacet
  facet normal 0 -1 0
    outer loop
      vertex 0 0 6
      vertex 31.6848 0 5.63148
      vertex 32.0292 0 5.7
    endloop
  endfacet
  facet normal 0 -1 0
    outer loop
      vertex 0 0 6
      vertex 16.605 0 3.89999
      vertex 31.6848 0 5.63148
    endloop
  endfacet
  facet normal 0 -1 0
    outer loop
      vertex 0 0 6
      vertex 16.2606 0 3.83148
      vertex 16.605 0 3.89999
    endloop
  endfacet
  facet normal 0 -1 0
    outer loop
      vertex 0 0 6
      vertex 15.9686 0 3.63638
      vertex 16.2606 0 3.83148
    endloop
  endfacet
  facet normal 0 -1 0
    outer loop
      vertex 0 0 6
      vertex 15.7735 0 3.34441
      vertex 15.9686 0 3.63638
    endloop
  endfacet
  facet normal 0 -1 0
    outer loop
      vertex 0 0 6
      vertex 15.705 0 3
      vertex 15.7735 0 3.34441
    endloop
  endfacet
  facet normal 0 -1 0
    outer loop
      vertex 0 0 0
      vertex 15.705 0 3
      vertex 0 0 6
    endloop
  endfacet
  facet normal 0 -1 -0
    outer loop
      vertex 15.705 0 3
      vertex 0 0 0
      vertex 15.7735 0 2.65559
    endloop
  endfacet
  facet normal 0 -1 -0
    outer loop
      vertex 15.7735 0 2.65559
      vertex 0 0 0
      vertex 15.9686 0 2.36362
    endloop
  endfacet
  facet normal 0 -1 0
    outer loop
      vertex 16.605 0 2.10001
      vertex 26.0022 0 0.368515
      vertex 22.0977 0 2.10001
    endloop
  endfacet
  facet normal 0 -1 0
    outer loop
      vertex 0 0 0
      vertex 26.0022 0 0.368515
      vertex 16.605 0 2.10001
    endloop
  endfacet
  facet normal 0 0 0
    outer loop
      vertex 26.3466 0 0.300003
      vertex 49.077 0 0.300003
      vertex 37.7118 0 0.300003
    endloop
  endfacet
  facet normal 0 -1 -0
    outer loop
      vertex 26.3466 0 0.300003
      vertex 0 0 0
      vertex 49.077 0 0.300003
    endloop
  endfacet
  facet normal 0 -1 -0
    outer loop
      vertex 26.0022 0 0.368515
      vertex 0 0 0
      vertex 26.3466 0 0.300003
    endloop
  endfacet
  facet normal 0 -1 -0
    outer loop
      vertex 16.2606 0 2.16852
      vertex 0 0 0
      vertex 16.605 0 2.10001
    endloop
  endfacet
  facet normal 0 -1 -0
    outer loop
      vertex 15.9686 0 2.36362
      vertex 0 0 0
      vertex 16.2606 0 2.16852
    endloop
  endfacet
  facet normal 0 -1 0
    outer loop
      vertex 43.3944 0 5.7
      vertex 73.8 0 6
      vertex 32.0292 0 5.7
    endloop
  endfacet
  facet normal 0 -1 0
    outer loop
      vertex 43.7388 0 5.63148
      vertex 73.8 0 6
      vertex 43.3944 0 5.7
    endloop
  endfacet
  facet normal 0 -1 0
    outer loop
      vertex 57.195 0 3.89999
      vertex 43.7388 0 5.63148
      vertex 53.136 0 3.89999
    endloop
  endfacet
  facet normal 0 -1 0
    outer loop
      vertex 43.7388 0 5.63148
      vertex 57.195 0 3.89999
      vertex 73.8 0 6
    endloop
  endfacet
  facet normal 0 -1 0
    outer loop
      vertex 57.5394 0 3.83148
      vertex 73.8 0 6
      vertex 57.195 0 3.89999
    endloop
  endfacet
  facet normal 0 -1 0
    outer loop
      vertex 57.8314 0 3.63638
      vertex 73.8 0 6
      vertex 57.5394 0 3.83148
    endloop
  endfacet
  facet normal 0 -1 0
    outer loop
      vertex 58.0265 0 3.34441
      vertex 73.8 0 6
      vertex 57.8314 0 3.63638
    endloop
  endfacet
  facet normal 0 -1 0
    outer loop
      vertex 58.095 0 3
      vertex 73.8 0 6
      vertex 58.0265 0 3.34441
    endloop
  endfacet
  facet normal 0 -1 0
    outer loop
      vertex 73.8 0 0
      vertex 58.095 0 3
      vertex 58.0265 0 2.65559
    endloop
  endfacet
  facet normal 0 -1 0
    outer loop
      vertex 73.8 0 0
      vertex 58.0265 0 2.65559
      vertex 57.8314 0 2.36362
    endloop
  endfacet
  facet normal 0 -1 0
    outer loop
      vertex 73.8 0 0
      vertex 57.8314 0 2.36362
      vertex 57.5394 0 2.16852
    endloop
  endfacet
  facet normal 0 -1 0
    outer loop
      vertex 73.8 0 0
      vertex 57.195 0 2.10001
      vertex 49.4214 0 0.368515
    endloop
  endfacet
  facet normal 0 -1 0
    outer loop
      vertex 58.095 0 3
      vertex 73.8 0 0
      vertex 73.8 0 6
    endloop
  endfacet
  facet normal 0 -1 0
    outer loop
      vertex 57.195 0 2.10001
      vertex 73.8 0 0
      vertex 57.5394 0 2.16852
    endloop
  endfacet
  facet normal 0 -1 0
    outer loop
      vertex 49.077 0 0.300003
      vertex 73.8 0 0
      vertex 49.4214 0 0.368515
    endloop
  endfacet
  facet normal 0 -1 0
    outer loop
      vertex 73.8 0 0
      vertex 49.077 0 0.300003
      vertex 0 0 0
    endloop
  endfacet
  facet normal 0 -1 0
    outer loop
      vertex 22.2876 0 3.89999
      vertex 31.6848 0 5.63148
      vertex 16.605 0 3.89999
    endloop
  endfacet
  facet normal 0 -1 0
    outer loop
      vertex 22.632 0 3.83148
      vertex 31.6848 0 5.63148
      vertex 22.2876 0 3.89999
    endloop
  endfacet
  facet normal 0 -1 0
    outer loop
      vertex 31.6848 0 5.63148
      vertex 22.632 0 3.83148
      vertex 26.2858 0 2.21118
    endloop
  endfacet
  facet normal -1 0 0
    outer loop
      vertex 71.8 2 2
      vertex 71.8 56.6 6
      vertex 71.8 56.6 2
    endloop
  endfacet
  facet normal -1 -0 0
    outer loop
      vertex 71.8 56.6 6
      vertex 71.8 2 2
      vertex 71.8 2 6
    endloop
  endfacet
  facet normal 0 0 1
    outer loop
      vertex 66.3744 51.8736 2
      vertex 7.42561 51.8736 2
      vertex 66.5056 51.6595 2
    endloop
  endfacet
  facet normal 0 0 1
    outer loop
      vertex 66.5056 6.94046 2
      vertex 7.5803 6.25029 2
      vertex 7.6 6 2
    endloop
  endfacet
  facet normal 0 0 1
    outer loop
      vertex 7.29443 51.6595 2
      vertex 66.5056 51.6595 2
      vertex 7.42561 51.8736 2
    endloop
  endfacet
  facet normal 0 0 1
    outer loop
      vertex 66.5056 6.94046 2
      vertex 7.52169 6.49443 2
      vertex 7.5803 6.25029 2
    endloop
  endfacet
  facet normal 0 0 1
    outer loop
      vertex 66.5056 51.6595 2
      vertex 7.29443 51.6595 2
      vertex 66.5056 6.94046 2
    endloop
  endfacet
  facet normal 0 0 1
    outer loop
      vertex 66.5056 6.94046 2
      vertex 7.42561 6.72638 2
      vertex 7.52169 6.49443 2
    endloop
  endfacet
  facet normal 0 0 1
    outer loop
      vertex 7.29443 6.94046 2
      vertex 66.5056 6.94046 2
      vertex 7.29443 51.6595 2
    endloop
  endfacet
  facet normal 0 0 1
    outer loop
      vertex 66.5056 6.94046 2
      vertex 7.29443 6.94046 2
      vertex 7.42561 6.72638 2
    endloop
  endfacet
  facet normal -0 0 1
    outer loop
      vertex 7.13137 51.4686 2
      vertex 7.29443 6.94046 2
      vertex 7.29443 51.6595 2
    endloop
  endfacet
  facet normal 0 0 1
    outer loop
      vertex 7.13137 51.4686 2
      vertex 7.13137 7.13137 2
      vertex 7.29443 6.94046 2
    endloop
  endfacet
  facet normal -0 0 1
    outer loop
      vertex 6.94046 51.3056 2
      vertex 7.13137 7.13137 2
      vertex 7.13137 51.4686 2
    endloop
  endfacet
  facet normal 0 0 1
    outer loop
      vertex 6.94046 51.3056 2
      vertex 6.94046 7.29443 2
      vertex 7.13137 7.13137 2
    endloop
  endfacet
  facet normal -0 0 1
    outer loop
      vertex 6.72638 51.1744 2
      vertex 6.94046 7.29443 2
      vertex 6.94046 51.3056 2
    endloop
  endfacet
  facet normal 0 0 1
    outer loop
      vertex 6.72638 51.1744 2
      vertex 6.72638 7.42561 2
      vertex 6.94046 7.29443 2
    endloop
  endfacet
  facet normal -0 0 1
    outer loop
      vertex 6.49443 51.0783 2
      vertex 6.72638 7.42561 2
      vertex 6.72638 51.1744 2
    endloop
  endfacet
  facet normal 0 0 1
    outer loop
      vertex 6.49443 51.0783 2
      vertex 6.49443 7.52169 2
      vertex 6.72638 7.42561 2
    endloop
  endfacet
  facet normal -0 0 1
    outer loop
      vertex 6.25029 51.0197 2
      vertex 6.49443 7.52169 2
      vertex 6.49443 51.0783 2
    endloop
  endfacet
  facet normal 0 0 1
    outer loop
      vertex 6.25029 51.0197 2
      vertex 6.25029 7.5803 2
      vertex 6.49443 7.52169 2
    endloop
  endfacet
  facet normal -0 0 1
    outer loop
      vertex 6 51 2
      vertex 6.25029 7.5803 2
      vertex 6.25029 51.0197 2
    endloop
  endfacet
  facet normal 0 0 1
    outer loop
      vertex 6 51 2
      vertex 6 7.6 2
      vertex 6.25029 7.5803 2
    endloop
  endfacet
  facet normal 0 0 1
    outer loop
      vertex 5.7497 51.0197 2
      vertex 6 7.6 2
      vertex 6 51 2
    endloop
  endfacet
  facet normal 0 0 1
    outer loop
      vertex 5.7497 51.0197 2
      vertex 5.7497 7.5803 2
      vertex 6 7.6 2
    endloop
  endfacet
  facet normal 0 0 1
    outer loop
      vertex 5.50557 51.0783 2
      vertex 5.7497 7.5803 2
      vertex 5.7497 51.0197 2
    endloop
  endfacet
  facet normal 0 0 1
    outer loop
      vertex 5.50557 51.0783 2
      vertex 5.50557 7.52169 2
      vertex 5.7497 7.5803 2
    endloop
  endfacet
  facet normal 0 0 1
    outer loop
      vertex 5.27361 51.1744 2
      vertex 5.50557 7.52169 2
      vertex 5.50557 51.0783 2
    endloop
  endfacet
  facet normal 0 0 1
    outer loop
      vertex 5.27361 51.1744 2
      vertex 5.27361 7.42561 2
      vertex 5.50557 7.52169 2
    endloop
  endfacet
  facet normal 0 0 1
    outer loop
      vertex 5.05954 51.3056 2
      vertex 5.27361 7.42561 2
      vertex 5.27361 51.1744 2
    endloop
  endfacet
  facet normal 0 0 1
    outer loop
      vertex 5.05954 51.3056 2
      vertex 5.05954 7.29443 2
      vertex 5.27361 7.42561 2
    endloop
  endfacet
  facet normal 0 0 1
    outer loop
      vertex 4.86863 51.4686 2
      vertex 5.05954 7.29443 2
      vertex 5.05954 51.3056 2
    endloop
  endfacet
  facet normal 0 0 1
    outer loop
      vertex 4.86863 51.4686 2
      vertex 4.86863 7.13137 2
      vertex 5.05954 7.29443 2
    endloop
  endfacet
  facet normal 0 0 1
    outer loop
      vertex 4.70557 51.6595 2
      vertex 4.86863 7.13137 2
      vertex 4.86863 51.4686 2
    endloop
  endfacet
  facet normal 0 0 1
    outer loop
      vertex 4.70557 51.6595 2
      vertex 4.70557 6.94046 2
      vertex 4.86863 7.13137 2
    endloop
  endfacet
  facet normal 0 0 1
    outer loop
      vertex 0 56.6 2
      vertex 4.70557 51.6595 2
      vertex 4.57439 51.8736 2
    endloop
  endfacet
  facet normal 0 0 1
    outer loop
      vertex 4.70557 51.6595 2
      vertex 0 56.6 2
      vertex 4.70557 6.94046 2
    endloop
  endfacet
  facet normal 0 0 1
    outer loop
      vertex 0 56.6 2
      vertex 4.57439 51.8736 2
      vertex 4.47831 52.1056 2
    endloop
  endfacet
  facet normal 0 0 1
    outer loop
      vertex 0 2 2
      vertex 4.70557 6.94046 2
      vertex 0 56.6 2
    endloop
  endfacet
  facet normal 0 0 1
    outer loop
      vertex 0 56.6 2
      vertex 4.47831 52.1056 2
      vertex 4.4197 52.3497 2
    endloop
  endfacet
  facet normal 0 0 1
    outer loop
      vertex 4.70557 6.94046 2
      vertex 0 2 2
      vertex 4.57439 6.72638 2
    endloop
  endfacet
  facet normal 0 0 1
    outer loop
      vertex 0 56.6 2
      vertex 4.4197 52.3497 2
      vertex 4.4 52.6 2
    endloop
  endfacet
  facet normal 0 0 1
    outer loop
      vertex 4.57439 6.72638 2
      vertex 0 2 2
      vertex 4.47831 6.49443 2
    endloop
  endfacet
  facet normal 0 0 1
    outer loop
      vertex 69.2256 51.8736 2
      vertex 71.8 56.6 2
      vertex 69.3217 52.1056 2
    endloop
  endfacet
  facet normal 0 0 1
    outer loop
      vertex 71.8 2 2
      vertex 69.3803 6.25029 2
      vertex 69.4 6 2
    endloop
  endfacet
  facet normal 0 0 1
    outer loop
      vertex 71.8 56.6 2
      vertex 69.2256 51.8736 2
      vertex 71.8 2 2
    endloop
  endfacet
  facet normal 0 0 1
    outer loop
      vertex 71.8 2 2
      vertex 69.3217 6.49443 2
      vertex 69.3803 6.25029 2
    endloop
  endfacet
  facet normal -0 0 1
    outer loop
      vertex 69.2256 6.72638 2
      vertex 71.8 2 2
      vertex 69.2256 51.8736 2
    endloop
  endfacet
  facet normal 0 0 1
    outer loop
      vertex 71.8 2 2
      vertex 69.2256 6.72638 2
      vertex 69.3217 6.49443 2
    endloop
  endfacet
  facet normal -0 0 1
    outer loop
      vertex 69.0944 51.6595 2
      vertex 69.2256 6.72638 2
      vertex 69.2256 51.8736 2
    endloop
  endfacet
  facet normal 0 0 1
    outer loop
      vertex 69.0944 51.6595 2
      vertex 69.0944 6.94046 2
      vertex 69.2256 6.72638 2
    endloop
  endfacet
  facet normal -0 0 1
    outer loop
      vertex 68.9314 51.4686 2
      vertex 69.0944 6.94046 2
      vertex 69.0944 51.6595 2
    endloop
  endfacet
  facet normal 0 0 1
    outer loop
      vertex 68.9314 51.4686 2
      vertex 68.9314 7.13137 2
      vertex 69.0944 6.94046 2
    endloop
  endfacet
  facet normal -0 0 1
    outer loop
      vertex 68.7405 51.3056 2
      vertex 68.9314 7.13137 2
      vertex 68.9314 51.4686 2
    endloop
  endfacet
  facet normal 0 0 1
    outer loop
      vertex 68.7405 51.3056 2
      vertex 68.7405 7.29443 2
      vertex 68.9314 7.13137 2
    endloop
  endfacet
  facet normal -0 0 1
    outer loop
      vertex 68.5264 51.1744 2
      vertex 68.7405 7.29443 2
      vertex 68.7405 51.3056 2
    endloop
  endfacet
  facet normal 0 0 1
    outer loop
      vertex 68.5264 51.1744 2
      vertex 68.5264 7.42561 2
      vertex 68.7405 7.29443 2
    endloop
  endfacet
  facet normal -0 0 1
    outer loop
      vertex 68.2944 51.0783 2
      vertex 68.5264 7.42561 2
      vertex 68.5264 51.1744 2
    endloop
  endfacet
  facet normal 0 0 1
    outer loop
      vertex 68.2944 51.0783 2
      vertex 68.2944 7.52169 2
      vertex 68.5264 7.42561 2
    endloop
  endfacet
  facet normal -0 0 1
    outer loop
      vertex 68.0503 51.0197 2
      vertex 68.2944 7.52169 2
      vertex 68.2944 51.0783 2
    endloop
  endfacet
  facet normal 0 0 1
    outer loop
      vertex 68.0503 51.0197 2
      vertex 68.0503 7.5803 2
      vertex 68.2944 7.52169 2
    endloop
  endfacet
  facet normal -0 0 1
    outer loop
      vertex 67.8 51 2
      vertex 68.0503 7.5803 2
      vertex 68.0503 51.0197 2
    endloop
  endfacet
  facet normal 0 0 1
    outer loop
      vertex 67.8 51 2
      vertex 67.8 7.6 2
      vertex 68.0503 7.5803 2
    endloop
  endfacet
  facet normal 0 0 1
    outer loop
      vertex 67.5497 51.0197 2
      vertex 67.8 7.6 2
      vertex 67.8 51 2
    endloop
  endfacet
  facet normal 0 0 1
    outer loop
      vertex 67.5497 51.0197 2
      vertex 67.5497 7.5803 2
      vertex 67.8 7.6 2
    endloop
  endfacet
  facet normal 0 0 1
    outer loop
      vertex 67.3056 51.0783 2
      vertex 67.5497 7.5803 2
      vertex 67.5497 51.0197 2
    endloop
  endfacet
  facet normal 0 0 1
    outer loop
      vertex 67.3056 51.0783 2
      vertex 67.3056 7.52169 2
      vertex 67.5497 7.5803 2
    endloop
  endfacet
  facet normal 0 0 1
    outer loop
      vertex 67.0736 51.1744 2
      vertex 67.3056 7.52169 2
      vertex 67.3056 51.0783 2
    endloop
  endfacet
  facet normal 0 0 1
    outer loop
      vertex 67.0736 51.1744 2
      vertex 67.0736 7.42561 2
      vertex 67.3056 7.52169 2
    endloop
  endfacet
  facet normal 0 0 1
    outer loop
      vertex 66.8595 51.3056 2
      vertex 67.0736 7.42561 2
      vertex 67.0736 51.1744 2
    endloop
  endfacet
  facet normal 0 0 1
    outer loop
      vertex 66.8595 51.3056 2
      vertex 66.8595 7.29443 2
      vertex 67.0736 7.42561 2
    endloop
  endfacet
  facet normal 0 0 1
    outer loop
      vertex 66.6686 51.4686 2
      vertex 66.8595 7.29443 2
      vertex 66.8595 51.3056 2
    endloop
  endfacet
  facet normal 0 0 1
    outer loop
      vertex 66.6686 51.4686 2
      vertex 66.6686 7.13137 2
      vertex 66.8595 7.29443 2
    endloop
  endfacet
  facet normal 0 0 1
    outer loop
      vertex 66.5056 51.6595 2
      vertex 66.6686 7.13137 2
      vertex 66.6686 51.4686 2
    endloop
  endfacet
  facet normal 0 0 1
    outer loop
      vertex 66.5056 51.6595 2
      vertex 66.5056 6.94046 2
      vertex 66.6686 7.13137 2
    endloop
  endfacet
  facet normal 0 0 1
    outer loop
      vertex 7.52169 52.1056 2
      vertex 66.2783 52.1056 2
      vertex 7.5803 52.3497 2
    endloop
  endfacet
  facet normal 0 0 1
    outer loop
      vertex 66.2783 52.1056 2
      vertex 7.52169 52.1056 2
      vertex 66.3744 51.8736 2
    endloop
  endfacet
  facet normal 0 0 1
    outer loop
      vertex 66.2197 52.3497 2
      vertex 7.5803 52.3497 2
      vertex 66.2783 52.1056 2
    endloop
  endfacet
  facet normal 0 0 1
    outer loop
      vertex 7.42561 51.8736 2
      vertex 66.3744 51.8736 2
      vertex 7.52169 52.1056 2
    endloop
  endfacet
  facet normal 0 0 1
    outer loop
      vertex 7.5803 52.3497 2
      vertex 66.2197 52.3497 2
      vertex 7.6 52.6 2
    endloop
  endfacet
  facet normal 0 0 1
    outer loop
      vertex 66.5056 6.94046 2
      vertex 7.6 6 2
      vertex 66.3744 6.72638 2
    endloop
  endfacet
  facet normal -0 0 1
    outer loop
      vertex 7.6 52.6 2
      vertex 66.2197 52.3497 2
      vertex 66.2 52.6 2
    endloop
  endfacet
  facet normal 0 0 1
    outer loop
      vertex 66.3744 6.72638 2
      vertex 7.6 6 2
      vertex 66.2783 6.49443 2
    endloop
  endfacet
  facet normal 0 0 1
    outer loop
      vertex 69.3803 52.3497 2
      vertex 71.8 56.6 2
      vertex 69.4 52.6 2
    endloop
  endfacet
  facet normal 0 0 1
    outer loop
      vertex 71.8 56.6 2
      vertex 69.3803 52.8503 2
      vertex 69.4 52.6 2
    endloop
  endfacet
  facet normal 0 0 1
    outer loop
      vertex 71.8 56.6 2
      vertex 69.3217 53.0944 2
      vertex 69.3803 52.8503 2
    endloop
  endfacet
  facet normal 0 0 1
    outer loop
      vertex 71.8 56.6 2
      vertex 69.2256 53.3264 2
      vertex 69.3217 53.0944 2
    endloop
  endfacet
  facet normal 0 0 1
    outer loop
      vertex 71.8 56.6 2
      vertex 69.0944 53.5405 2
      vertex 69.2256 53.3264 2
    endloop
  endfacet
  facet normal 0 0 1
    outer loop
      vertex 71.8 56.6 2
      vertex 68.9314 53.7314 2
      vertex 69.0944 53.5405 2
    endloop
  endfacet
  facet normal 0 0 1
    outer loop
      vertex 71.8 56.6 2
      vertex 68.7405 53.8944 2
      vertex 68.9314 53.7314 2
    endloop
  endfacet
  facet normal 0 0 1
    outer loop
      vertex 71.8 56.6 2
      vertex 68.5264 54.0256 2
      vertex 68.7405 53.8944 2
    endloop
  endfacet
  facet normal 0 0 1
    outer loop
      vertex 71.8 56.6 2
      vertex 68.2944 54.1217 2
      vertex 68.5264 54.0256 2
    endloop
  endfacet
  facet normal 0 0 1
    outer loop
      vertex 71.8 56.6 2
      vertex 68.0503 54.1803 2
      vertex 68.2944 54.1217 2
    endloop
  endfacet
  facet normal 0 0 1
    outer loop
      vertex 71.8 56.6 2
      vertex 67.8 54.2 2
      vertex 68.0503 54.1803 2
    endloop
  endfacet
  facet normal 0 0 1
    outer loop
      vertex 71.8 56.6 2
      vertex 67.5497 54.1803 2
      vertex 67.8 54.2 2
    endloop
  endfacet
  facet normal 0 0 1
    outer loop
      vertex 71.8 56.6 2
      vertex 67.3056 54.1217 2
      vertex 67.5497 54.1803 2
    endloop
  endfacet
  facet normal 0 0 1
    outer loop
      vertex 71.8 56.6 2
      vertex 67.0736 54.0256 2
      vertex 67.3056 54.1217 2
    endloop
  endfacet
  facet normal 0 0 1
    outer loop
      vertex 66.2783 6.49443 2
      vertex 7.6 6 2
      vertex 66.2197 6.25029 2
    endloop
  endfacet
  facet normal 0 0 1
    outer loop
      vertex 66.2197 52.8503 2
      vertex 7.6 52.6 2
      vertex 66.2 52.6 2
    endloop
  endfacet
  facet normal 0 0 1
    outer loop
      vertex 7.5803 52.8503 2
      vertex 66.2197 52.8503 2
      vertex 66.2783 53.0944 2
    endloop
  endfacet
  facet normal 0 0 1
    outer loop
      vertex 7.52169 53.0944 2
      vertex 66.2783 53.0944 2
      vertex 66.3744 53.3264 2
    endloop
  endfacet
  facet normal 0 0 1
    outer loop
      vertex 7.42561 53.3264 2
      vertex 66.3744 53.3264 2
      vertex 66.5056 53.5405 2
    endloop
  endfacet
  facet normal 0 0 1
    outer loop
      vertex 7.29443 53.5405 2
      vertex 66.5056 53.5405 2
      vertex 66.6686 53.7314 2
    endloop
  endfacet
  facet normal 0 0 1
    outer loop
      vertex 7.13137 53.7314 2
      vertex 66.6686 53.7314 2
      vertex 66.8595 53.8944 2
    endloop
  endfacet
  facet normal 0 0 1
    outer loop
      vertex 6.94046 53.8944 2
      vertex 66.8595 53.8944 2
      vertex 67.0736 54.0256 2
    endloop
  endfacet
  facet normal 0 0 1
    outer loop
      vertex 6.72638 54.0256 2
      vertex 67.0736 54.0256 2
      vertex 71.8 56.6 2
    endloop
  endfacet
  facet normal 0 0 1
    outer loop
      vertex 66.2197 52.8503 2
      vertex 7.5803 52.8503 2
      vertex 7.6 52.6 2
    endloop
  endfacet
  facet normal 0 0 1
    outer loop
      vertex 66.2783 53.0944 2
      vertex 7.52169 53.0944 2
      vertex 7.5803 52.8503 2
    endloop
  endfacet
  facet normal 0 0 1
    outer loop
      vertex 66.3744 53.3264 2
      vertex 7.42561 53.3264 2
      vertex 7.52169 53.0944 2
    endloop
  endfacet
  facet normal 0 0 1
    outer loop
      vertex 66.5056 53.5405 2
      vertex 7.29443 53.5405 2
      vertex 7.42561 53.3264 2
    endloop
  endfacet
  facet normal 0 0 1
    outer loop
      vertex 66.6686 53.7314 2
      vertex 7.13137 53.7314 2
      vertex 7.29443 53.5405 2
    endloop
  endfacet
  facet normal 0 0 1
    outer loop
      vertex 66.8595 53.8944 2
      vertex 6.94046 53.8944 2
      vertex 7.13137 53.7314 2
    endloop
  endfacet
  facet normal 0 0 1
    outer loop
      vertex 67.0736 54.0256 2
      vertex 6.72638 54.0256 2
      vertex 6.94046 53.8944 2
    endloop
  endfacet
  facet normal 0 0 1
    outer loop
      vertex 71.8 56.6 2
      vertex 6.49443 54.1217 2
      vertex 6.72638 54.0256 2
    endloop
  endfacet
  facet normal -0 0 1
    outer loop
      vertex 0 56.6 2
      vertex 6.49443 54.1217 2
      vertex 71.8 56.6 2
    endloop
  endfacet
  facet normal 0 0 1
    outer loop
      vertex 6.49443 54.1217 2
      vertex 0 56.6 2
      vertex 6.25029 54.1803 2
    endloop
  endfacet
  facet normal 0 0 1
    outer loop
      vertex 4.47831 6.49443 2
      vertex 0 2 2
      vertex 4.4197 6.25029 2
    endloop
  endfacet
  facet normal 0 0 1
    outer loop
      vertex 4.4197 52.8503 2
      vertex 0 56.6 2
      vertex 4.4 52.6 2
    endloop
  endfacet
  facet normal 0 0 1
    outer loop
      vertex 4.47831 53.0944 2
      vertex 0 56.6 2
      vertex 4.4197 52.8503 2
    endloop
  endfacet
  facet normal 0 0 1
    outer loop
      vertex 4.57439 53.3264 2
      vertex 0 56.6 2
      vertex 4.47831 53.0944 2
    endloop
  endfacet
  facet normal 0 0 1
    outer loop
      vertex 4.70557 53.5405 2
      vertex 0 56.6 2
      vertex 4.57439 53.3264 2
    endloop
  endfacet
  facet normal 0 0 1
    outer loop
      vertex 4.86863 53.7314 2
      vertex 0 56.6 2
      vertex 4.70557 53.5405 2
    endloop
  endfacet
  facet normal 0 0 1
    outer loop
      vertex 5.05954 53.8944 2
      vertex 0 56.6 2
      vertex 4.86863 53.7314 2
    endloop
  endfacet
  facet normal 0 0 1
    outer loop
      vertex 5.27361 54.0256 2
      vertex 0 56.6 2
      vertex 5.05954 53.8944 2
    endloop
  endfacet
  facet normal 0 0 1
    outer loop
      vertex 5.50557 54.1217 2
      vertex 0 56.6 2
      vertex 5.27361 54.0256 2
    endloop
  endfacet
  facet normal 0 0 1
    outer loop
      vertex 5.7497 54.1803 2
      vertex 0 56.6 2
      vertex 5.50557 54.1217 2
    endloop
  endfacet
  facet normal 0 0 1
    outer loop
      vertex 6 54.2 2
      vertex 0 56.6 2
      vertex 5.7497 54.1803 2
    endloop
  endfacet
  facet normal 0 0 1
    outer loop
      vertex 6.25029 54.1803 2
      vertex 0 56.6 2
      vertex 6 54.2 2
    endloop
  endfacet
  facet normal 0 0 1
    outer loop
      vertex 69.3217 52.1056 2
      vertex 71.8 56.6 2
      vertex 69.3803 52.3497 2
    endloop
  endfacet
  facet normal -0 0 1
    outer loop
      vertex 69.3803 5.7497 2
      vertex 71.8 2 2
      vertex 69.4 6 2
    endloop
  endfacet
  facet normal -0 0 1
    outer loop
      vertex 69.3217 5.50557 2
      vertex 71.8 2 2
      vertex 69.3803 5.7497 2
    endloop
  endfacet
  facet normal -0 0 1
    outer loop
      vertex 69.2256 5.27361 2
      vertex 71.8 2 2
      vertex 69.3217 5.50557 2
    endloop
  endfacet
  facet normal -0 0 1
    outer loop
      vertex 69.0944 5.05954 2
      vertex 71.8 2 2
      vertex 69.2256 5.27361 2
    endloop
  endfacet
  facet normal -0 0 1
    outer loop
      vertex 68.9314 4.86863 2
      vertex 71.8 2 2
      vertex 69.0944 5.05954 2
    endloop
  endfacet
  facet normal -0 0 1
    outer loop
      vertex 68.7405 4.70557 2
      vertex 71.8 2 2
      vertex 68.9314 4.86863 2
    endloop
  endfacet
  facet normal -0 0 1
    outer loop
      vertex 68.5264 4.57439 2
      vertex 71.8 2 2
      vertex 68.7405 4.70557 2
    endloop
  endfacet
  facet normal -0 0 1
    outer loop
      vertex 68.2944 4.47831 2
      vertex 71.8 2 2
      vertex 68.5264 4.57439 2
    endloop
  endfacet
  facet normal -0 0 1
    outer loop
      vertex 68.0503 4.4197 2
      vertex 71.8 2 2
      vertex 68.2944 4.47831 2
    endloop
  endfacet
  facet normal -0 0 1
    outer loop
      vertex 67.8 4.4 2
      vertex 71.8 2 2
      vertex 68.0503 4.4197 2
    endloop
  endfacet
  facet normal 0 0 1
    outer loop
      vertex 67.5497 4.4197 2
      vertex 71.8 2 2
      vertex 67.8 4.4 2
    endloop
  endfacet
  facet normal 0 0 1
    outer loop
      vertex 67.3056 4.47831 2
      vertex 71.8 2 2
      vertex 67.5497 4.4197 2
    endloop
  endfacet
  facet normal 0 0 1
    outer loop
      vertex 67.0736 4.57439 2
      vertex 71.8 2 2
      vertex 67.3056 4.47831 2
    endloop
  endfacet
  facet normal 0 0 1
    outer loop
      vertex 66.2197 6.25029 2
      vertex 7.6 6 2
      vertex 66.2 6 2
    endloop
  endfacet
  facet normal 0 0 1
    outer loop
      vertex 66.2 6 2
      vertex 7.6 6 2
      vertex 66.2197 5.7497 2
    endloop
  endfacet
  facet normal 0 0 1
    outer loop
      vertex 7.5803 5.7497 2
      vertex 66.2197 5.7497 2
      vertex 7.6 6 2
    endloop
  endfacet
  facet normal 0 0 1
    outer loop
      vertex 66.2197 5.7497 2
      vertex 7.5803 5.7497 2
      vertex 66.2783 5.50557 2
    endloop
  endfacet
  facet normal 0 0 1
    outer loop
      vertex 7.52169 5.50557 2
      vertex 66.2783 5.50557 2
      vertex 7.5803 5.7497 2
    endloop
  endfacet
  facet normal 0 0 1
    outer loop
      vertex 66.2783 5.50557 2
      vertex 7.52169 5.50557 2
      vertex 66.3744 5.27361 2
    endloop
  endfacet
  facet normal 0 0 1
    outer loop
      vertex 7.42561 5.27361 2
      vertex 66.3744 5.27361 2
      vertex 7.52169 5.50557 2
    endloop
  endfacet
  facet normal 0 0 1
    outer loop
      vertex 66.3744 5.27361 2
      vertex 7.42561 5.27361 2
      vertex 66.5056 5.05954 2
    endloop
  endfacet
  facet normal 0 0 1
    outer loop
      vertex 7.29443 5.05954 2
      vertex 66.5056 5.05954 2
      vertex 7.42561 5.27361 2
    endloop
  endfacet
  facet normal 0 0 1
    outer loop
      vertex 66.5056 5.05954 2
      vertex 7.29443 5.05954 2
      vertex 66.6686 4.86863 2
    endloop
  endfacet
  facet normal 0 0 1
    outer loop
      vertex 7.13137 4.86863 2
      vertex 66.6686 4.86863 2
      vertex 7.29443 5.05954 2
    endloop
  endfacet
  facet normal 0 0 1
    outer loop
      vertex 66.6686 4.86863 2
      vertex 7.13137 4.86863 2
      vertex 66.8595 4.70557 2
    endloop
  endfacet
  facet normal 0 0 1
    outer loop
      vertex 6.94046 4.70557 2
      vertex 66.8595 4.70557 2
      vertex 7.13137 4.86863 2
    endloop
  endfacet
  facet normal 0 0 1
    outer loop
      vertex 66.8595 4.70557 2
      vertex 6.94046 4.70557 2
      vertex 67.0736 4.57439 2
    endloop
  endfacet
  facet normal 0 0 1
    outer loop
      vertex 6.72638 4.57439 2
      vertex 67.0736 4.57439 2
      vertex 6.94046 4.70557 2
    endloop
  endfacet
  facet normal 0 0 1
    outer loop
      vertex 67.0736 4.57439 2
      vertex 6.72638 4.57439 2
      vertex 71.8 2 2
    endloop
  endfacet
  facet normal -0 0 1
    outer loop
      vertex 6.49443 4.47831 2
      vertex 71.8 2 2
      vertex 6.72638 4.57439 2
    endloop
  endfacet
  facet normal 0 0 1
    outer loop
      vertex 0 2 2
      vertex 6.49443 4.47831 2
      vertex 6.25029 4.4197 2
    endloop
  endfacet
  facet normal 0 0 1
    outer loop
      vertex 0 2 2
      vertex 6.25029 4.4197 2
      vertex 6 4.4 2
    endloop
  endfacet
  facet normal 0 0 1
    outer loop
      vertex 4.4197 6.25029 2
      vertex 0 2 2
      vertex 4.4 6 2
    endloop
  endfacet
  facet normal 0 0 1
    outer loop
      vertex 6.49443 4.47831 2
      vertex 0 2 2
      vertex 71.8 2 2
    endloop
  endfacet
  facet normal 0 0 1
    outer loop
      vertex 5.7497 4.4197 2
      vertex 0 2 2
      vertex 6 4.4 2
    endloop
  endfacet
  facet normal 0 0 1
    outer loop
      vertex 5.50557 4.47831 2
      vertex 0 2 2
      vertex 5.7497 4.4197 2
    endloop
  endfacet
  facet normal 0 0 1
    outer loop
      vertex 5.27361 4.57439 2
      vertex 0 2 2
      vertex 5.50557 4.47831 2
    endloop
  endfacet
  facet normal 0 0 1
    outer loop
      vertex 5.05954 4.70557 2
      vertex 0 2 2
      vertex 5.27361 4.57439 2
    endloop
  endfacet
  facet normal 0 0 1
    outer loop
      vertex 4.86863 4.86863 2
      vertex 0 2 2
      vertex 5.05954 4.70557 2
    endloop
  endfacet
  facet normal 0 0 1
    outer loop
      vertex 4.70557 5.05954 2
      vertex 0 2 2
      vertex 4.86863 4.86863 2
    endloop
  endfacet
  facet normal 0 0 1
    outer loop
      vertex 4.57439 5.27361 2
      vertex 0 2 2
      vertex 4.70557 5.05954 2
    endloop
  endfacet
  facet normal 0 0 1
    outer loop
      vertex 4.47831 5.50557 2
      vertex 0 2 2
      vertex 4.57439 5.27361 2
    endloop
  endfacet
  facet normal 0 0 1
    outer loop
      vertex 4.4197 5.7497 2
      vertex 0 2 2
      vertex 4.47831 5.50557 2
    endloop
  endfacet
  facet normal 0 0 1
    outer loop
      vertex 4.4 6 2
      vertex 0 2 2
      vertex 4.4197 5.7497 2
    endloop
  endfacet
  facet normal 0 -1 0
    outer loop
      vertex 0 56.6 2
      vertex 71.8 56.6 6
      vertex 0 56.6 6
    endloop
  endfacet
  facet normal 0 -1 -0
    outer loop
      vertex 71.8 56.6 6
      vertex 0 56.6 2
      vertex 71.8 56.6 2
    endloop
  endfacet
  facet normal 0 1 -0
    outer loop
      vertex 71.8 2 2
      vertex 0 2 6
      vertex 71.8 2 6
    endloop
  endfacet
  facet normal 0 1 0
    outer loop
      vertex 0 2 6
      vertex 71.8 2 2
      vertex 0 2 2
    endloop
  endfacet
  facet normal 0 -1 0
    outer loop
      vertex 16.605 1 2.10001
      vertex 16.605 1 3.89999
      vertex 16.2606 1 3.83148
    endloop
  endfacet
  facet normal 0 -1 0
    outer loop
      vertex 22.0977 1 2.10001
      vertex 16.605 1 3.89999
      vertex 16.605 1 2.10001
    endloop
  endfacet
  facet normal 0 -1 0
    outer loop
      vertex 16.605 1 2.10001
      vertex 16.2606 1 3.83148
      vertex 15.9686 1 3.63638
    endloop
  endfacet
  facet normal 0 -1 0
    outer loop
      vertex 16.605 1 2.10001
      vertex 15.9686 1 3.63638
      vertex 15.7735 1 3.34441
    endloop
  endfacet
  facet normal 0 -1 0
    outer loop
      vertex 16.605 1 2.10001
      vertex 15.7735 1 3.34441
      vertex 15.705 1 3
    endloop
  endfacet
  facet normal 0 -1 0
    outer loop
      vertex 16.605 1 2.10001
      vertex 15.705 1 3
      vertex 15.7735 1 2.65559
    endloop
  endfacet
  facet normal 0 -1 0
    outer loop
      vertex 16.605 1 2.10001
      vertex 15.7735 1 2.65559
      vertex 15.9686 1 2.36362
    endloop
  endfacet
  facet normal 0 -1 0
    outer loop
      vertex 16.605 1 3.89999
      vertex 22.0977 1 2.10001
      vertex 22.2876 1 3.89999
    endloop
  endfacet
  facet normal 0 -1 0
    outer loop
      vertex 16.605 1 2.10001
      vertex 15.9686 1 2.36362
      vertex 16.2606 1 2.16852
    endloop
  endfacet
  facet normal 0 -1 0
    outer loop
      vertex 31.6848 1 5.63148
      vertex 32.3736 1 5.63148
      vertex 32.0292 1 5.7
    endloop
  endfacet
  facet normal 0 -1 0
    outer loop
      vertex 31.6848 1 5.63148
      vertex 32.0292 1 3.75032
      vertex 32.3736 1 5.63148
    endloop
  endfacet
  facet normal 0 -1 0
    outer loop
      vertex 26.2858 1 2.21118
      vertex 32.0292 1 3.75032
      vertex 31.6848 1 5.63148
    endloop
  endfacet
  facet normal 0 -1 -0
    outer loop
      vertex 22.2876 1 3.89999
      vertex 22.0977 1 2.10001
      vertex 22.632 1 3.83148
    endloop
  endfacet
  facet normal 0 -1 -0
    outer loop
      vertex 22.632 1 3.83148
      vertex 22.0977 1 2.10001
      vertex 26.2858 1 2.21118
    endloop
  endfacet
  facet normal 0 -1 0
    outer loop
      vertex 26.0022 1 0.368515
      vertex 26.2858 1 2.21118
      vertex 22.0977 1 2.10001
    endloop
  endfacet
  facet normal 0 -1 0
    outer loop
      vertex 26.691 1 0.368515
      vertex 26.2858 1 2.21118
      vertex 26.0022 1 0.368515
    endloop
  endfacet
  facet normal 0 -1 0
    outer loop
      vertex 26.2858 1 2.21118
      vertex 26.691 1 0.368515
      vertex 32.0292 1 3.75032
    endloop
  endfacet
  facet normal -0 -1 0
    outer loop
      vertex 26.691 1 0.368515
      vertex 26.0022 1 0.368515
      vertex 26.3466 1 0.300003
    endloop
  endfacet
  facet normal 0 -1 0
    outer loop
      vertex 32.0292 1 3.75032
      vertex 37.7118 1 2.24968
      vertex 32.3736 1 5.63148
    endloop
  endfacet
  facet normal -0 -1 0
    outer loop
      vertex 37.7118 1 2.24968
      vertex 32.0292 1 3.75032
      vertex 37.3674 1 0.368515
    endloop
  endfacet
  facet normal 0 -1 0
    outer loop
      vertex 43.05 1 5.63148
      vertex 43.7388 1 5.63148
      vertex 43.3944 1 5.7
    endloop
  endfacet
  facet normal 0 -1 0
    outer loop
      vertex 43.05 1 5.63148
      vertex 43.3944 1 3.75032
      vertex 43.7388 1 5.63148
    endloop
  endfacet
  facet normal 0 -1 0
    outer loop
      vertex 37.7118 1 2.24968
      vertex 43.3944 1 3.75032
      vertex 43.05 1 5.63148
    endloop
  endfacet
  facet normal 0 -1 0
    outer loop
      vertex 38.0562 1 0.368515
      vertex 37.7118 1 2.24968
      vertex 37.3674 1 0.368515
    endloop
  endfacet
  facet normal 0 -1 0
    outer loop
      vertex 37.7118 1 2.24968
      vertex 38.0562 1 0.368515
      vertex 43.3944 1 3.75032
    endloop
  endfacet
  facet normal -0 -1 0
    outer loop
      vertex 38.0562 1 0.368515
      vertex 37.3674 1 0.368515
      vertex 37.7118 1 0.300003
    endloop
  endfacet
  facet normal 0 -1 0
    outer loop
      vertex 43.3944 1 3.75032
      vertex 49.1378 1 2.21118
      vertex 43.7388 1 5.63148
    endloop
  endfacet
  facet normal 0 -1 0
    outer loop
      vertex 57.195 1 2.10001
      vertex 57.195 1 3.89999
      vertex 53.3259 1 2.10001
    endloop
  endfacet
  facet normal 0 -1 0
    outer loop
      vertex 48.7326 1 0.368515
      vertex 49.1378 1 2.21118
      vertex 43.3944 1 3.75032
    endloop
  endfacet
  facet normal 0 -1 0
    outer loop
      vertex 49.4214 1 0.368515
      vertex 49.1378 1 2.21118
      vertex 48.7326 1 0.368515
    endloop
  endfacet
  facet normal 0 -1 0
    outer loop
      vertex 49.1378 1 2.21118
      vertex 49.4214 1 0.368515
      vertex 53.3259 1 2.10001
    endloop
  endfacet
  facet normal -0 -1 0
    outer loop
      vertex 49.4214 1 0.368515
      vertex 48.7326 1 0.368515
      vertex 49.077 1 0.300003
    endloop
  endfacet
  facet normal 0 -1 0
    outer loop
      vertex 53.3259 1 2.10001
      vertex 53.136 1 3.89999
      vertex 52.7916 1 3.83148
    endloop
  endfacet
  facet normal 0 -1 0
    outer loop
      vertex 53.3259 1 2.10001
      vertex 57.195 1 3.89999
      vertex 53.136 1 3.89999
    endloop
  endfacet
  facet normal 0 -1 0
    outer loop
      vertex 57.195 1 3.89999
      vertex 57.5394 1 2.16852
      vertex 57.5394 1 3.83148
    endloop
  endfacet
  facet normal 0 -1 0
    outer loop
      vertex 57.5394 1 3.83148
      vertex 57.5394 1 2.16852
      vertex 57.8314 1 3.63638
    endloop
  endfacet
  facet normal 0 -1 -0
    outer loop
      vertex 57.8314 1 3.63638
      vertex 57.5394 1 2.16852
      vertex 58.0265 1 3.34441
    endloop
  endfacet
  facet normal 0 -1 -0
    outer loop
      vertex 58.0265 1 3.34441
      vertex 57.5394 1 2.16852
      vertex 58.095 1 3
    endloop
  endfacet
  facet normal 0 -1 0
    outer loop
      vertex 58.095 1 3
      vertex 57.5394 1 2.16852
      vertex 58.0265 1 2.65559
    endloop
  endfacet
  facet normal 0 -1 0
    outer loop
      vertex 53.3259 1 2.10001
      vertex 52.7916 1 3.83148
      vertex 49.1378 1 2.21118
    endloop
  endfacet
  facet normal 0 -1 0
    outer loop
      vertex 58.0265 1 2.65559
      vertex 57.5394 1 2.16852
      vertex 57.8314 1 2.36362
    endloop
  endfacet
  facet normal 0 -1 0
    outer loop
      vertex 57.195 1 3.89999
      vertex 57.195 1 2.10001
      vertex 57.5394 1 2.16852
    endloop
  endfacet
  facet normal 0.535156 0 -0.844753
    outer loop
      vertex 26.2858 0 2.21118
      vertex 31.6848 1 5.63148
      vertex 31.6848 0 5.63148
    endloop
  endfacet
  facet normal 0.535156 0 -0.844753
    outer loop
      vertex 31.6848 1 5.63148
      vertex 26.2858 0 2.21118
      vertex 26.2858 1 2.21118
    endloop
  endfacet
  facet normal 0.19513 0 -0.980777
    outer loop
      vertex 31.6848 0 5.63148
      vertex 32.0292 1 5.7
      vertex 32.0292 0 5.7
    endloop
  endfacet
  facet normal 0.19513 0 -0.980777
    outer loop
      vertex 32.0292 1 5.7
      vertex 31.6848 0 5.63148
      vertex 31.6848 1 5.63148
    endloop
  endfacet
  facet normal -0.19513 0 -0.980777
    outer loop
      vertex 32.0292 0 5.7
      vertex 32.3736 1 5.63148
      vertex 32.3736 0 5.63148
    endloop
  endfacet
  facet normal -0.19513 0 -0.980777
    outer loop
      vertex 32.3736 1 5.63148
      vertex 32.0292 0 5.7
      vertex 32.0292 1 5.7
    endloop
  endfacet
  facet normal -0.535158 0 -0.844752
    outer loop
      vertex 32.3736 0 5.63148
      vertex 37.7118 1 2.24968
      vertex 37.7118 0 2.24968
    endloop
  endfacet
  facet normal -0.535158 0 -0.844752
    outer loop
      vertex 37.7118 1 2.24968
      vertex 32.3736 0 5.63148
      vertex 32.3736 1 5.63148
    endloop
  endfacet
  facet normal 0.535158 0 -0.844752
    outer loop
      vertex 37.7118 0 2.24968
      vertex 43.05 1 5.63148
      vertex 43.05 0 5.63148
    endloop
  endfacet
  facet normal 0.535158 0 -0.844752
    outer loop
      vertex 43.05 1 5.63148
      vertex 37.7118 0 2.24968
      vertex 37.7118 1 2.24968
    endloop
  endfacet
  facet normal 0.19513 0 -0.980777
    outer loop
      vertex 43.05 0 5.63148
      vertex 43.3944 1 5.7
      vertex 43.3944 0 5.7
    endloop
  endfacet
  facet normal 0.19513 0 -0.980777
    outer loop
      vertex 43.3944 1 5.7
      vertex 43.05 0 5.63148
      vertex 43.05 1 5.63148
    endloop
  endfacet
  facet normal -0.19513 0 -0.980777
    outer loop
      vertex 43.3944 0 5.7
      vertex 43.7388 1 5.63148
      vertex 43.7388 0 5.63148
    endloop
  endfacet
  facet normal -0.19513 0 -0.980777
    outer loop
      vertex 43.7388 1 5.63148
      vertex 43.3944 0 5.7
      vertex 43.3944 1 5.7
    endloop
  endfacet
  facet normal -0.535156 0 -0.844753
    outer loop
      vertex 43.7388 0 5.63148
      vertex 49.1378 1 2.21118
      vertex 49.1378 0 2.21118
    endloop
  endfacet
  facet normal -0.535156 0 -0.844753
    outer loop
      vertex 49.1378 1 2.21118
      vertex 43.7388 0 5.63148
      vertex 43.7388 1 5.63148
    endloop
  endfacet
  facet normal 0.405384 0 -0.914147
    outer loop
      vertex 49.1378 0 2.21118
      vertex 52.7916 1 3.83148
      vertex 52.7916 0 3.83148
    endloop
  endfacet
  facet normal 0.405384 0 -0.914147
    outer loop
      vertex 52.7916 1 3.83148
      vertex 49.1378 0 2.21118
      vertex 49.1378 1 2.21118
    endloop
  endfacet
  facet normal 0.195103 0 -0.980783
    outer loop
      vertex 52.7916 0 3.83148
      vertex 53.136 1 3.89999
      vertex 53.136 0 3.89999
    endloop
  endfacet
  facet normal 0.195103 0 -0.980783
    outer loop
      vertex 53.136 1 3.89999
      vertex 52.7916 0 3.83148
      vertex 52.7916 1 3.83148
    endloop
  endfacet
  facet normal 0 0 -1
    outer loop
      vertex 53.136 0 3.89999
      vertex 57.195 1 3.89999
      vertex 57.195 0 3.89999
    endloop
  endfacet
  facet normal -0 0 -1
    outer loop
      vertex 57.195 1 3.89999
      vertex 53.136 0 3.89999
      vertex 53.136 1 3.89999
    endloop
  endfacet
  facet normal -0.195103 0 -0.980783
    outer loop
      vertex 57.195 0 3.89999
      vertex 57.5394 1 3.83148
      vertex 57.5394 0 3.83148
    endloop
  endfacet
  facet normal -0.195103 0 -0.980783
    outer loop
      vertex 57.5394 1 3.83148
      vertex 57.195 0 3.89999
      vertex 57.195 1 3.89999
    endloop
  endfacet
  facet normal -0.555554 0 -0.83148
    outer loop
      vertex 57.5394 0 3.83148
      vertex 57.8314 1 3.63638
      vertex 57.8314 0 3.63638
    endloop
  endfacet
  facet normal -0.555554 0 -0.83148
    outer loop
      vertex 57.8314 1 3.63638
      vertex 57.5394 0 3.83148
      vertex 57.5394 1 3.83148
    endloop
  endfacet
  facet normal -0.831454 0 -0.555594
    outer loop
      vertex 58.0265 0 3.34441
      vertex 57.8314 1 3.63638
      vertex 58.0265 1 3.34441
    endloop
  endfacet
  facet normal -0.831454 -0 -0.555594
    outer loop
      vertex 57.8314 1 3.63638
      vertex 58.0265 0 3.34441
      vertex 57.8314 0 3.63638
    endloop
  endfacet
  facet normal -0.980789 0 -0.19507
    outer loop
      vertex 58.095 0 3
      vertex 58.0265 1 3.34441
      vertex 58.095 1 3
    endloop
  endfacet
  facet normal -0.980789 -0 -0.19507
    outer loop
      vertex 58.0265 1 3.34441
      vertex 58.095 0 3
      vertex 58.0265 0 3.34441
    endloop
  endfacet
  facet normal -0.980789 0 0.19507
    outer loop
      vertex 58.0265 0 2.65559
      vertex 58.095 1 3
      vertex 58.0265 1 2.65559
    endloop
  endfacet
  facet normal -0.980789 0 0.19507
    outer loop
      vertex 58.095 1 3
      vertex 58.0265 0 2.65559
      vertex 58.095 0 3
    endloop
  endfacet
  facet normal -0.831454 0 0.555594
    outer loop
      vertex 57.8314 0 2.36362
      vertex 58.0265 1 2.65559
      vertex 57.8314 1 2.36362
    endloop
  endfacet
  facet normal -0.831454 0 0.555594
    outer loop
      vertex 58.0265 1 2.65559
      vertex 57.8314 0 2.36362
      vertex 58.0265 0 2.65559
    endloop
  endfacet
  facet normal -0.555554 0 0.83148
    outer loop
      vertex 57.5394 1 2.16852
      vertex 57.8314 0 2.36362
      vertex 57.8314 1 2.36362
    endloop
  endfacet
  facet normal -0.555554 0 0.83148
    outer loop
      vertex 57.8314 0 2.36362
      vertex 57.5394 1 2.16852
      vertex 57.5394 0 2.16852
    endloop
  endfacet
  facet normal -0.195103 0 0.980783
    outer loop
      vertex 57.195 1 2.10001
      vertex 57.5394 0 2.16852
      vertex 57.5394 1 2.16852
    endloop
  endfacet
  facet normal -0.195103 0 0.980783
    outer loop
      vertex 57.5394 0 2.16852
      vertex 57.195 1 2.10001
      vertex 57.195 0 2.10001
    endloop
  endfacet
  facet normal -0 0 1
    outer loop
      vertex 53.3259 1 2.10001
      vertex 57.195 0 2.10001
      vertex 57.195 1 2.10001
    endloop
  endfacet
  facet normal 0 0 1
    outer loop
      vertex 57.195 0 2.10001
      vertex 53.3259 1 2.10001
      vertex 53.3259 0 2.10001
    endloop
  endfacet
  facet normal -0.405388 0 0.914145
    outer loop
      vertex 49.4214 1 0.368515
      vertex 53.3259 0 2.10001
      vertex 53.3259 1 2.10001
    endloop
  endfacet
  facet normal -0.405388 0 0.914145
    outer loop
      vertex 53.3259 0 2.10001
      vertex 49.4214 1 0.368515
      vertex 49.4214 0 0.368515
    endloop
  endfacet
  facet normal -0.195108 0 0.980782
    outer loop
      vertex 49.077 1 0.300003
      vertex 49.4214 0 0.368515
      vertex 49.4214 1 0.368515
    endloop
  endfacet
  facet normal -0.195108 0 0.980782
    outer loop
      vertex 49.4214 0 0.368515
      vertex 49.077 1 0.300003
      vertex 49.077 0 0.300003
    endloop
  endfacet
  facet normal 0.195108 0 0.980782
    outer loop
      vertex 48.7326 1 0.368515
      vertex 49.077 0 0.300003
      vertex 49.077 1 0.300003
    endloop
  endfacet
  facet normal 0.195108 0 0.980782
    outer loop
      vertex 49.077 0 0.300003
      vertex 48.7326 1 0.368515
      vertex 48.7326 0 0.368515
    endloop
  endfacet
  facet normal 0.535159 0 0.844751
    outer loop
      vertex 43.3944 1 3.75032
      vertex 48.7326 0 0.368515
      vertex 48.7326 1 0.368515
    endloop
  endfacet
  facet normal 0.535159 0 0.844751
    outer loop
      vertex 48.7326 0 0.368515
      vertex 43.3944 1 3.75032
      vertex 43.3944 0 3.75032
    endloop
  endfacet
  facet normal -0.535159 0 0.844751
    outer loop
      vertex 38.0562 1 0.368515
      vertex 43.3944 0 3.75032
      vertex 43.3944 1 3.75032
    endloop
  endfacet
  facet normal -0.535159 0 0.844751
    outer loop
      vertex 43.3944 0 3.75032
      vertex 38.0562 1 0.368515
      vertex 38.0562 0 0.368515
    endloop
  endfacet
  facet normal -0.195108 0 0.980782
    outer loop
      vertex 37.7118 1 0.300003
      vertex 38.0562 0 0.368515
      vertex 38.0562 1 0.368515
    endloop
  endfacet
  facet normal -0.195108 0 0.980782
    outer loop
      vertex 38.0562 0 0.368515
      vertex 37.7118 1 0.300003
      vertex 37.7118 0 0.300003
    endloop
  endfacet
  facet normal 0.195108 0 0.980782
    outer loop
      vertex 37.3674 1 0.368515
      vertex 37.7118 0 0.300003
      vertex 37.7118 1 0.300003
    endloop
  endfacet
  facet normal 0.195108 0 0.980782
    outer loop
      vertex 37.7118 0 0.300003
      vertex 37.3674 1 0.368515
      vertex 37.3674 0 0.368515
    endloop
  endfacet
  facet normal 0.535159 0 0.844751
    outer loop
      vertex 32.0292 1 3.75032
      vertex 37.3674 0 0.368515
      vertex 37.3674 1 0.368515
    endloop
  endfacet
  facet normal 0.535159 0 0.844751
    outer loop
      vertex 37.3674 0 0.368515
      vertex 32.0292 1 3.75032
      vertex 32.0292 0 3.75032
    endloop
  endfacet
  facet normal -0.535159 0 0.844751
    outer loop
      vertex 26.691 1 0.368515
      vertex 32.0292 0 3.75032
      vertex 32.0292 1 3.75032
    endloop
  endfacet
  facet normal -0.535159 0 0.844751
    outer loop
      vertex 32.0292 0 3.75032
      vertex 26.691 1 0.368515
      vertex 26.691 0 0.368515
    endloop
  endfacet
  facet normal -0.195108 0 0.980782
    outer loop
      vertex 26.3466 1 0.300003
      vertex 26.691 0 0.368515
      vertex 26.691 1 0.368515
    endloop
  endfacet
  facet normal -0.195108 0 0.980782
    outer loop
      vertex 26.691 0 0.368515
      vertex 26.3466 1 0.300003
      vertex 26.3466 0 0.300003
    endloop
  endfacet
  facet normal 0.195108 0 0.980782
    outer loop
      vertex 26.0022 1 0.368515
      vertex 26.3466 0 0.300003
      vertex 26.3466 1 0.300003
    endloop
  endfacet
  facet normal 0.195108 0 0.980782
    outer loop
      vertex 26.3466 0 0.300003
      vertex 26.0022 1 0.368515
      vertex 26.0022 0 0.368515
    endloop
  endfacet
  facet normal 0.405388 0 0.914145
    outer loop
      vertex 22.0977 1 2.10001
      vertex 26.0022 0 0.368515
      vertex 26.0022 1 0.368515
    endloop
  endfacet
  facet normal 0.405388 0 0.914145
    outer loop
      vertex 26.0022 0 0.368515
      vertex 22.0977 1 2.10001
      vertex 22.0977 0 2.10001
    endloop
  endfacet
  facet normal -0 0 1
    outer loop
      vertex 16.605 1 2.10001
      vertex 22.0977 0 2.10001
      vertex 22.0977 1 2.10001
    endloop
  endfacet
  facet normal 0 0 1
    outer loop
      vertex 22.0977 0 2.10001
      vertex 16.605 1 2.10001
      vertex 16.605 0 2.10001
    endloop
  endfacet
  facet normal 0.195103 0 0.980783
    outer loop
      vertex 16.2606 1 2.16852
      vertex 16.605 0 2.10001
      vertex 16.605 1 2.10001
    endloop
  endfacet
  facet normal 0.195103 0 0.980783
    outer loop
      vertex 16.605 0 2.10001
      vertex 16.2606 1 2.16852
      vertex 16.2606 0 2.16852
    endloop
  endfacet
  facet normal 0.555554 0 0.83148
    outer loop
      vertex 15.9686 1 2.36362
      vertex 16.2606 0 2.16852
      vertex 16.2606 1 2.16852
    endloop
  endfacet
  facet normal 0.555554 0 0.83148
    outer loop
      vertex 16.2606 0 2.16852
      vertex 15.9686 1 2.36362
      vertex 15.9686 0 2.36362
    endloop
  endfacet
  facet normal 0.831454 -0 0.555594
    outer loop
      vertex 15.7735 0 2.65559
      vertex 15.9686 1 2.36362
      vertex 15.7735 1 2.65559
    endloop
  endfacet
  facet normal 0.831454 0 0.555594
    outer loop
      vertex 15.9686 1 2.36362
      vertex 15.7735 0 2.65559
      vertex 15.9686 0 2.36362
    endloop
  endfacet
  facet normal 0.980789 -0 0.19507
    outer loop
      vertex 15.705 0 3
      vertex 15.7735 1 2.65559
      vertex 15.705 1 3
    endloop
  endfacet
  facet normal 0.980789 0 0.19507
    outer loop
      vertex 15.7735 1 2.65559
      vertex 15.705 0 3
      vertex 15.7735 0 2.65559
    endloop
  endfacet
  facet normal 0.980789 0 -0.19507
    outer loop
      vertex 15.7735 0 3.34441
      vertex 15.705 1 3
      vertex 15.7735 1 3.34441
    endloop
  endfacet
  facet normal 0.980789 0 -0.19507
    outer loop
      vertex 15.705 1 3
      vertex 15.7735 0 3.34441
      vertex 15.705 0 3
    endloop
  endfacet
  facet normal 0.831454 0 -0.555594
    outer loop
      vertex 15.9686 0 3.63638
      vertex 15.7735 1 3.34441
      vertex 15.9686 1 3.63638
    endloop
  endfacet
  facet normal 0.831454 0 -0.555594
    outer loop
      vertex 15.7735 1 3.34441
      vertex 15.9686 0 3.63638
      vertex 15.7735 0 3.34441
    endloop
  endfacet
  facet normal 0.555554 0 -0.83148
    outer loop
      vertex 15.9686 0 3.63638
      vertex 16.2606 1 3.83148
      vertex 16.2606 0 3.83148
    endloop
  endfacet
  facet normal 0.555554 0 -0.83148
    outer loop
      vertex 16.2606 1 3.83148
      vertex 15.9686 0 3.63638
      vertex 15.9686 1 3.63638
    endloop
  endfacet
  facet normal 0.195103 0 -0.980783
    outer loop
      vertex 16.2606 0 3.83148
      vertex 16.605 1 3.89999
      vertex 16.605 0 3.89999
    endloop
  endfacet
  facet normal 0.195103 0 -0.980783
    outer loop
      vertex 16.605 1 3.89999
      vertex 16.2606 0 3.83148
      vertex 16.2606 1 3.83148
    endloop
  endfacet
  facet normal 0 0 -1
    outer loop
      vertex 16.605 0 3.89999
      vertex 22.2876 1 3.89999
      vertex 22.2876 0 3.89999
    endloop
  endfacet
  facet normal -0 0 -1
    outer loop
      vertex 22.2876 1 3.89999
      vertex 16.605 0 3.89999
      vertex 16.605 1 3.89999
    endloop
  endfacet
  facet normal -0.195103 0 -0.980783
    outer loop
      vertex 22.2876 0 3.89999
      vertex 22.632 1 3.83148
      vertex 22.632 0 3.83148
    endloop
  endfacet
  facet normal -0.195103 0 -0.980783
    outer loop
      vertex 22.632 1 3.83148
      vertex 22.2876 0 3.89999
      vertex 22.2876 1 3.89999
    endloop
  endfacet
  facet normal -0.405384 0 -0.914147
    outer loop
      vertex 22.632 0 3.83148
      vertex 26.2858 1 2.21118
      vertex 26.2858 0 2.21118
    endloop
  endfacet
  facet normal -0.405384 0 -0.914147
    outer loop
      vertex 26.2858 1 2.21118
      vertex 22.632 0 3.83148
      vertex 22.632 1 3.83148
    endloop
  endfacet
endsolid OpenSCAD_Model
