solid OpenSCAD_Model
  facet normal -0.999239 0.0390035 0
    outer loop
      vertex 63.6395 -0.125534 0
      vertex 63.6444 0 3.51
      vertex 63.6444 0 0
    endloop
  endfacet
  facet normal -0.999239 0.0390035 0
    outer loop
      vertex 63.6444 0 3.51
      vertex 63.6395 -0.125534 0
      vertex 63.6395 -0.125534 3.51
    endloop
  endfacet
  facet normal -0.993037 -0.117801 0
    outer loop
      vertex 63.6395 0.125534 0
      vertex 63.6247 0.250295 3.51
      vertex 63.6247 0.250295 0
    endloop
  endfacet
  facet normal -0.993037 -0.117801 0
    outer loop
      vertex 63.6247 0.250295 3.51
      vertex 63.6395 0.125534 0
      vertex 63.6395 0.125534 3.51
    endloop
  endfacet
  facet normal -0.999239 -0.0390035 0
    outer loop
      vertex 63.6444 0 0
      vertex 63.6395 0.125534 3.51
      vertex 63.6395 0.125534 0
    endloop
  endfacet
  facet normal -0.999239 -0.0390035 0
    outer loop
      vertex 63.6395 0.125534 3.51
      vertex 63.6444 0 0
      vertex 63.6444 0 3.51
    endloop
  endfacet
  facet normal -0.9808 -0.195018 0
    outer loop
      vertex 63.6247 0.250295 0
      vertex 63.6002 0.373512 3.51
      vertex 63.6002 0.373512 0
    endloop
  endfacet
  facet normal -0.9808 -0.195018 0
    outer loop
      vertex 63.6002 0.373512 3.51
      vertex 63.6247 0.250295 0
      vertex 63.6247 0.250295 3.51
    endloop
  endfacet
  facet normal 0.831457 0.555589 0
    outer loop
      vertex 60.75 -0.940456 3.51
      vertex 60.6802 -0.835998 0
      vertex 60.6802 -0.835998 3.51
    endloop
  endfacet
  facet normal 0.831457 0.555589 0
    outer loop
      vertex 60.6802 -0.835998 0
      vertex 60.75 -0.940456 3.51
      vertex 60.75 -0.940456 0
    endloop
  endfacet
  facet normal 0.618953 0.785428 -0
    outer loop
      vertex 61.104 -1.29443 0
      vertex 61.0053 -1.21665 3.51
      vertex 61.104 -1.29443 3.51
    endloop
  endfacet
  facet normal 0.618953 0.785428 0
    outer loop
      vertex 61.0053 -1.21665 3.51
      vertex 61.104 -1.29443 0
      vertex 61.0053 -1.21665 0
    endloop
  endfacet
  facet normal 0.117529 -0.993069 0
    outer loop
      vertex 61.7941 1.5803 0
      vertex 61.9189 1.59507 3.51
      vertex 61.7941 1.5803 3.51
    endloop
  endfacet
  facet normal 0.117529 -0.993069 0
    outer loop
      vertex 61.9189 1.59507 3.51
      vertex 61.7941 1.5803 0
      vertex 61.9189 1.59507 0
    endloop
  endfacet
  facet normal 0.938148 0.346236 0
    outer loop
      vertex 60.5662 -0.612293 3.51
      vertex 60.5227 -0.494427 0
      vertex 60.5227 -0.494427 3.51
    endloop
  endfacet
  facet normal 0.938148 0.346236 0
    outer loop
      vertex 60.5227 -0.494427 0
      vertex 60.5662 -0.612293 3.51
      vertex 60.5662 -0.612293 0
    endloop
  endfacet
  facet normal -0.734223 0.678908 0
    outer loop
      vertex 63.1758 -1.13137 0
      vertex 63.2611 -1.03912 3.51
      vertex 63.2611 -1.03912 0
    endloop
  endfacet
  facet normal -0.734223 0.678908 0
    outer loop
      vertex 63.2611 -1.03912 3.51
      vertex 63.1758 -1.13137 0
      vertex 63.1758 -1.13137 3.51
    endloop
  endfacet
  facet normal 0.785241 0.61919 0
    outer loop
      vertex 60.8278 -1.03912 3.51
      vertex 60.75 -0.940456 0
      vertex 60.75 -0.940456 3.51
    endloop
  endfacet
  facet normal 0.785241 0.61919 0
    outer loop
      vertex 60.75 -0.940456 0
      vertex 60.8278 -1.03912 3.51
      vertex 60.8278 -1.03912 0
    endloop
  endfacet
  facet normal -0.0392214 -0.999231 0
    outer loop
      vertex 62.0444 1.6 0
      vertex 62.17 1.59507 3.51
      vertex 62.0444 1.6 3.51
    endloop
  endfacet
  facet normal -0.0392214 -0.999231 -0
    outer loop
      vertex 62.17 1.59507 3.51
      vertex 62.0444 1.6 0
      vertex 62.17 1.59507 0
    endloop
  endfacet
  facet normal 0.99313 0.117016 0
    outer loop
      vertex 60.4641 -0.250295 3.51
      vertex 60.4494 -0.125534 0
      vertex 60.4494 -0.125534 3.51
    endloop
  endfacet
  facet normal 0.99313 0.117016 0
    outer loop
      vertex 60.4494 -0.125534 0
      vertex 60.4641 -0.250295 3.51
      vertex 60.4641 -0.250295 0
    endloop
  endfacet
  facet normal 0.117529 0.993069 -0
    outer loop
      vertex 61.9189 -1.59507 0
      vertex 61.7941 -1.5803 3.51
      vertex 61.9189 -1.59507 3.51
    endloop
  endfacet
  facet normal 0.117529 0.993069 0
    outer loop
      vertex 61.7941 -1.5803 3.51
      vertex 61.9189 -1.59507 0
      vertex 61.7941 -1.5803 0
    endloop
  endfacet
  facet normal -0.0392214 0.999231 0
    outer loop
      vertex 62.17 -1.59507 0
      vertex 62.0444 -1.6 3.51
      vertex 62.17 -1.59507 3.51
    endloop
  endfacet
  facet normal -0.0392214 0.999231 0
    outer loop
      vertex 62.0444 -1.6 3.51
      vertex 62.17 -1.59507 0
      vertex 62.0444 -1.6 0
    endloop
  endfacet
  facet normal -0.195121 0.980779 0
    outer loop
      vertex 62.4179 -1.55579 0
      vertex 62.2947 -1.5803 3.51
      vertex 62.4179 -1.55579 3.51
    endloop
  endfacet
  facet normal -0.195121 0.980779 0
    outer loop
      vertex 62.2947 -1.5803 3.51
      vertex 62.4179 -1.55579 0
      vertex 62.2947 -1.5803 0
    endloop
  endfacet
  facet normal -0.555379 0.831597 0
    outer loop
      vertex 62.9849 -1.29443 0
      vertex 62.8804 -1.36422 3.51
      vertex 62.9849 -1.29443 3.51
    endloop
  endfacet
  facet normal -0.555379 0.831597 0
    outer loop
      vertex 62.8804 -1.36422 3.51
      vertex 62.9849 -1.29443 0
      vertex 62.8804 -1.36422 0
    endloop
  endfacet
  facet normal 0.27146 0.96245 -0
    outer loop
      vertex 61.6709 -1.55579 0
      vertex 61.55 -1.52169 3.51
      vertex 61.6709 -1.55579 3.51
    endloop
  endfacet
  facet normal 0.27146 0.96245 0
    outer loop
      vertex 61.55 -1.52169 3.51
      vertex 61.6709 -1.55579 0
      vertex 61.55 -1.52169 0
    endloop
  endfacet
  facet normal 0.27146 -0.96245 0
    outer loop
      vertex 61.55 1.52169 0
      vertex 61.6709 1.55579 3.51
      vertex 61.55 1.52169 3.51
    endloop
  endfacet
  facet normal 0.27146 -0.96245 0
    outer loop
      vertex 61.6709 1.55579 3.51
      vertex 61.55 1.52169 0
      vertex 61.6709 1.55579 0
    endloop
  endfacet
  facet normal 0.0392526 -0.999229 0
    outer loop
      vertex 61.9189 1.59507 0
      vertex 62.0444 1.6 3.51
      vertex 61.9189 1.59507 3.51
    endloop
  endfacet
  facet normal 0.0392526 -0.999229 0
    outer loop
      vertex 62.0444 1.6 3.51
      vertex 61.9189 1.59507 0
      vertex 62.0444 1.6 0
    endloop
  endfacet
  facet normal -0.785241 0.61919 0
    outer loop
      vertex 63.2611 -1.03912 0
      vertex 63.3389 -0.940456 3.51
      vertex 63.3389 -0.940456 0
    endloop
  endfacet
  facet normal -0.785241 0.61919 0
    outer loop
      vertex 63.3389 -0.940456 3.51
      vertex 63.2611 -1.03912 0
      vertex 63.2611 -1.03912 3.51
    endloop
  endfacet
  facet normal 0.195121 -0.980779 0
    outer loop
      vertex 61.6709 1.55579 0
      vertex 61.7941 1.5803 3.51
      vertex 61.6709 1.55579 3.51
    endloop
  endfacet
  facet normal 0.195121 -0.980779 0
    outer loop
      vertex 61.7941 1.5803 3.51
      vertex 61.6709 1.55579 0
      vertex 61.7941 1.5803 0
    endloop
  endfacet
  facet normal -0.734223 -0.678908 0
    outer loop
      vertex 63.2611 1.03912 0
      vertex 63.1758 1.13137 3.51
      vertex 63.1758 1.13137 0
    endloop
  endfacet
  facet normal -0.734223 -0.678908 0
    outer loop
      vertex 63.1758 1.13137 3.51
      vertex 63.2611 1.03912 0
      vertex 63.2611 1.03912 3.51
    endloop
  endfacet
  facet normal 0.999208 -0.0397983 0
    outer loop
      vertex 60.4444 0 3.51
      vertex 60.4494 0.125534 0
      vertex 60.4494 0.125534 3.51
    endloop
  endfacet
  facet normal 0.999208 -0.0397983 0
    outer loop
      vertex 60.4494 0.125534 0
      vertex 60.4444 0 3.51
      vertex 60.4444 0 0
    endloop
  endfacet
  facet normal -0.117622 0.993058 0
    outer loop
      vertex 62.2947 -1.5803 0
      vertex 62.17 -1.59507 3.51
      vertex 62.2947 -1.5803 3.51
    endloop
  endfacet
  facet normal -0.117622 0.993058 0
    outer loop
      vertex 62.17 -1.59507 3.51
      vertex 62.2947 -1.5803 0
      vertex 62.17 -1.59507 0
    endloop
  endfacet
  facet normal -0.346266 -0.938136 0
    outer loop
      vertex 62.5389 1.52169 0
      vertex 62.6567 1.47821 3.51
      vertex 62.5389 1.52169 3.51
    endloop
  endfacet
  facet normal -0.346266 -0.938136 -0
    outer loop
      vertex 62.6567 1.47821 3.51
      vertex 62.5389 1.52169 0
      vertex 62.6567 1.47821 0
    endloop
  endfacet
  facet normal 0.962458 0.271429 0
    outer loop
      vertex 60.5227 -0.494427 3.51
      vertex 60.4886 -0.373512 0
      vertex 60.4886 -0.373512 3.51
    endloop
  endfacet
  facet normal 0.962458 0.271429 0
    outer loop
      vertex 60.4886 -0.373512 0
      vertex 60.5227 -0.494427 3.51
      vertex 60.5227 -0.494427 0
    endloop
  endfacet
  facet normal 0.618953 -0.785428 0
    outer loop
      vertex 61.0053 1.21665 0
      vertex 61.104 1.29443 3.51
      vertex 61.0053 1.21665 3.51
    endloop
  endfacet
  facet normal 0.618953 -0.785428 0
    outer loop
      vertex 61.104 1.29443 3.51
      vertex 61.0053 1.21665 0
      vertex 61.104 1.29443 0
    endloop
  endfacet
  facet normal -0.555379 -0.831597 0
    outer loop
      vertex 62.8804 1.36422 0
      vertex 62.9849 1.29443 3.51
      vertex 62.8804 1.36422 3.51
    endloop
  endfacet
  facet normal -0.555379 -0.831597 -0
    outer loop
      vertex 62.9849 1.29443 3.51
      vertex 62.8804 1.36422 0
      vertex 62.9849 1.29443 0
    endloop
  endfacet
  facet normal -0.117622 -0.993058 0
    outer loop
      vertex 62.17 1.59507 0
      vertex 62.2947 1.5803 3.51
      vertex 62.17 1.59507 3.51
    endloop
  endfacet
  facet normal -0.117622 -0.993058 -0
    outer loop
      vertex 62.2947 1.5803 3.51
      vertex 62.17 1.59507 0
      vertex 62.2947 1.5803 0
    endloop
  endfacet
  facet normal -0.785241 -0.61919 0
    outer loop
      vertex 63.3389 0.940456 0
      vertex 63.2611 1.03912 3.51
      vertex 63.2611 1.03912 0
    endloop
  endfacet
  facet normal -0.785241 -0.61919 0
    outer loop
      vertex 63.2611 1.03912 3.51
      vertex 63.3389 0.940456 0
      vertex 63.3389 0.940456 3.51
    endloop
  endfacet
  facet normal -0.271252 0.962508 0
    outer loop
      vertex 62.5389 -1.52169 0
      vertex 62.4179 -1.55579 3.51
      vertex 62.5389 -1.52169 3.51
    endloop
  endfacet
  facet normal -0.271252 0.962508 0
    outer loop
      vertex 62.4179 -1.55579 3.51
      vertex 62.5389 -1.52169 0
      vertex 62.4179 -1.55579 0
    endloop
  endfacet
  facet normal -0.831457 -0.555589 0
    outer loop
      vertex 63.4087 0.835998 0
      vertex 63.3389 0.940456 3.51
      vertex 63.3389 0.940456 0
    endloop
  endfacet
  facet normal -0.831457 -0.555589 0
    outer loop
      vertex 63.3389 0.940456 3.51
      vertex 63.4087 0.835998 0
      vertex 63.4087 0.835998 3.51
    endloop
  endfacet
  facet normal -0.418654 -0.908146 0
    outer loop
      vertex 62.6567 1.47821 0
      vertex 62.7708 1.42561 3.51
      vertex 62.6567 1.47821 3.51
    endloop
  endfacet
  facet normal -0.418654 -0.908146 -0
    outer loop
      vertex 62.7708 1.42561 3.51
      vertex 62.6567 1.47821 0
      vertex 62.7708 1.42561 0
    endloop
  endfacet
  facet normal 0.99313 -0.117016 0
    outer loop
      vertex 60.4494 0.125534 3.51
      vertex 60.4641 0.250295 0
      vertex 60.4641 0.250295 3.51
    endloop
  endfacet
  facet normal 0.99313 -0.117016 0
    outer loop
      vertex 60.4641 0.250295 0
      vertex 60.4494 0.125534 3.51
      vertex 60.4494 0.125534 0
    endloop
  endfacet
  facet normal 0.785241 -0.61919 0
    outer loop
      vertex 60.75 0.940456 3.51
      vertex 60.8278 1.03912 0
      vertex 60.8278 1.03912 3.51
    endloop
  endfacet
  facet normal 0.785241 -0.61919 0
    outer loop
      vertex 60.8278 1.03912 0
      vertex 60.75 0.940456 3.51
      vertex 60.75 0.940456 0
    endloop
  endfacet
  facet normal -0.962458 -0.271429 0
    outer loop
      vertex 63.6002 0.373512 0
      vertex 63.5661 0.494427 3.51
      vertex 63.5661 0.494427 0
    endloop
  endfacet
  facet normal -0.962458 -0.271429 0
    outer loop
      vertex 63.5661 0.494427 3.51
      vertex 63.6002 0.373512 0
      vertex 63.6002 0.373512 3.51
    endloop
  endfacet
  facet normal 0.962458 -0.271429 0
    outer loop
      vertex 60.4886 0.373512 3.51
      vertex 60.5227 0.494427 0
      vertex 60.5227 0.494427 3.51
    endloop
  endfacet
  facet normal 0.962458 -0.271429 0
    outer loop
      vertex 60.5227 0.494427 0
      vertex 60.4886 0.373512 3.51
      vertex 60.4886 0.373512 0
    endloop
  endfacet
  facet normal 0.555747 -0.831351 0
    outer loop
      vertex 61.104 1.29443 0
      vertex 61.2084 1.36422 3.51
      vertex 61.104 1.29443 3.51
    endloop
  endfacet
  facet normal 0.555747 -0.831351 0
    outer loop
      vertex 61.2084 1.36422 3.51
      vertex 61.104 1.29443 0
      vertex 61.2084 1.36422 0
    endloop
  endfacet
  facet normal -0.488688 0.872459 0
    outer loop
      vertex 62.8804 -1.36422 0
      vertex 62.7708 -1.42561 3.51
      vertex 62.8804 -1.36422 3.51
    endloop
  endfacet
  facet normal -0.488688 0.872459 0
    outer loop
      vertex 62.7708 -1.42561 3.51
      vertex 62.8804 -1.36422 0
      vertex 62.7708 -1.42561 0
    endloop
  endfacet
  facet normal -0.962458 0.271429 0
    outer loop
      vertex 63.5661 -0.494427 0
      vertex 63.6002 -0.373512 3.51
      vertex 63.6002 -0.373512 0
    endloop
  endfacet
  facet normal -0.962458 0.271429 0
    outer loop
      vertex 63.6002 -0.373512 3.51
      vertex 63.5661 -0.494427 0
      vertex 63.5661 -0.494427 3.51
    endloop
  endfacet
  facet normal -0.9808 0.195018 0
    outer loop
      vertex 63.6002 -0.373512 0
      vertex 63.6247 -0.250295 3.51
      vertex 63.6247 -0.250295 0
    endloop
  endfacet
  facet normal -0.9808 0.195018 0
    outer loop
      vertex 63.6247 -0.250295 3.51
      vertex 63.6002 -0.373512 0
      vertex 63.6002 -0.373512 3.51
    endloop
  endfacet
  facet normal 0.938148 -0.346236 0
    outer loop
      vertex 60.5227 0.494427 3.51
      vertex 60.5662 0.612293 0
      vertex 60.5662 0.612293 3.51
    endloop
  endfacet
  facet normal 0.938148 -0.346236 0
    outer loop
      vertex 60.5662 0.612293 0
      vertex 60.5227 0.494427 3.51
      vertex 60.5227 0.494427 0
    endloop
  endfacet
  facet normal -0.908133 0.418682 0
    outer loop
      vertex 63.47 -0.726384 0
      vertex 63.5226 -0.612293 3.51
      vertex 63.5226 -0.612293 0
    endloop
  endfacet
  facet normal -0.908133 0.418682 0
    outer loop
      vertex 63.5226 -0.612293 3.51
      vertex 63.47 -0.726384 0
      vertex 63.47 -0.726384 3.51
    endloop
  endfacet
  facet normal -0.993037 0.117801 0
    outer loop
      vertex 63.6247 -0.250295 0
      vertex 63.6395 -0.125534 3.51
      vertex 63.6395 -0.125534 0
    endloop
  endfacet
  facet normal -0.993037 0.117801 0
    outer loop
      vertex 63.6395 -0.125534 3.51
      vertex 63.6247 -0.250295 0
      vertex 63.6247 -0.250295 3.51
    endloop
  endfacet
  facet normal -0.61934 -0.785123 0
    outer loop
      vertex 62.9849 1.29443 0
      vertex 63.0835 1.21665 3.51
      vertex 62.9849 1.29443 3.51
    endloop
  endfacet
  facet normal -0.61934 -0.785123 -0
    outer loop
      vertex 63.0835 1.21665 3.51
      vertex 62.9849 1.29443 0
      vertex 63.0835 1.21665 0
    endloop
  endfacet
  facet normal -0.678624 -0.734486 0
    outer loop
      vertex 63.0835 1.21665 0
      vertex 63.1758 1.13137 3.51
      vertex 63.0835 1.21665 3.51
    endloop
  endfacet
  facet normal -0.678624 -0.734486 -0
    outer loop
      vertex 63.1758 1.13137 3.51
      vertex 63.0835 1.21665 0
      vertex 63.1758 1.13137 0
    endloop
  endfacet
  facet normal 0.908133 0.418682 0
    outer loop
      vertex 60.6188 -0.726384 3.51
      vertex 60.5662 -0.612293 0
      vertex 60.5662 -0.612293 3.51
    endloop
  endfacet
  facet normal 0.908133 0.418682 0
    outer loop
      vertex 60.5662 -0.612293 0
      vertex 60.6188 -0.726384 3.51
      vertex 60.6188 -0.726384 0
    endloop
  endfacet
  facet normal 0.734223 -0.678908 0
    outer loop
      vertex 60.8278 1.03912 3.51
      vertex 60.9131 1.13137 0
      vertex 60.9131 1.13137 3.51
    endloop
  endfacet
  facet normal 0.734223 -0.678908 0
    outer loop
      vertex 60.9131 1.13137 0
      vertex 60.8278 1.03912 3.51
      vertex 60.8278 1.03912 0
    endloop
  endfacet
  facet normal -0.346266 0.938136 0
    outer loop
      vertex 62.6567 -1.47821 0
      vertex 62.5389 -1.52169 3.51
      vertex 62.6567 -1.47821 3.51
    endloop
  endfacet
  facet normal -0.346266 0.938136 0
    outer loop
      vertex 62.5389 -1.52169 3.51
      vertex 62.6567 -1.47821 0
      vertex 62.5389 -1.52169 0
    endloop
  endfacet
  facet normal -0.87279 -0.488095 0
    outer loop
      vertex 63.47 0.726384 0
      vertex 63.4087 0.835998 3.51
      vertex 63.4087 0.835998 0
    endloop
  endfacet
  facet normal -0.87279 -0.488095 0
    outer loop
      vertex 63.4087 0.835998 3.51
      vertex 63.47 0.726384 0
      vertex 63.47 0.726384 3.51
    endloop
  endfacet
  facet normal -0.488688 -0.872459 0
    outer loop
      vertex 62.7708 1.42561 0
      vertex 62.8804 1.36422 3.51
      vertex 62.7708 1.42561 3.51
    endloop
  endfacet
  facet normal -0.488688 -0.872459 -0
    outer loop
      vertex 62.8804 1.36422 3.51
      vertex 62.7708 1.42561 0
      vertex 62.8804 1.36422 0
    endloop
  endfacet
  facet normal -0.678624 0.734486 0
    outer loop
      vertex 63.1758 -1.13137 0
      vertex 63.0835 -1.21665 3.51
      vertex 63.1758 -1.13137 3.51
    endloop
  endfacet
  facet normal -0.678624 0.734486 0
    outer loop
      vertex 63.0835 -1.21665 3.51
      vertex 63.1758 -1.13137 0
      vertex 63.0835 -1.21665 0
    endloop
  endfacet
  facet normal 0.195121 0.980779 -0
    outer loop
      vertex 61.7941 -1.5803 0
      vertex 61.6709 -1.55579 3.51
      vertex 61.7941 -1.5803 3.51
    endloop
  endfacet
  facet normal 0.195121 0.980779 0
    outer loop
      vertex 61.6709 -1.55579 3.51
      vertex 61.7941 -1.5803 0
      vertex 61.6709 -1.55579 0
    endloop
  endfacet
  facet normal 0.679021 -0.734119 0
    outer loop
      vertex 60.9131 1.13137 0
      vertex 61.0053 1.21665 3.51
      vertex 60.9131 1.13137 3.51
    endloop
  endfacet
  facet normal 0.679021 -0.734119 0
    outer loop
      vertex 61.0053 1.21665 3.51
      vertex 60.9131 1.13137 0
      vertex 61.0053 1.21665 0
    endloop
  endfacet
  facet normal -0.908133 -0.418682 0
    outer loop
      vertex 63.5226 0.612293 0
      vertex 63.47 0.726384 3.51
      vertex 63.47 0.726384 0
    endloop
  endfacet
  facet normal -0.908133 -0.418682 0
    outer loop
      vertex 63.47 0.726384 3.51
      vertex 63.5226 0.612293 0
      vertex 63.5226 0.612293 3.51
    endloop
  endfacet
  facet normal 0.872451 -0.488701 0
    outer loop
      vertex 60.6188 0.726384 3.51
      vertex 60.6802 0.835998 0
      vertex 60.6802 0.835998 3.51
    endloop
  endfacet
  facet normal 0.872451 -0.488701 0
    outer loop
      vertex 60.6802 0.835998 0
      vertex 60.6188 0.726384 3.51
      vertex 60.6188 0.726384 0
    endloop
  endfacet
  facet normal 0.418654 -0.908146 0
    outer loop
      vertex 61.318 1.42561 0
      vertex 61.4321 1.47821 3.51
      vertex 61.318 1.42561 3.51
    endloop
  endfacet
  facet normal 0.418654 -0.908146 0
    outer loop
      vertex 61.4321 1.47821 3.51
      vertex 61.318 1.42561 0
      vertex 61.4321 1.47821 0
    endloop
  endfacet
  facet normal 0.488688 -0.872459 0
    outer loop
      vertex 61.2084 1.36422 0
      vertex 61.318 1.42561 3.51
      vertex 61.2084 1.36422 3.51
    endloop
  endfacet
  facet normal 0.488688 -0.872459 0
    outer loop
      vertex 61.318 1.42561 3.51
      vertex 61.2084 1.36422 0
      vertex 61.318 1.42561 0
    endloop
  endfacet
  facet normal 0.346008 -0.938232 0
    outer loop
      vertex 61.4321 1.47821 0
      vertex 61.55 1.52169 3.51
      vertex 61.4321 1.47821 3.51
    endloop
  endfacet
  facet normal 0.346008 -0.938232 0
    outer loop
      vertex 61.55 1.52169 3.51
      vertex 61.4321 1.47821 0
      vertex 61.55 1.52169 0
    endloop
  endfacet
  facet normal 0.9808 0.195018 0
    outer loop
      vertex 60.4886 -0.373512 3.51
      vertex 60.4641 -0.250295 0
      vertex 60.4641 -0.250295 3.51
    endloop
  endfacet
  facet normal 0.9808 0.195018 0
    outer loop
      vertex 60.4641 -0.250295 0
      vertex 60.4886 -0.373512 3.51
      vertex 60.4886 -0.373512 0
    endloop
  endfacet
  facet normal 0.555747 0.831351 -0
    outer loop
      vertex 61.2084 -1.36422 0
      vertex 61.104 -1.29443 3.51
      vertex 61.2084 -1.36422 3.51
    endloop
  endfacet
  facet normal 0.555747 0.831351 0
    outer loop
      vertex 61.104 -1.29443 3.51
      vertex 61.2084 -1.36422 0
      vertex 61.104 -1.29443 0
    endloop
  endfacet
  facet normal 0.999208 0.0397983 0
    outer loop
      vertex 60.4494 -0.125534 3.51
      vertex 60.4444 0 0
      vertex 60.4444 0 3.51
    endloop
  endfacet
  facet normal 0.999208 0.0397983 0
    outer loop
      vertex 60.4444 0 0
      vertex 60.4494 -0.125534 3.51
      vertex 60.4494 -0.125534 0
    endloop
  endfacet
  facet normal 0.0392526 0.999229 -0
    outer loop
      vertex 62.0444 -1.6 0
      vertex 61.9189 -1.59507 3.51
      vertex 62.0444 -1.6 3.51
    endloop
  endfacet
  facet normal 0.0392526 0.999229 0
    outer loop
      vertex 61.9189 -1.59507 3.51
      vertex 62.0444 -1.6 0
      vertex 61.9189 -1.59507 0
    endloop
  endfacet
  facet normal 0.679021 0.734119 -0
    outer loop
      vertex 61.0053 -1.21665 0
      vertex 60.9131 -1.13137 3.51
      vertex 61.0053 -1.21665 3.51
    endloop
  endfacet
  facet normal 0.679021 0.734119 0
    outer loop
      vertex 60.9131 -1.13137 3.51
      vertex 61.0053 -1.21665 0
      vertex 60.9131 -1.13137 0
    endloop
  endfacet
  facet normal 0.9808 -0.195018 0
    outer loop
      vertex 60.4641 0.250295 3.51
      vertex 60.4886 0.373512 0
      vertex 60.4886 0.373512 3.51
    endloop
  endfacet
  facet normal 0.9808 -0.195018 0
    outer loop
      vertex 60.4886 0.373512 0
      vertex 60.4641 0.250295 3.51
      vertex 60.4641 0.250295 0
    endloop
  endfacet
  facet normal 0.734223 0.678908 0
    outer loop
      vertex 60.9131 -1.13137 3.51
      vertex 60.8278 -1.03912 0
      vertex 60.8278 -1.03912 3.51
    endloop
  endfacet
  facet normal 0.734223 0.678908 0
    outer loop
      vertex 60.8278 -1.03912 0
      vertex 60.9131 -1.13137 3.51
      vertex 60.9131 -1.13137 0
    endloop
  endfacet
  facet normal -0.831457 0.555589 0
    outer loop
      vertex 63.3389 -0.940456 0
      vertex 63.4087 -0.835998 3.51
      vertex 63.4087 -0.835998 0
    endloop
  endfacet
  facet normal -0.831457 0.555589 0
    outer loop
      vertex 63.4087 -0.835998 3.51
      vertex 63.3389 -0.940456 0
      vertex 63.3389 -0.940456 3.51
    endloop
  endfacet
  facet normal -0.418654 0.908146 0
    outer loop
      vertex 62.7708 -1.42561 0
      vertex 62.6567 -1.47821 3.51
      vertex 62.7708 -1.42561 3.51
    endloop
  endfacet
  facet normal -0.418654 0.908146 0
    outer loop
      vertex 62.6567 -1.47821 3.51
      vertex 62.7708 -1.42561 0
      vertex 62.6567 -1.47821 0
    endloop
  endfacet
  facet normal -0.938148 0.346236 0
    outer loop
      vertex 63.5226 -0.612293 0
      vertex 63.5661 -0.494427 3.51
      vertex 63.5661 -0.494427 0
    endloop
  endfacet
  facet normal -0.938148 0.346236 0
    outer loop
      vertex 63.5661 -0.494427 3.51
      vertex 63.5226 -0.612293 0
      vertex 63.5226 -0.612293 3.51
    endloop
  endfacet
  facet normal -0.938148 -0.346236 0
    outer loop
      vertex 63.5661 0.494427 0
      vertex 63.5226 0.612293 3.51
      vertex 63.5226 0.612293 0
    endloop
  endfacet
  facet normal -0.938148 -0.346236 0
    outer loop
      vertex 63.5226 0.612293 3.51
      vertex 63.5661 0.494427 0
      vertex 63.5661 0.494427 3.51
    endloop
  endfacet
  facet normal -0.271252 -0.962508 0
    outer loop
      vertex 62.4179 1.55579 0
      vertex 62.5389 1.52169 3.51
      vertex 62.4179 1.55579 3.51
    endloop
  endfacet
  facet normal -0.271252 -0.962508 -0
    outer loop
      vertex 62.5389 1.52169 3.51
      vertex 62.4179 1.55579 0
      vertex 62.5389 1.52169 0
    endloop
  endfacet
  facet normal 0.418654 0.908146 -0
    outer loop
      vertex 61.4321 -1.47821 0
      vertex 61.318 -1.42561 3.51
      vertex 61.4321 -1.47821 3.51
    endloop
  endfacet
  facet normal 0.418654 0.908146 0
    outer loop
      vertex 61.318 -1.42561 3.51
      vertex 61.4321 -1.47821 0
      vertex 61.318 -1.42561 0
    endloop
  endfacet
  facet normal 0.908133 -0.418682 0
    outer loop
      vertex 60.5662 0.612293 3.51
      vertex 60.6188 0.726384 0
      vertex 60.6188 0.726384 3.51
    endloop
  endfacet
  facet normal 0.908133 -0.418682 0
    outer loop
      vertex 60.6188 0.726384 0
      vertex 60.5662 0.612293 3.51
      vertex 60.5662 0.612293 0
    endloop
  endfacet
  facet normal -0.87279 0.488095 0
    outer loop
      vertex 63.4087 -0.835998 0
      vertex 63.47 -0.726384 3.51
      vertex 63.47 -0.726384 0
    endloop
  endfacet
  facet normal -0.87279 0.488095 0
    outer loop
      vertex 63.47 -0.726384 3.51
      vertex 63.4087 -0.835998 0
      vertex 63.4087 -0.835998 3.51
    endloop
  endfacet
  facet normal 0.346008 0.938232 -0
    outer loop
      vertex 61.55 -1.52169 0
      vertex 61.4321 -1.47821 3.51
      vertex 61.55 -1.52169 3.51
    endloop
  endfacet
  facet normal 0.346008 0.938232 0
    outer loop
      vertex 61.4321 -1.47821 3.51
      vertex 61.55 -1.52169 0
      vertex 61.4321 -1.47821 0
    endloop
  endfacet
  facet normal 0.872451 0.488701 0
    outer loop
      vertex 60.6802 -0.835998 3.51
      vertex 60.6188 -0.726384 0
      vertex 60.6188 -0.726384 3.51
    endloop
  endfacet
  facet normal 0.872451 0.488701 0
    outer loop
      vertex 60.6188 -0.726384 0
      vertex 60.6802 -0.835998 3.51
      vertex 60.6802 -0.835998 0
    endloop
  endfacet
  facet normal -0.61934 0.785123 0
    outer loop
      vertex 63.0835 -1.21665 0
      vertex 62.9849 -1.29443 3.51
      vertex 63.0835 -1.21665 3.51
    endloop
  endfacet
  facet normal -0.61934 0.785123 0
    outer loop
      vertex 62.9849 -1.29443 3.51
      vertex 63.0835 -1.21665 0
      vertex 62.9849 -1.29443 0
    endloop
  endfacet
  facet normal -0.195121 -0.980779 0
    outer loop
      vertex 62.2947 1.5803 0
      vertex 62.4179 1.55579 3.51
      vertex 62.2947 1.5803 3.51
    endloop
  endfacet
  facet normal -0.195121 -0.980779 -0
    outer loop
      vertex 62.4179 1.55579 3.51
      vertex 62.2947 1.5803 0
      vertex 62.4179 1.55579 0
    endloop
  endfacet
  facet normal 0.488688 0.872459 -0
    outer loop
      vertex 61.318 -1.42561 0
      vertex 61.2084 -1.36422 3.51
      vertex 61.318 -1.42561 3.51
    endloop
  endfacet
  facet normal 0.488688 0.872459 0
    outer loop
      vertex 61.2084 -1.36422 3.51
      vertex 61.318 -1.42561 0
      vertex 61.2084 -1.36422 0
    endloop
  endfacet
  facet normal 0.831457 -0.555589 0
    outer loop
      vertex 60.6802 0.835998 3.51
      vertex 60.75 0.940456 0
      vertex 60.75 0.940456 3.51
    endloop
  endfacet
  facet normal 0.831457 -0.555589 0
    outer loop
      vertex 60.75 0.940456 0
      vertex 60.6802 0.835998 3.51
      vertex 60.6802 0.835998 0
    endloop
  endfacet
  facet normal 0.768612 -0.639715 0
    outer loop
      vertex -32.2916 54.7061 3.51
      vertex -32.2112 54.8027 0
      vertex -32.2112 54.8027 3.51
    endloop
  endfacet
  facet normal 0.768612 -0.639715 0
    outer loop
      vertex -32.2112 54.8027 0
      vertex -32.2916 54.7061 3.51
      vertex -32.2916 54.7061 0
    endloop
  endfacet
  facet normal 0.598725 -0.800954 0
    outer loop
      vertex -32.0291 54.9755 0
      vertex -31.9285 55.0507 3.51
      vertex -32.0291 54.9755 3.51
    endloop
  endfacet
  facet normal 0.598725 -0.800954 0
    outer loop
      vertex -31.9285 55.0507 3.51
      vertex -32.0291 54.9755 0
      vertex -31.9285 55.0507 0
    endloop
  endfacet
  facet normal 0.533214 -0.84598 0
    outer loop
      vertex -31.9285 55.0507 0
      vertex -31.8222 55.1177 3.51
      vertex -31.9285 55.0507 3.51
    endloop
  endfacet
  facet normal 0.533214 -0.84598 0
    outer loop
      vertex -31.8222 55.1177 3.51
      vertex -31.9285 55.0507 0
      vertex -31.8222 55.1177 0
    endloop
  endfacet
  facet normal 0.659012 -0.752133 0
    outer loop
      vertex -32.1236 54.8927 0
      vertex -32.0291 54.9755 3.51
      vertex -32.1236 54.8927 3.51
    endloop
  endfacet
  facet normal 0.659012 -0.752133 0
    outer loop
      vertex -32.0291 54.9755 3.51
      vertex -32.1236 54.8927 0
      vertex -32.0291 54.9755 0
    endloop
  endfacet
  facet normal 0.751787 0.659406 0
    outer loop
      vertex -32.1828 52.6307 3.51
      vertex -32.2656 52.7251 0
      vertex -32.2656 52.7251 3.51
    endloop
  endfacet
  facet normal 0.751787 0.659406 0
    outer loop
      vertex -32.2656 52.7251 0
      vertex -32.1828 52.6307 3.51
      vertex -32.1828 52.6307 0
    endloop
  endfacet
  facet normal 0.39488 -0.918733 0
    outer loop
      vertex -31.711 55.1762 0
      vertex -31.5956 55.2258 3.51
      vertex -31.711 55.1762 3.51
    endloop
  endfacet
  facet normal 0.39488 -0.918733 0
    outer loop
      vertex -31.5956 55.2258 3.51
      vertex -31.711 55.1762 0
      vertex -31.5956 55.2258 0
    endloop
  endfacet
  facet normal 0.296099 0.955157 -0
    outer loop
      vertex -31.4363 52.1866 0
      vertex -31.5563 52.2238 3.51
      vertex -31.4363 52.1866 3.51
    endloop
  endfacet
  facet normal 0.296099 0.955157 0
    outer loop
      vertex -31.5563 52.2238 3.51
      vertex -31.4363 52.1866 0
      vertex -31.5563 52.2238 0
    endloop
  endfacet
  facet normal 0.441792 0.897117 -0
    outer loop
      vertex -31.673 52.2704 0
      vertex -31.7857 52.3259 3.51
      vertex -31.673 52.2704 3.51
    endloop
  endfacet
  facet normal 0.441792 0.897117 0
    outer loop
      vertex -31.7857 52.3259 3.51
      vertex -31.673 52.2704 0
      vertex -31.7857 52.3259 0
    endloop
  endfacet
  facet normal -0.511568 -0.859243 0
    outer loop
      vertex -30.2588 55.1382 0
      vertex -30.1508 55.0739 3.51
      vertex -30.2588 55.1382 3.51
    endloop
  endfacet
  facet normal -0.511568 -0.859243 -0
    outer loop
      vertex -30.1508 55.0739 3.51
      vertex -30.2588 55.1382 0
      vertex -30.1508 55.0739 0
    endloop
  endfacet
  facet normal 0.16956 -0.98552 0
    outer loop
      vertex -31.3549 55.2971 0
      vertex -31.2311 55.3184 3.51
      vertex -31.3549 55.2971 3.51
    endloop
  endfacet
  facet normal 0.16956 -0.98552 0
    outer loop
      vertex -31.2311 55.3184 3.51
      vertex -31.3549 55.2971 0
      vertex -31.2311 55.3184 0
    endloop
  endfacet
  facet normal -0.80124 -0.598344 0
    outer loop
      vertex -29.7036 54.6383 0
      vertex -29.7788 54.739 3.51
      vertex -29.7788 54.739 0
    endloop
  endfacet
  facet normal -0.80124 -0.598344 0
    outer loop
      vertex -29.7788 54.739 3.51
      vertex -29.7036 54.6383 0
      vertex -29.7036 54.6383 3.51
    endloop
  endfacet
  facet normal -0.896802 0.442433 0
    outer loop
      vertex -29.6161 52.9686 0
      vertex -29.5605 53.0813 3.51
      vertex -29.5605 53.0813 0
    endloop
  endfacet
  facet normal -0.896802 0.442433 0
    outer loop
      vertex -29.5605 53.0813 3.51
      vertex -29.6161 52.9686 0
      vertex -29.6161 52.9686 3.51
    endloop
  endfacet
  facet normal 0.816681 -0.577089 0
    outer loop
      vertex -32.3641 54.6035 3.51
      vertex -32.2916 54.7061 0
      vertex -32.2916 54.7061 3.51
    endloop
  endfacet
  facet normal 0.816681 -0.577089 0
    outer loop
      vertex -32.2916 54.7061 0
      vertex -32.3641 54.6035 3.51
      vertex -32.3641 54.6035 0
    endloop
  endfacet
  facet normal -0.533573 0.845754 0
    outer loop
      vertex -30.116 52.4134 0
      vertex -30.2222 52.3464 3.51
      vertex -30.116 52.4134 3.51
    endloop
  endfacet
  facet normal -0.533573 0.845754 0
    outer loop
      vertex -30.2222 52.3464 3.51
      vertex -30.116 52.4134 0
      vertex -30.2222 52.3464 0
    endloop
  endfacet
  facet normal -0.639244 -0.769004 0
    outer loop
      vertex -30.0482 55.0014 0
      vertex -29.9516 54.9211 3.51
      vertex -30.0482 55.0014 3.51
    endloop
  endfacet
  facet normal -0.639244 -0.769004 -0
    outer loop
      vertex -29.9516 54.9211 3.51
      vertex -30.0482 55.0014 0
      vertex -29.9516 54.9211 0
    endloop
  endfacet
  facet normal 0.954862 -0.29705 0
    outer loop
      vertex -32.5677 54.1462 3.51
      vertex -32.5304 54.2661 0
      vertex -32.5304 54.2661 3.51
    endloop
  endfacet
  facet normal 0.954862 -0.29705 0
    outer loop
      vertex -32.5304 54.2661 0
      vertex -32.5677 54.1462 3.51
      vertex -32.5677 54.1462 0
    endloop
  endfacet
  facet normal -0.969294 -0.245905 0
    outer loop
      vertex -29.4572 54.0647 0
      vertex -29.4881 54.1865 3.51
      vertex -29.4881 54.1865 0
    endloop
  endfacet
  facet normal -0.969294 -0.245905 0
    outer loop
      vertex -29.4881 54.1865 3.51
      vertex -29.4572 54.0647 0
      vertex -29.4572 54.0647 3.51
    endloop
  endfacet
  facet normal 0.639244 0.769004 -0
    outer loop
      vertex -31.9962 52.4627 0
      vertex -32.0928 52.543 3.51
      vertex -31.9962 52.4627 3.51
    endloop
  endfacet
  facet normal 0.639244 0.769004 0
    outer loop
      vertex -32.0928 52.543 3.51
      vertex -31.9962 52.4627 0
      vertex -32.0928 52.543 0
    endloop
  endfacet
  facet normal -0.465582 0.885005 0
    outer loop
      vertex -30.2222 52.3464 0
      vertex -30.3334 52.2879 3.51
      vertex -30.2222 52.3464 3.51
    endloop
  endfacet
  facet normal -0.465582 0.885005 0
    outer loop
      vertex -30.3334 52.2879 3.51
      vertex -30.2222 52.3464 0
      vertex -30.3334 52.2879 0
    endloop
  endfacet
  facet normal -0.577089 -0.816681 0
    outer loop
      vertex -30.1508 55.0739 0
      vertex -30.0482 55.0014 3.51
      vertex -30.1508 55.0739 3.51
    endloop
  endfacet
  facet normal -0.577089 -0.816681 -0
    outer loop
      vertex -30.0482 55.0014 3.51
      vertex -30.1508 55.0739 0
      vertex -30.0482 55.0014 0
    endloop
  endfacet
  facet normal -0.885005 -0.465582 0
    outer loop
      vertex -29.5781 54.4209 0
      vertex -29.6366 54.5321 3.51
      vertex -29.6366 54.5321 0
    endloop
  endfacet
  facet normal -0.885005 -0.465582 0
    outer loop
      vertex -29.6366 54.5321 3.51
      vertex -29.5781 54.4209 0
      vertex -29.5781 54.4209 3.51
    endloop
  endfacet
  facet normal 0.995801 0.0915405 0
    outer loop
      vertex -32.6085 53.5232 3.51
      vertex -32.62 53.6483 0
      vertex -32.62 53.6483 3.51
    endloop
  endfacet
  facet normal 0.995801 0.0915405 0
    outer loop
      vertex -32.62 53.6483 0
      vertex -32.6085 53.5232 3.51
      vertex -32.6085 53.5232 0
    endloop
  endfacet
  facet normal 0.246094 -0.969246 0
    outer loop
      vertex -31.4766 55.2662 0
      vertex -31.3549 55.2971 3.51
      vertex -31.4766 55.2662 3.51
    endloop
  endfacet
  facet normal 0.246094 -0.969246 0
    outer loop
      vertex -31.3549 55.2971 3.51
      vertex -31.4766 55.2662 0
      vertex -31.3549 55.2971 0
    endloop
  endfacet
  facet normal 0.896802 -0.442433 0
    outer loop
      vertex -32.4839 54.3828 3.51
      vertex -32.4283 54.4955 0
      vertex -32.4283 54.4955 3.51
    endloop
  endfacet
  facet normal 0.896802 -0.442433 0
    outer loop
      vertex -32.4283 54.4955 0
      vertex -32.4839 54.3828 3.51
      vertex -32.4839 54.3828 0
    endloop
  endfacet
  facet normal 0.98552 0.16956 0
    outer loop
      vertex -32.5872 53.3994 3.51
      vertex -32.6085 53.5232 0
      vertex -32.6085 53.5232 3.51
    endloop
  endfacet
  facet normal 0.98552 0.16956 0
    outer loop
      vertex -32.6085 53.5232 0
      vertex -32.5872 53.3994 3.51
      vertex -32.5872 53.3994 0
    endloop
  endfacet
  facet normal -0.768612 0.639715 0
    outer loop
      vertex -29.8332 52.6614 0
      vertex -29.7528 52.758 3.51
      vertex -29.7528 52.758 0
    endloop
  endfacet
  facet normal -0.768612 0.639715 0
    outer loop
      vertex -29.7528 52.758 3.51
      vertex -29.8332 52.6614 0
      vertex -29.8332 52.6614 3.51
    endloop
  endfacet
  facet normal 0.0652514 0.997869 -0
    outer loop
      vertex -31.0641 52.1326 0
      vertex -31.1895 52.1408 3.51
      vertex -31.0641 52.1326 3.51
    endloop
  endfacet
  facet normal 0.0652514 0.997869 0
    outer loop
      vertex -31.1895 52.1408 3.51
      vertex -31.0641 52.1326 0
      vertex -31.1895 52.1408 0
    endloop
  endfacet
  facet normal 0.577089 0.816681 -0
    outer loop
      vertex -31.8936 52.3902 0
      vertex -31.9962 52.4627 3.51
      vertex -31.8936 52.3902 3.51
    endloop
  endfacet
  facet normal 0.577089 0.816681 0
    outer loop
      vertex -31.9962 52.4627 3.51
      vertex -31.8936 52.3902 0
      vertex -31.9962 52.4627 0
    endloop
  endfacet
  facet normal -0.0653032 -0.997865 0
    outer loop
      vertex -30.9803 55.3315 0
      vertex -30.855 55.3233 3.51
      vertex -30.9803 55.3315 3.51
    endloop
  endfacet
  facet normal -0.0653032 -0.997865 -0
    outer loop
      vertex -30.855 55.3233 3.51
      vertex -30.9803 55.3315 0
      vertex -30.855 55.3233 0
    endloop
  endfacet
  facet normal -0.321475 0.946918 0
    outer loop
      vertex -30.4488 52.2383 0
      vertex -30.5678 52.1979 3.51
      vertex -30.4488 52.2383 3.51
    endloop
  endfacet
  facet normal -0.321475 0.946918 0
    outer loop
      vertex -30.5678 52.1979 3.51
      vertex -30.4488 52.2383 0
      vertex -30.5678 52.1979 0
    endloop
  endfacet
  facet normal 0.969294 0.245905 0
    outer loop
      vertex -32.5563 53.2776 3.51
      vertex -32.5872 53.3994 0
      vertex -32.5872 53.3994 3.51
    endloop
  endfacet
  facet normal 0.969294 0.245905 0
    outer loop
      vertex -32.5872 53.3994 0
      vertex -32.5563 53.2776 3.51
      vertex -32.5563 53.2776 0
    endloop
  endfacet
  facet normal -0.716597 0.697488 0
    outer loop
      vertex -29.9208 52.5714 0
      vertex -29.8332 52.6614 3.51
      vertex -29.8332 52.6614 0
    endloop
  endfacet
  facet normal -0.716597 0.697488 0
    outer loop
      vertex -29.8332 52.6614 3.51
      vertex -29.9208 52.5714 0
      vertex -29.9208 52.5714 3.51
    endloop
  endfacet
  facet normal -0.92897 0.370155 0
    outer loop
      vertex -29.5605 53.0813 0
      vertex -29.514 53.198 3.51
      vertex -29.514 53.198 0
    endloop
  endfacet
  facet normal -0.92897 0.370155 0
    outer loop
      vertex -29.514 53.198 3.51
      vertex -29.5605 53.0813 0
      vertex -29.5605 53.0813 3.51
    endloop
  endfacet
  facet normal -0.442108 -0.896962 0
    outer loop
      vertex -30.3714 55.1937 0
      vertex -30.2588 55.1382 3.51
      vertex -30.3714 55.1937 3.51
    endloop
  endfacet
  facet normal -0.442108 -0.896962 -0
    outer loop
      vertex -30.2588 55.1382 3.51
      vertex -30.3714 55.1937 0
      vertex -30.2588 55.1382 0
    endloop
  endfacet
  facet normal -0.859593 0.51098 0
    outer loop
      vertex -29.6803 52.8606 0
      vertex -29.6161 52.9686 3.51
      vertex -29.6161 52.9686 0
    endloop
  endfacet
  facet normal -0.859593 0.51098 0
    outer loop
      vertex -29.6161 52.9686 3.51
      vertex -29.6803 52.8606 0
      vertex -29.6803 52.8606 3.51
    endloop
  endfacet
  facet normal 0.0915405 -0.995801 0
    outer loop
      vertex -31.2311 55.3184 0
      vertex -31.106 55.3299 3.51
      vertex -31.2311 55.3184 3.51
    endloop
  endfacet
  facet normal 0.0915405 -0.995801 0
    outer loop
      vertex -31.106 55.3299 3.51
      vertex -31.2311 55.3184 0
      vertex -31.106 55.3299 0
    endloop
  endfacet
  facet normal 0.845621 0.533783 0
    outer loop
      vertex -32.3408 52.8258 3.51
      vertex -32.4079 52.9321 0
      vertex -32.4079 52.9321 3.51
    endloop
  endfacet
  facet normal 0.845621 0.533783 0
    outer loop
      vertex -32.4079 52.9321 0
      vertex -32.3408 52.8258 3.51
      vertex -32.3408 52.8258 0
    endloop
  endfacet
  facet normal -0.816681 0.577089 0
    outer loop
      vertex -29.7528 52.758 0
      vertex -29.6803 52.8606 3.51
      vertex -29.6803 52.8606 0
    endloop
  endfacet
  facet normal -0.816681 0.577089 0
    outer loop
      vertex -29.6803 52.8606 3.51
      vertex -29.7528 52.758 0
      vertex -29.7528 52.758 3.51
    endloop
  endfacet
  facet normal 0.465582 -0.885005 0
    outer loop
      vertex -31.8222 55.1177 0
      vertex -31.711 55.1762 3.51
      vertex -31.8222 55.1177 3.51
    endloop
  endfacet
  facet normal 0.465582 -0.885005 0
    outer loop
      vertex -31.711 55.1762 3.51
      vertex -31.8222 55.1177 0
      vertex -31.711 55.1762 0
    endloop
  endfacet
  facet normal 0.221311 0.975203 -0
    outer loop
      vertex -31.3138 52.1588 0
      vertex -31.4363 52.1866 3.51
      vertex -31.3138 52.1588 3.51
    endloop
  endfacet
  facet normal 0.221311 0.975203 0
    outer loop
      vertex -31.4363 52.1866 3.51
      vertex -31.3138 52.1588 0
      vertex -31.4363 52.1866 0
    endloop
  endfacet
  facet normal -0.598344 0.80124 0
    outer loop
      vertex -30.0153 52.4886 0
      vertex -30.116 52.4134 3.51
      vertex -30.0153 52.4886 3.51
    endloop
  endfacet
  facet normal -0.598344 0.80124 0
    outer loop
      vertex -30.116 52.4134 3.51
      vertex -30.0153 52.4886 0
      vertex -30.116 52.4134 0
    endloop
  endfacet
  facet normal 0.697896 0.716199 -0
    outer loop
      vertex -32.0928 52.543 0
      vertex -32.1828 52.6307 3.51
      vertex -32.0928 52.543 3.51
    endloop
  endfacet
  facet normal 0.697896 0.716199 0
    outer loop
      vertex -32.1828 52.6307 3.51
      vertex -32.0928 52.543 0
      vertex -32.1828 52.6307 0
    endloop
  endfacet
  facet normal -0.143203 -0.989693 0
    outer loop
      vertex -30.855 55.3233 0
      vertex -30.7306 55.3053 3.51
      vertex -30.855 55.3233 3.51
    endloop
  endfacet
  facet normal -0.143203 -0.989693 -0
    outer loop
      vertex -30.7306 55.3053 3.51
      vertex -30.855 55.3233 0
      vertex -30.7306 55.3053 0
    endloop
  endfacet
  facet normal -0.946836 -0.321717 0
    outer loop
      vertex -29.4881 54.1865 0
      vertex -29.5285 54.3054 3.51
      vertex -29.5285 54.3054 0
    endloop
  endfacet
  facet normal -0.946836 -0.321717 0
    outer loop
      vertex -29.5285 54.3054 3.51
      vertex -29.4881 54.1865 0
      vertex -29.4881 54.1865 3.51
    endloop
  endfacet
  facet normal -0.659012 0.752133 0
    outer loop
      vertex -29.9208 52.5714 0
      vertex -30.0153 52.4886 3.51
      vertex -29.9208 52.5714 3.51
    endloop
  endfacet
  facet normal -0.659012 0.752133 0
    outer loop
      vertex -30.0153 52.4886 3.51
      vertex -29.9208 52.5714 0
      vertex -30.0153 52.4886 0
    endloop
  endfacet
  facet normal 0.321475 -0.946918 0
    outer loop
      vertex -31.5956 55.2258 0
      vertex -31.4766 55.2662 3.51
      vertex -31.5956 55.2258 3.51
    endloop
  endfacet
  facet normal 0.321475 -0.946918 0
    outer loop
      vertex -31.4766 55.2662 3.51
      vertex -31.5956 55.2258 0
      vertex -31.4766 55.2662 0
    endloop
  endfacet
  facet normal -0.0127378 0.999919 0
    outer loop
      vertex -30.9385 52.1342 0
      vertex -31.0641 52.1326 3.51
      vertex -30.9385 52.1342 3.51
    endloop
  endfacet
  facet normal -0.0127378 0.999919 0
    outer loop
      vertex -31.0641 52.1326 3.51
      vertex -30.9385 52.1342 0
      vertex -31.0641 52.1326 0
    endloop
  endfacet
  facet normal -0.697896 -0.716199 0
    outer loop
      vertex -29.9516 54.9211 0
      vertex -29.8616 54.8334 3.51
      vertex -29.9516 54.9211 3.51
    endloop
  endfacet
  facet normal -0.697896 -0.716199 -0
    outer loop
      vertex -29.8616 54.8334 3.51
      vertex -29.9516 54.9211 0
      vertex -29.8616 54.8334 0
    endloop
  endfacet
  facet normal 0.999908 0.0135338 0
    outer loop
      vertex -32.62 53.6483 3.51
      vertex -32.6217 53.7739 0
      vertex -32.6217 53.7739 3.51
    endloop
  endfacet
  facet normal 0.999908 0.0135338 0
    outer loop
      vertex -32.6217 53.7739 0
      vertex -32.62 53.6483 3.51
      vertex -32.62 53.6483 0
    endloop
  endfacet
  facet normal 0.975413 -0.220383 0
    outer loop
      vertex -32.5954 54.0236 3.51
      vertex -32.5677 54.1462 0
      vertex -32.5677 54.1462 3.51
    endloop
  endfacet
  facet normal 0.975413 -0.220383 0
    outer loop
      vertex -32.5677 54.1462 0
      vertex -32.5954 54.0236 3.51
      vertex -32.5954 54.0236 0
    endloop
  endfacet
  facet normal 0.859593 -0.51098 0
    outer loop
      vertex -32.4283 54.4955 3.51
      vertex -32.3641 54.6035 0
      vertex -32.3641 54.6035 3.51
    endloop
  endfacet
  facet normal 0.859593 -0.51098 0
    outer loop
      vertex -32.3641 54.6035 0
      vertex -32.4283 54.4955 3.51
      vertex -32.4283 54.4955 0
    endloop
  endfacet
  facet normal 0.92897 -0.370155 0
    outer loop
      vertex -32.5304 54.2661 3.51
      vertex -32.4839 54.3828 0
      vertex -32.4839 54.3828 3.51
    endloop
  endfacet
  facet normal 0.92897 -0.370155 0
    outer loop
      vertex -32.4839 54.3828 0
      vertex -32.5304 54.2661 3.51
      vertex -32.5304 54.2661 0
    endloop
  endfacet
  facet normal -0.245905 0.969294 0
    outer loop
      vertex -30.5678 52.1979 0
      vertex -30.6896 52.167 3.51
      vertex -30.5678 52.1979 3.51
    endloop
  endfacet
  facet normal -0.245905 0.969294 0
    outer loop
      vertex -30.6896 52.167 3.51
      vertex -30.5678 52.1979 0
      vertex -30.6896 52.167 0
    endloop
  endfacet
  facet normal -0.845754 -0.533573 0
    outer loop
      vertex -29.6366 54.5321 0
      vertex -29.7036 54.6383 3.51
      vertex -29.7036 54.6383 0
    endloop
  endfacet
  facet normal -0.845754 -0.533573 0
    outer loop
      vertex -29.7036 54.6383 3.51
      vertex -29.6366 54.5321 0
      vertex -29.6366 54.5321 3.51
    endloop
  endfacet
  facet normal 0.370842 0.928696 -0
    outer loop
      vertex -31.5563 52.2238 0
      vertex -31.673 52.2704 3.51
      vertex -31.5563 52.2238 3.51
    endloop
  endfacet
  facet normal 0.370842 0.928696 0
    outer loop
      vertex -31.673 52.2704 3.51
      vertex -31.5563 52.2238 0
      vertex -31.673 52.2704 0
    endloop
  endfacet
  facet normal 0.80124 0.598344 0
    outer loop
      vertex -32.2656 52.7251 3.51
      vertex -32.3408 52.8258 0
      vertex -32.3408 52.8258 3.51
    endloop
  endfacet
  facet normal 0.80124 0.598344 0
    outer loop
      vertex -32.3408 52.8258 0
      vertex -32.2656 52.7251 3.51
      vertex -32.2656 52.7251 0
    endloop
  endfacet
  facet normal 0.0127277 -0.999919 0
    outer loop
      vertex -31.106 55.3299 0
      vertex -30.9803 55.3315 3.51
      vertex -31.106 55.3299 3.51
    endloop
  endfacet
  facet normal 0.0127277 -0.999919 0
    outer loop
      vertex -30.9803 55.3315 3.51
      vertex -31.106 55.3299 0
      vertex -30.9803 55.3315 0
    endloop
  endfacet
  facet normal -0.0915405 0.995801 0
    outer loop
      vertex -30.8134 52.1457 0
      vertex -30.9385 52.1342 3.51
      vertex -30.8134 52.1457 3.51
    endloop
  endfacet
  facet normal -0.0915405 0.995801 0
    outer loop
      vertex -30.9385 52.1342 3.51
      vertex -30.8134 52.1457 0
      vertex -30.9385 52.1342 0
    endloop
  endfacet
  facet normal 0.716597 -0.697488 0
    outer loop
      vertex -32.2112 54.8027 3.51
      vertex -32.1236 54.8927 0
      vertex -32.1236 54.8927 3.51
    endloop
  endfacet
  facet normal 0.716597 -0.697488 0
    outer loop
      vertex -32.1236 54.8927 0
      vertex -32.2112 54.8027 3.51
      vertex -32.2112 54.8027 0
    endloop
  endfacet
  facet normal -0.751787 -0.659406 0
    outer loop
      vertex -29.7788 54.739 0
      vertex -29.8616 54.8334 3.51
      vertex -29.8616 54.8334 0
    endloop
  endfacet
  facet normal -0.751787 -0.659406 0
    outer loop
      vertex -29.8616 54.8334 3.51
      vertex -29.7788 54.739 0
      vertex -29.7788 54.739 3.51
    endloop
  endfacet
  facet normal -0.954862 0.29705 0
    outer loop
      vertex -29.514 53.198 0
      vertex -29.4767 53.3179 3.51
      vertex -29.4767 53.3179 0
    endloop
  endfacet
  facet normal -0.954862 0.29705 0
    outer loop
      vertex -29.4767 53.3179 3.51
      vertex -29.514 53.198 0
      vertex -29.514 53.198 3.51
    endloop
  endfacet
  facet normal 0.919145 0.393919 0
    outer loop
      vertex -32.4664 53.0432 3.51
      vertex -32.5159 53.1587 0
      vertex -32.5159 53.1587 3.51
    endloop
  endfacet
  facet normal 0.919145 0.393919 0
    outer loop
      vertex -32.5159 53.1587 0
      vertex -32.4664 53.0432 3.51
      vertex -32.4664 53.0432 0
    endloop
  endfacet
  facet normal 0.884832 0.465911 0
    outer loop
      vertex -32.4079 52.9321 3.51
      vertex -32.4664 53.0432 0
      vertex -32.4664 53.0432 3.51
    endloop
  endfacet
  facet normal 0.884832 0.465911 0
    outer loop
      vertex -32.4664 53.0432 0
      vertex -32.4079 52.9321 3.51
      vertex -32.4079 52.9321 0
    endloop
  endfacet
  facet normal 0.997817 -0.0660437 0
    outer loop
      vertex -32.6217 53.7739 3.51
      vertex -32.6134 53.8993 0
      vertex -32.6134 53.8993 3.51
    endloop
  endfacet
  facet normal 0.997817 -0.0660437 0
    outer loop
      vertex -32.6134 53.8993 0
      vertex -32.6217 53.7739 3.51
      vertex -32.6217 53.7739 0
    endloop
  endfacet
  facet normal -0.39488 0.918733 0
    outer loop
      vertex -30.3334 52.2879 0
      vertex -30.4488 52.2383 3.51
      vertex -30.3334 52.2879 3.51
    endloop
  endfacet
  facet normal -0.39488 0.918733 0
    outer loop
      vertex -30.4488 52.2383 3.51
      vertex -30.3334 52.2879 0
      vertex -30.4488 52.2383 0
    endloop
  endfacet
  facet normal 0.989677 -0.143316 0
    outer loop
      vertex -32.6134 53.8993 3.51
      vertex -32.5954 54.0236 0
      vertex -32.5954 54.0236 3.51
    endloop
  endfacet
  facet normal 0.989677 -0.143316 0
    outer loop
      vertex -32.5954 54.0236 0
      vertex -32.6134 53.8993 3.51
      vertex -32.6134 53.8993 0
    endloop
  endfacet
  facet normal -0.975413 0.220383 0
    outer loop
      vertex -29.4767 53.3179 0
      vertex -29.449 53.4405 3.51
      vertex -29.449 53.4405 0
    endloop
  endfacet
  facet normal -0.975413 0.220383 0
    outer loop
      vertex -29.449 53.4405 3.51
      vertex -29.4767 53.3179 0
      vertex -29.4767 53.3179 3.51
    endloop
  endfacet
  facet normal -0.918857 -0.394591 0
    outer loop
      vertex -29.5285 54.3054 0
      vertex -29.5781 54.4209 3.51
      vertex -29.5781 54.4209 0
    endloop
  endfacet
  facet normal -0.918857 -0.394591 0
    outer loop
      vertex -29.5781 54.4209 3.51
      vertex -29.5285 54.3054 0
      vertex -29.5285 54.3054 3.51
    endloop
  endfacet
  facet normal -0.221311 -0.975203 0
    outer loop
      vertex -30.7306 55.3053 0
      vertex -30.6081 55.2775 3.51
      vertex -30.7306 55.3053 3.51
    endloop
  endfacet
  facet normal -0.221311 -0.975203 -0
    outer loop
      vertex -30.6081 55.2775 3.51
      vertex -30.7306 55.3053 0
      vertex -30.6081 55.2775 0
    endloop
  endfacet
  facet normal 0.511918 0.859035 -0
    outer loop
      vertex -31.7857 52.3259 0
      vertex -31.8936 52.3902 3.51
      vertex -31.7857 52.3259 3.51
    endloop
  endfacet
  facet normal 0.511918 0.859035 0
    outer loop
      vertex -31.8936 52.3902 3.51
      vertex -31.7857 52.3259 0
      vertex -31.8936 52.3902 0
    endloop
  endfacet
  facet normal 0.946836 0.321717 0
    outer loop
      vertex -32.5159 53.1587 3.51
      vertex -32.5563 53.2776 0
      vertex -32.5563 53.2776 3.51
    endloop
  endfacet
  facet normal 0.946836 0.321717 0
    outer loop
      vertex -32.5563 53.2776 0
      vertex -32.5159 53.1587 3.51
      vertex -32.5159 53.1587 0
    endloop
  endfacet
  facet normal -0.995801 -0.0915405 0
    outer loop
      vertex -29.4244 53.8158 0
      vertex -29.4359 53.9409 3.51
      vertex -29.4359 53.9409 0
    endloop
  endfacet
  facet normal -0.995801 -0.0915405 0
    outer loop
      vertex -29.4359 53.9409 3.51
      vertex -29.4244 53.8158 0
      vertex -29.4244 53.8158 3.51
    endloop
  endfacet
  facet normal -0.997869 0.0652514 0
    outer loop
      vertex -29.431 53.5648 0
      vertex -29.4228 53.6902 3.51
      vertex -29.4228 53.6902 0
    endloop
  endfacet
  facet normal -0.997869 0.0652514 0
    outer loop
      vertex -29.4228 53.6902 3.51
      vertex -29.431 53.5648 0
      vertex -29.431 53.5648 3.51
    endloop
  endfacet
  facet normal -0.16956 0.98552 0
    outer loop
      vertex -30.6896 52.167 0
      vertex -30.8134 52.1457 3.51
      vertex -30.6896 52.167 3.51
    endloop
  endfacet
  facet normal -0.16956 0.98552 0
    outer loop
      vertex -30.8134 52.1457 3.51
      vertex -30.6896 52.167 0
      vertex -30.8134 52.1457 0
    endloop
  endfacet
  facet normal -0.370842 -0.928696 0
    outer loop
      vertex -30.4881 55.2403 0
      vertex -30.3714 55.1937 3.51
      vertex -30.4881 55.2403 3.51
    endloop
  endfacet
  facet normal -0.370842 -0.928696 -0
    outer loop
      vertex -30.3714 55.1937 3.51
      vertex -30.4881 55.2403 0
      vertex -30.3714 55.1937 0
    endloop
  endfacet
  facet normal -0.296099 -0.955157 0
    outer loop
      vertex -30.6081 55.2775 0
      vertex -30.4881 55.2403 3.51
      vertex -30.6081 55.2775 3.51
    endloop
  endfacet
  facet normal -0.296099 -0.955157 -0
    outer loop
      vertex -30.4881 55.2403 3.51
      vertex -30.6081 55.2775 0
      vertex -30.4881 55.2403 0
    endloop
  endfacet
  facet normal -0.999919 -0.0127378 0
    outer loop
      vertex -29.4228 53.6902 0
      vertex -29.4244 53.8158 3.51
      vertex -29.4244 53.8158 0
    endloop
  endfacet
  facet normal -0.999919 -0.0127378 0
    outer loop
      vertex -29.4244 53.8158 3.51
      vertex -29.4228 53.6902 0
      vertex -29.4228 53.6902 3.51
    endloop
  endfacet
  facet normal 0.143316 0.989677 -0
    outer loop
      vertex -31.1895 52.1408 0
      vertex -31.3138 52.1588 3.51
      vertex -31.1895 52.1408 3.51
    endloop
  endfacet
  facet normal 0.143316 0.989677 0
    outer loop
      vertex -31.3138 52.1588 3.51
      vertex -31.1895 52.1408 0
      vertex -31.3138 52.1588 0
    endloop
  endfacet
  facet normal -0.98552 -0.16956 0
    outer loop
      vertex -29.4359 53.9409 0
      vertex -29.4572 54.0647 3.51
      vertex -29.4572 54.0647 0
    endloop
  endfacet
  facet normal -0.98552 -0.16956 0
    outer loop
      vertex -29.4572 54.0647 3.51
      vertex -29.4359 53.9409 0
      vertex -29.4359 53.9409 3.51
    endloop
  endfacet
  facet normal -0.989677 0.143316 0
    outer loop
      vertex -29.449 53.4405 0
      vertex -29.431 53.5648 3.51
      vertex -29.431 53.5648 0
    endloop
  endfacet
  facet normal -0.989677 0.143316 0
    outer loop
      vertex -29.431 53.5648 3.51
      vertex -29.449 53.4405 0
      vertex -29.449 53.4405 3.51
    endloop
  endfacet
  facet normal 0.321475 0.946918 -0
    outer loop
      vertex -31.4766 -55.2662 0
      vertex -31.5956 -55.2258 3.51
      vertex -31.4766 -55.2662 3.51
    endloop
  endfacet
  facet normal 0.321475 0.946918 0
    outer loop
      vertex -31.5956 -55.2258 3.51
      vertex -31.4766 -55.2662 0
      vertex -31.5956 -55.2258 0
    endloop
  endfacet
  facet normal 0.768612 0.639715 0
    outer loop
      vertex -32.2112 -54.8027 3.51
      vertex -32.2916 -54.7061 0
      vertex -32.2916 -54.7061 3.51
    endloop
  endfacet
  facet normal 0.768612 0.639715 0
    outer loop
      vertex -32.2916 -54.7061 0
      vertex -32.2112 -54.8027 3.51
      vertex -32.2112 -54.8027 0
    endloop
  endfacet
  facet normal -0.918857 0.394591 0
    outer loop
      vertex -29.5781 -54.4209 0
      vertex -29.5285 -54.3054 3.51
      vertex -29.5285 -54.3054 0
    endloop
  endfacet
  facet normal -0.918857 0.394591 0
    outer loop
      vertex -29.5285 -54.3054 3.51
      vertex -29.5781 -54.4209 0
      vertex -29.5781 -54.4209 3.51
    endloop
  endfacet
  facet normal 0.995801 -0.0915405 0
    outer loop
      vertex -32.62 -53.6483 3.51
      vertex -32.6085 -53.5232 0
      vertex -32.6085 -53.5232 3.51
    endloop
  endfacet
  facet normal 0.995801 -0.0915405 0
    outer loop
      vertex -32.6085 -53.5232 0
      vertex -32.62 -53.6483 3.51
      vertex -32.62 -53.6483 0
    endloop
  endfacet
  facet normal -0.845754 0.533573 0
    outer loop
      vertex -29.7036 -54.6383 0
      vertex -29.6366 -54.5321 3.51
      vertex -29.6366 -54.5321 0
    endloop
  endfacet
  facet normal -0.845754 0.533573 0
    outer loop
      vertex -29.6366 -54.5321 3.51
      vertex -29.7036 -54.6383 0
      vertex -29.7036 -54.6383 3.51
    endloop
  endfacet
  facet normal 0.92897 0.370155 0
    outer loop
      vertex -32.4839 -54.3828 3.51
      vertex -32.5304 -54.2661 0
      vertex -32.5304 -54.2661 3.51
    endloop
  endfacet
  facet normal 0.92897 0.370155 0
    outer loop
      vertex -32.5304 -54.2661 0
      vertex -32.4839 -54.3828 3.51
      vertex -32.4839 -54.3828 0
    endloop
  endfacet
  facet normal 0.896802 0.442433 0
    outer loop
      vertex -32.4283 -54.4955 3.51
      vertex -32.4839 -54.3828 0
      vertex -32.4839 -54.3828 3.51
    endloop
  endfacet
  facet normal 0.896802 0.442433 0
    outer loop
      vertex -32.4839 -54.3828 0
      vertex -32.4283 -54.4955 3.51
      vertex -32.4283 -54.4955 0
    endloop
  endfacet
  facet normal -0.221311 0.975203 0
    outer loop
      vertex -30.6081 -55.2775 0
      vertex -30.7306 -55.3053 3.51
      vertex -30.6081 -55.2775 3.51
    endloop
  endfacet
  facet normal -0.221311 0.975203 0
    outer loop
      vertex -30.7306 -55.3053 3.51
      vertex -30.6081 -55.2775 0
      vertex -30.7306 -55.3053 0
    endloop
  endfacet
  facet normal 0.221311 -0.975203 0
    outer loop
      vertex -31.4363 -52.1866 0
      vertex -31.3138 -52.1588 3.51
      vertex -31.4363 -52.1866 3.51
    endloop
  endfacet
  facet normal 0.221311 -0.975203 0
    outer loop
      vertex -31.3138 -52.1588 3.51
      vertex -31.4363 -52.1866 0
      vertex -31.3138 -52.1588 0
    endloop
  endfacet
  facet normal -0.321475 -0.946918 0
    outer loop
      vertex -30.5678 -52.1979 0
      vertex -30.4488 -52.2383 3.51
      vertex -30.5678 -52.1979 3.51
    endloop
  endfacet
  facet normal -0.321475 -0.946918 -0
    outer loop
      vertex -30.4488 -52.2383 3.51
      vertex -30.5678 -52.1979 0
      vertex -30.4488 -52.2383 0
    endloop
  endfacet
  facet normal -0.143203 0.989693 0
    outer loop
      vertex -30.7306 -55.3053 0
      vertex -30.855 -55.3233 3.51
      vertex -30.7306 -55.3053 3.51
    endloop
  endfacet
  facet normal -0.143203 0.989693 0
    outer loop
      vertex -30.855 -55.3233 3.51
      vertex -30.7306 -55.3053 0
      vertex -30.855 -55.3233 0
    endloop
  endfacet
  facet normal -0.659012 -0.752133 0
    outer loop
      vertex -30.0153 -52.4886 0
      vertex -29.9208 -52.5714 3.51
      vertex -30.0153 -52.4886 3.51
    endloop
  endfacet
  facet normal -0.659012 -0.752133 -0
    outer loop
      vertex -29.9208 -52.5714 3.51
      vertex -30.0153 -52.4886 0
      vertex -29.9208 -52.5714 0
    endloop
  endfacet
  facet normal -0.465582 -0.885005 0
    outer loop
      vertex -30.3334 -52.2879 0
      vertex -30.2222 -52.3464 3.51
      vertex -30.3334 -52.2879 3.51
    endloop
  endfacet
  facet normal -0.465582 -0.885005 -0
    outer loop
      vertex -30.2222 -52.3464 3.51
      vertex -30.3334 -52.2879 0
      vertex -30.2222 -52.3464 0
    endloop
  endfacet
  facet normal -0.577089 0.816681 0
    outer loop
      vertex -30.0482 -55.0014 0
      vertex -30.1508 -55.0739 3.51
      vertex -30.0482 -55.0014 3.51
    endloop
  endfacet
  facet normal -0.577089 0.816681 0
    outer loop
      vertex -30.1508 -55.0739 3.51
      vertex -30.0482 -55.0014 0
      vertex -30.1508 -55.0739 0
    endloop
  endfacet
  facet normal -0.716597 -0.697488 0
    outer loop
      vertex -29.8332 -52.6614 0
      vertex -29.9208 -52.5714 3.51
      vertex -29.9208 -52.5714 0
    endloop
  endfacet
  facet normal -0.716597 -0.697488 0
    outer loop
      vertex -29.9208 -52.5714 3.51
      vertex -29.8332 -52.6614 0
      vertex -29.8332 -52.6614 3.51
    endloop
  endfacet
  facet normal 0.0652514 -0.997869 0
    outer loop
      vertex -31.1895 -52.1408 0
      vertex -31.0641 -52.1326 3.51
      vertex -31.1895 -52.1408 3.51
    endloop
  endfacet
  facet normal 0.0652514 -0.997869 0
    outer loop
      vertex -31.0641 -52.1326 3.51
      vertex -31.1895 -52.1408 0
      vertex -31.0641 -52.1326 0
    endloop
  endfacet
  facet normal 0.465582 0.885005 -0
    outer loop
      vertex -31.711 -55.1762 0
      vertex -31.8222 -55.1177 3.51
      vertex -31.711 -55.1762 3.51
    endloop
  endfacet
  facet normal 0.465582 0.885005 0
    outer loop
      vertex -31.8222 -55.1177 3.51
      vertex -31.711 -55.1762 0
      vertex -31.8222 -55.1177 0
    endloop
  endfacet
  facet normal -0.442108 0.896962 0
    outer loop
      vertex -30.2588 -55.1382 0
      vertex -30.3714 -55.1937 3.51
      vertex -30.2588 -55.1382 3.51
    endloop
  endfacet
  facet normal -0.442108 0.896962 0
    outer loop
      vertex -30.3714 -55.1937 3.51
      vertex -30.2588 -55.1382 0
      vertex -30.3714 -55.1937 0
    endloop
  endfacet
  facet normal 0.246094 0.969246 -0
    outer loop
      vertex -31.3549 -55.2971 0
      vertex -31.4766 -55.2662 3.51
      vertex -31.3549 -55.2971 3.51
    endloop
  endfacet
  facet normal 0.246094 0.969246 0
    outer loop
      vertex -31.4766 -55.2662 3.51
      vertex -31.3549 -55.2971 0
      vertex -31.4766 -55.2662 0
    endloop
  endfacet
  facet normal -0.997869 -0.0652514 0
    outer loop
      vertex -29.4228 -53.6902 0
      vertex -29.431 -53.5648 3.51
      vertex -29.431 -53.5648 0
    endloop
  endfacet
  facet normal -0.997869 -0.0652514 0
    outer loop
      vertex -29.431 -53.5648 3.51
      vertex -29.4228 -53.6902 0
      vertex -29.4228 -53.6902 3.51
    endloop
  endfacet
  facet normal 0.816681 0.577089 0
    outer loop
      vertex -32.2916 -54.7061 3.51
      vertex -32.3641 -54.6035 0
      vertex -32.3641 -54.6035 3.51
    endloop
  endfacet
  facet normal 0.816681 0.577089 0
    outer loop
      vertex -32.3641 -54.6035 0
      vertex -32.2916 -54.7061 3.51
      vertex -32.2916 -54.7061 0
    endloop
  endfacet
  facet normal 0.0127277 0.999919 -0
    outer loop
      vertex -30.9803 -55.3315 0
      vertex -31.106 -55.3299 3.51
      vertex -30.9803 -55.3315 3.51
    endloop
  endfacet
  facet normal 0.0127277 0.999919 0
    outer loop
      vertex -31.106 -55.3299 3.51
      vertex -30.9803 -55.3315 0
      vertex -31.106 -55.3299 0
    endloop
  endfacet
  facet normal -0.98552 0.16956 0
    outer loop
      vertex -29.4572 -54.0647 0
      vertex -29.4359 -53.9409 3.51
      vertex -29.4359 -53.9409 0
    endloop
  endfacet
  facet normal -0.98552 0.16956 0
    outer loop
      vertex -29.4359 -53.9409 3.51
      vertex -29.4572 -54.0647 0
      vertex -29.4572 -54.0647 3.51
    endloop
  endfacet
  facet normal 0.954862 0.29705 0
    outer loop
      vertex -32.5304 -54.2661 3.51
      vertex -32.5677 -54.1462 0
      vertex -32.5677 -54.1462 3.51
    endloop
  endfacet
  facet normal 0.954862 0.29705 0
    outer loop
      vertex -32.5677 -54.1462 0
      vertex -32.5304 -54.2661 3.51
      vertex -32.5304 -54.2661 0
    endloop
  endfacet
  facet normal 0.989677 0.143316 0
    outer loop
      vertex -32.5954 -54.0236 3.51
      vertex -32.6134 -53.8993 0
      vertex -32.6134 -53.8993 3.51
    endloop
  endfacet
  facet normal 0.989677 0.143316 0
    outer loop
      vertex -32.6134 -53.8993 0
      vertex -32.5954 -54.0236 3.51
      vertex -32.5954 -54.0236 0
    endloop
  endfacet
  facet normal 0.716597 0.697488 0
    outer loop
      vertex -32.1236 -54.8927 3.51
      vertex -32.2112 -54.8027 0
      vertex -32.2112 -54.8027 3.51
    endloop
  endfacet
  facet normal 0.716597 0.697488 0
    outer loop
      vertex -32.2112 -54.8027 0
      vertex -32.1236 -54.8927 3.51
      vertex -32.1236 -54.8927 0
    endloop
  endfacet
  facet normal 0.370842 -0.928696 0
    outer loop
      vertex -31.673 -52.2704 0
      vertex -31.5563 -52.2238 3.51
      vertex -31.673 -52.2704 3.51
    endloop
  endfacet
  facet normal 0.370842 -0.928696 0
    outer loop
      vertex -31.5563 -52.2238 3.51
      vertex -31.673 -52.2704 0
      vertex -31.5563 -52.2238 0
    endloop
  endfacet
  facet normal 0.969294 -0.245905 0
    outer loop
      vertex -32.5872 -53.3994 3.51
      vertex -32.5563 -53.2776 0
      vertex -32.5563 -53.2776 3.51
    endloop
  endfacet
  facet normal 0.969294 -0.245905 0
    outer loop
      vertex -32.5563 -53.2776 0
      vertex -32.5872 -53.3994 3.51
      vertex -32.5872 -53.3994 0
    endloop
  endfacet
  facet normal 0.639244 -0.769004 0
    outer loop
      vertex -32.0928 -52.543 0
      vertex -31.9962 -52.4627 3.51
      vertex -32.0928 -52.543 3.51
    endloop
  endfacet
  facet normal 0.639244 -0.769004 0
    outer loop
      vertex -31.9962 -52.4627 3.51
      vertex -32.0928 -52.543 0
      vertex -31.9962 -52.4627 0
    endloop
  endfacet
  facet normal -0.533573 -0.845754 0
    outer loop
      vertex -30.2222 -52.3464 0
      vertex -30.116 -52.4134 3.51
      vertex -30.2222 -52.3464 3.51
    endloop
  endfacet
  facet normal -0.533573 -0.845754 -0
    outer loop
      vertex -30.116 -52.4134 3.51
      vertex -30.2222 -52.3464 0
      vertex -30.116 -52.4134 0
    endloop
  endfacet
  facet normal 0.533214 0.84598 -0
    outer loop
      vertex -31.8222 -55.1177 0
      vertex -31.9285 -55.0507 3.51
      vertex -31.8222 -55.1177 3.51
    endloop
  endfacet
  facet normal 0.533214 0.84598 0
    outer loop
      vertex -31.9285 -55.0507 3.51
      vertex -31.8222 -55.1177 0
      vertex -31.9285 -55.0507 0
    endloop
  endfacet
  facet normal -0.0653032 0.997865 0
    outer loop
      vertex -30.855 -55.3233 0
      vertex -30.9803 -55.3315 3.51
      vertex -30.855 -55.3233 3.51
    endloop
  endfacet
  facet normal -0.0653032 0.997865 0
    outer loop
      vertex -30.9803 -55.3315 3.51
      vertex -30.855 -55.3233 0
      vertex -30.9803 -55.3315 0
    endloop
  endfacet
  facet normal 0.441792 -0.897117 0
    outer loop
      vertex -31.7857 -52.3259 0
      vertex -31.673 -52.2704 3.51
      vertex -31.7857 -52.3259 3.51
    endloop
  endfacet
  facet normal 0.441792 -0.897117 0
    outer loop
      vertex -31.673 -52.2704 3.51
      vertex -31.7857 -52.3259 0
      vertex -31.673 -52.2704 0
    endloop
  endfacet
  facet normal 0.0915405 0.995801 -0
    outer loop
      vertex -31.106 -55.3299 0
      vertex -31.2311 -55.3184 3.51
      vertex -31.106 -55.3299 3.51
    endloop
  endfacet
  facet normal 0.0915405 0.995801 0
    outer loop
      vertex -31.2311 -55.3184 3.51
      vertex -31.106 -55.3299 0
      vertex -31.2311 -55.3184 0
    endloop
  endfacet
  facet normal -0.0127378 -0.999919 0
    outer loop
      vertex -31.0641 -52.1326 0
      vertex -30.9385 -52.1342 3.51
      vertex -31.0641 -52.1326 3.51
    endloop
  endfacet
  facet normal -0.0127378 -0.999919 -0
    outer loop
      vertex -30.9385 -52.1342 3.51
      vertex -31.0641 -52.1326 0
      vertex -30.9385 -52.1342 0
    endloop
  endfacet
  facet normal -0.92897 -0.370155 0
    outer loop
      vertex -29.514 -53.198 0
      vertex -29.5605 -53.0813 3.51
      vertex -29.5605 -53.0813 0
    endloop
  endfacet
  facet normal -0.92897 -0.370155 0
    outer loop
      vertex -29.5605 -53.0813 3.51
      vertex -29.514 -53.198 0
      vertex -29.514 -53.198 3.51
    endloop
  endfacet
  facet normal -0.954862 -0.29705 0
    outer loop
      vertex -29.4767 -53.3179 0
      vertex -29.514 -53.198 3.51
      vertex -29.514 -53.198 0
    endloop
  endfacet
  facet normal -0.954862 -0.29705 0
    outer loop
      vertex -29.514 -53.198 3.51
      vertex -29.4767 -53.3179 0
      vertex -29.4767 -53.3179 3.51
    endloop
  endfacet
  facet normal 0.16956 0.98552 -0
    outer loop
      vertex -31.2311 -55.3184 0
      vertex -31.3549 -55.2971 3.51
      vertex -31.2311 -55.3184 3.51
    endloop
  endfacet
  facet normal 0.16956 0.98552 0
    outer loop
      vertex -31.3549 -55.2971 3.51
      vertex -31.2311 -55.3184 0
      vertex -31.3549 -55.2971 0
    endloop
  endfacet
  facet normal -0.80124 0.598344 0
    outer loop
      vertex -29.7788 -54.739 0
      vertex -29.7036 -54.6383 3.51
      vertex -29.7036 -54.6383 0
    endloop
  endfacet
  facet normal -0.80124 0.598344 0
    outer loop
      vertex -29.7036 -54.6383 3.51
      vertex -29.7788 -54.739 0
      vertex -29.7788 -54.739 3.51
    endloop
  endfacet
  facet normal -0.511568 0.859243 0
    outer loop
      vertex -30.1508 -55.0739 0
      vertex -30.2588 -55.1382 3.51
      vertex -30.1508 -55.0739 3.51
    endloop
  endfacet
  facet normal -0.511568 0.859243 0
    outer loop
      vertex -30.2588 -55.1382 3.51
      vertex -30.1508 -55.0739 0
      vertex -30.2588 -55.1382 0
    endloop
  endfacet
  facet normal -0.296099 0.955157 0
    outer loop
      vertex -30.4881 -55.2403 0
      vertex -30.6081 -55.2775 3.51
      vertex -30.4881 -55.2403 3.51
    endloop
  endfacet
  facet normal -0.296099 0.955157 0
    outer loop
      vertex -30.6081 -55.2775 3.51
      vertex -30.4881 -55.2403 0
      vertex -30.6081 -55.2775 0
    endloop
  endfacet
  facet normal -0.370842 0.928696 0
    outer loop
      vertex -30.3714 -55.1937 0
      vertex -30.4881 -55.2403 3.51
      vertex -30.3714 -55.1937 3.51
    endloop
  endfacet
  facet normal -0.370842 0.928696 0
    outer loop
      vertex -30.4881 -55.2403 3.51
      vertex -30.3714 -55.1937 0
      vertex -30.4881 -55.2403 0
    endloop
  endfacet
  facet normal 0.39488 0.918733 -0
    outer loop
      vertex -31.5956 -55.2258 0
      vertex -31.711 -55.1762 3.51
      vertex -31.5956 -55.2258 3.51
    endloop
  endfacet
  facet normal 0.39488 0.918733 0
    outer loop
      vertex -31.711 -55.1762 3.51
      vertex -31.5956 -55.2258 0
      vertex -31.711 -55.1762 0
    endloop
  endfacet
  facet normal 0.946836 -0.321717 0
    outer loop
      vertex -32.5563 -53.2776 3.51
      vertex -32.5159 -53.1587 0
      vertex -32.5159 -53.1587 3.51
    endloop
  endfacet
  facet normal 0.946836 -0.321717 0
    outer loop
      vertex -32.5159 -53.1587 0
      vertex -32.5563 -53.2776 3.51
      vertex -32.5563 -53.2776 0
    endloop
  endfacet
  facet normal 0.577089 -0.816681 0
    outer loop
      vertex -31.9962 -52.4627 0
      vertex -31.8936 -52.3902 3.51
      vertex -31.9962 -52.4627 3.51
    endloop
  endfacet
  facet normal 0.577089 -0.816681 0
    outer loop
      vertex -31.8936 -52.3902 3.51
      vertex -31.9962 -52.4627 0
      vertex -31.8936 -52.3902 0
    endloop
  endfacet
  facet normal -0.697896 0.716199 0
    outer loop
      vertex -29.8616 -54.8334 0
      vertex -29.9516 -54.9211 3.51
      vertex -29.8616 -54.8334 3.51
    endloop
  endfacet
  facet normal -0.697896 0.716199 0
    outer loop
      vertex -29.9516 -54.9211 3.51
      vertex -29.8616 -54.8334 0
      vertex -29.9516 -54.9211 0
    endloop
  endfacet
  facet normal 0.859593 0.51098 0
    outer loop
      vertex -32.3641 -54.6035 3.51
      vertex -32.4283 -54.4955 0
      vertex -32.4283 -54.4955 3.51
    endloop
  endfacet
  facet normal 0.859593 0.51098 0
    outer loop
      vertex -32.4283 -54.4955 0
      vertex -32.3641 -54.6035 3.51
      vertex -32.3641 -54.6035 0
    endloop
  endfacet
  facet normal 0.845621 -0.533783 0
    outer loop
      vertex -32.4079 -52.9321 3.51
      vertex -32.3408 -52.8258 0
      vertex -32.3408 -52.8258 3.51
    endloop
  endfacet
  facet normal 0.845621 -0.533783 0
    outer loop
      vertex -32.3408 -52.8258 0
      vertex -32.4079 -52.9321 3.51
      vertex -32.4079 -52.9321 0
    endloop
  endfacet
  facet normal 0.919145 -0.393919 0
    outer loop
      vertex -32.5159 -53.1587 3.51
      vertex -32.4664 -53.0432 0
      vertex -32.4664 -53.0432 3.51
    endloop
  endfacet
  facet normal 0.919145 -0.393919 0
    outer loop
      vertex -32.4664 -53.0432 0
      vertex -32.5159 -53.1587 3.51
      vertex -32.5159 -53.1587 0
    endloop
  endfacet
  facet normal -0.16956 -0.98552 0
    outer loop
      vertex -30.8134 -52.1457 0
      vertex -30.6896 -52.167 3.51
      vertex -30.8134 -52.1457 3.51
    endloop
  endfacet
  facet normal -0.16956 -0.98552 -0
    outer loop
      vertex -30.6896 -52.167 3.51
      vertex -30.8134 -52.1457 0
      vertex -30.6896 -52.167 0
    endloop
  endfacet
  facet normal -0.969294 0.245905 0
    outer loop
      vertex -29.4881 -54.1865 0
      vertex -29.4572 -54.0647 3.51
      vertex -29.4572 -54.0647 0
    endloop
  endfacet
  facet normal -0.969294 0.245905 0
    outer loop
      vertex -29.4572 -54.0647 3.51
      vertex -29.4881 -54.1865 0
      vertex -29.4881 -54.1865 3.51
    endloop
  endfacet
  facet normal 0.751787 -0.659406 0
    outer loop
      vertex -32.2656 -52.7251 3.51
      vertex -32.1828 -52.6307 0
      vertex -32.1828 -52.6307 3.51
    endloop
  endfacet
  facet normal 0.751787 -0.659406 0
    outer loop
      vertex -32.1828 -52.6307 0
      vertex -32.2656 -52.7251 3.51
      vertex -32.2656 -52.7251 0
    endloop
  endfacet
  facet normal -0.946836 0.321717 0
    outer loop
      vertex -29.5285 -54.3054 0
      vertex -29.4881 -54.1865 3.51
      vertex -29.4881 -54.1865 0
    endloop
  endfacet
  facet normal -0.946836 0.321717 0
    outer loop
      vertex -29.4881 -54.1865 3.51
      vertex -29.5285 -54.3054 0
      vertex -29.5285 -54.3054 3.51
    endloop
  endfacet
  facet normal -0.885005 0.465582 0
    outer loop
      vertex -29.6366 -54.5321 0
      vertex -29.5781 -54.4209 3.51
      vertex -29.5781 -54.4209 0
    endloop
  endfacet
  facet normal -0.885005 0.465582 0
    outer loop
      vertex -29.5781 -54.4209 3.51
      vertex -29.6366 -54.5321 0
      vertex -29.6366 -54.5321 3.51
    endloop
  endfacet
  facet normal -0.975413 -0.220383 0
    outer loop
      vertex -29.449 -53.4405 0
      vertex -29.4767 -53.3179 3.51
      vertex -29.4767 -53.3179 0
    endloop
  endfacet
  facet normal -0.975413 -0.220383 0
    outer loop
      vertex -29.4767 -53.3179 3.51
      vertex -29.449 -53.4405 0
      vertex -29.449 -53.4405 3.51
    endloop
  endfacet
  facet normal 0.884832 -0.465911 0
    outer loop
      vertex -32.4664 -53.0432 3.51
      vertex -32.4079 -52.9321 0
      vertex -32.4079 -52.9321 3.51
    endloop
  endfacet
  facet normal 0.884832 -0.465911 0
    outer loop
      vertex -32.4079 -52.9321 0
      vertex -32.4664 -53.0432 3.51
      vertex -32.4664 -53.0432 0
    endloop
  endfacet
  facet normal 0.80124 -0.598344 0
    outer loop
      vertex -32.3408 -52.8258 3.51
      vertex -32.2656 -52.7251 0
      vertex -32.2656 -52.7251 3.51
    endloop
  endfacet
  facet normal 0.80124 -0.598344 0
    outer loop
      vertex -32.2656 -52.7251 0
      vertex -32.3408 -52.8258 3.51
      vertex -32.3408 -52.8258 0
    endloop
  endfacet
  facet normal 0.697896 -0.716199 0
    outer loop
      vertex -32.1828 -52.6307 0
      vertex -32.0928 -52.543 3.51
      vertex -32.1828 -52.6307 3.51
    endloop
  endfacet
  facet normal 0.697896 -0.716199 0
    outer loop
      vertex -32.0928 -52.543 3.51
      vertex -32.1828 -52.6307 0
      vertex -32.0928 -52.543 0
    endloop
  endfacet
  facet normal -0.639244 0.769004 0
    outer loop
      vertex -29.9516 -54.9211 0
      vertex -30.0482 -55.0014 3.51
      vertex -29.9516 -54.9211 3.51
    endloop
  endfacet
  facet normal -0.639244 0.769004 0
    outer loop
      vertex -30.0482 -55.0014 3.51
      vertex -29.9516 -54.9211 0
      vertex -30.0482 -55.0014 0
    endloop
  endfacet
  facet normal 0.598725 0.800954 -0
    outer loop
      vertex -31.9285 -55.0507 0
      vertex -32.0291 -54.9755 3.51
      vertex -31.9285 -55.0507 3.51
    endloop
  endfacet
  facet normal 0.598725 0.800954 0
    outer loop
      vertex -32.0291 -54.9755 3.51
      vertex -31.9285 -55.0507 0
      vertex -32.0291 -54.9755 0
    endloop
  endfacet
  facet normal -0.768612 -0.639715 0
    outer loop
      vertex -29.7528 -52.758 0
      vertex -29.8332 -52.6614 3.51
      vertex -29.8332 -52.6614 0
    endloop
  endfacet
  facet normal -0.768612 -0.639715 0
    outer loop
      vertex -29.8332 -52.6614 3.51
      vertex -29.7528 -52.758 0
      vertex -29.7528 -52.758 3.51
    endloop
  endfacet
  facet normal -0.39488 -0.918733 0
    outer loop
      vertex -30.4488 -52.2383 0
      vertex -30.3334 -52.2879 3.51
      vertex -30.4488 -52.2383 3.51
    endloop
  endfacet
  facet normal -0.39488 -0.918733 -0
    outer loop
      vertex -30.3334 -52.2879 3.51
      vertex -30.4488 -52.2383 0
      vertex -30.3334 -52.2879 0
    endloop
  endfacet
  facet normal 0.511918 -0.859035 0
    outer loop
      vertex -31.8936 -52.3902 0
      vertex -31.7857 -52.3259 3.51
      vertex -31.8936 -52.3902 3.51
    endloop
  endfacet
  facet normal 0.511918 -0.859035 0
    outer loop
      vertex -31.7857 -52.3259 3.51
      vertex -31.8936 -52.3902 0
      vertex -31.7857 -52.3259 0
    endloop
  endfacet
  facet normal 0.997817 0.0660437 0
    outer loop
      vertex -32.6134 -53.8993 3.51
      vertex -32.6217 -53.7739 0
      vertex -32.6217 -53.7739 3.51
    endloop
  endfacet
  facet normal 0.997817 0.0660437 0
    outer loop
      vertex -32.6217 -53.7739 0
      vertex -32.6134 -53.8993 3.51
      vertex -32.6134 -53.8993 0
    endloop
  endfacet
  facet normal 0.999908 -0.0135338 0
    outer loop
      vertex -32.6217 -53.7739 3.51
      vertex -32.62 -53.6483 0
      vertex -32.62 -53.6483 3.51
    endloop
  endfacet
  facet normal 0.999908 -0.0135338 0
    outer loop
      vertex -32.62 -53.6483 0
      vertex -32.6217 -53.7739 3.51
      vertex -32.6217 -53.7739 0
    endloop
  endfacet
  facet normal -0.598344 -0.80124 0
    outer loop
      vertex -30.116 -52.4134 0
      vertex -30.0153 -52.4886 3.51
      vertex -30.116 -52.4134 3.51
    endloop
  endfacet
  facet normal -0.598344 -0.80124 -0
    outer loop
      vertex -30.0153 -52.4886 3.51
      vertex -30.116 -52.4134 0
      vertex -30.0153 -52.4886 0
    endloop
  endfacet
  facet normal -0.0915405 -0.995801 0
    outer loop
      vertex -30.9385 -52.1342 0
      vertex -30.8134 -52.1457 3.51
      vertex -30.9385 -52.1342 3.51
    endloop
  endfacet
  facet normal -0.0915405 -0.995801 -0
    outer loop
      vertex -30.8134 -52.1457 3.51
      vertex -30.9385 -52.1342 0
      vertex -30.8134 -52.1457 0
    endloop
  endfacet
  facet normal -0.999919 0.0127378 0
    outer loop
      vertex -29.4244 -53.8158 0
      vertex -29.4228 -53.6902 3.51
      vertex -29.4228 -53.6902 0
    endloop
  endfacet
  facet normal -0.999919 0.0127378 0
    outer loop
      vertex -29.4228 -53.6902 3.51
      vertex -29.4244 -53.8158 0
      vertex -29.4244 -53.8158 3.51
    endloop
  endfacet
  facet normal -0.995801 0.0915405 0
    outer loop
      vertex -29.4359 -53.9409 0
      vertex -29.4244 -53.8158 3.51
      vertex -29.4244 -53.8158 0
    endloop
  endfacet
  facet normal -0.995801 0.0915405 0
    outer loop
      vertex -29.4244 -53.8158 3.51
      vertex -29.4359 -53.9409 0
      vertex -29.4359 -53.9409 3.51
    endloop
  endfacet
  facet normal -0.989677 -0.143316 0
    outer loop
      vertex -29.431 -53.5648 0
      vertex -29.449 -53.4405 3.51
      vertex -29.449 -53.4405 0
    endloop
  endfacet
  facet normal -0.989677 -0.143316 0
    outer loop
      vertex -29.449 -53.4405 3.51
      vertex -29.431 -53.5648 0
      vertex -29.431 -53.5648 3.51
    endloop
  endfacet
  facet normal 0.296099 -0.955157 0
    outer loop
      vertex -31.5563 -52.2238 0
      vertex -31.4363 -52.1866 3.51
      vertex -31.5563 -52.2238 3.51
    endloop
  endfacet
  facet normal 0.296099 -0.955157 0
    outer loop
      vertex -31.4363 -52.1866 3.51
      vertex -31.5563 -52.2238 0
      vertex -31.4363 -52.1866 0
    endloop
  endfacet
  facet normal 0.975413 0.220383 0
    outer loop
      vertex -32.5677 -54.1462 3.51
      vertex -32.5954 -54.0236 0
      vertex -32.5954 -54.0236 3.51
    endloop
  endfacet
  facet normal 0.975413 0.220383 0
    outer loop
      vertex -32.5954 -54.0236 0
      vertex -32.5677 -54.1462 3.51
      vertex -32.5677 -54.1462 0
    endloop
  endfacet
  facet normal -0.751787 0.659406 0
    outer loop
      vertex -29.8616 -54.8334 0
      vertex -29.7788 -54.739 3.51
      vertex -29.7788 -54.739 0
    endloop
  endfacet
  facet normal -0.751787 0.659406 0
    outer loop
      vertex -29.7788 -54.739 3.51
      vertex -29.8616 -54.8334 0
      vertex -29.8616 -54.8334 3.51
    endloop
  endfacet
  facet normal 0.659012 0.752133 -0
    outer loop
      vertex -32.0291 -54.9755 0
      vertex -32.1236 -54.8927 3.51
      vertex -32.0291 -54.9755 3.51
    endloop
  endfacet
  facet normal 0.659012 0.752133 0
    outer loop
      vertex -32.1236 -54.8927 3.51
      vertex -32.0291 -54.9755 0
      vertex -32.1236 -54.8927 0
    endloop
  endfacet
  facet normal -0.896802 -0.442433 0
    outer loop
      vertex -29.5605 -53.0813 0
      vertex -29.6161 -52.9686 3.51
      vertex -29.6161 -52.9686 0
    endloop
  endfacet
  facet normal -0.896802 -0.442433 0
    outer loop
      vertex -29.6161 -52.9686 3.51
      vertex -29.5605 -53.0813 0
      vertex -29.5605 -53.0813 3.51
    endloop
  endfacet
  facet normal 0.98552 -0.16956 0
    outer loop
      vertex -32.6085 -53.5232 3.51
      vertex -32.5872 -53.3994 0
      vertex -32.5872 -53.3994 3.51
    endloop
  endfacet
  facet normal 0.98552 -0.16956 0
    outer loop
      vertex -32.5872 -53.3994 0
      vertex -32.6085 -53.5232 3.51
      vertex -32.6085 -53.5232 0
    endloop
  endfacet
  facet normal -0.245905 -0.969294 0
    outer loop
      vertex -30.6896 -52.167 0
      vertex -30.5678 -52.1979 3.51
      vertex -30.6896 -52.167 3.51
    endloop
  endfacet
  facet normal -0.245905 -0.969294 -0
    outer loop
      vertex -30.5678 -52.1979 3.51
      vertex -30.6896 -52.167 0
      vertex -30.5678 -52.1979 0
    endloop
  endfacet
  facet normal 0.143316 -0.989677 0
    outer loop
      vertex -31.3138 -52.1588 0
      vertex -31.1895 -52.1408 3.51
      vertex -31.3138 -52.1588 3.51
    endloop
  endfacet
  facet normal 0.143316 -0.989677 0
    outer loop
      vertex -31.1895 -52.1408 3.51
      vertex -31.3138 -52.1588 0
      vertex -31.1895 -52.1408 0
    endloop
  endfacet
  facet normal -0.859593 -0.51098 0
    outer loop
      vertex -29.6161 -52.9686 0
      vertex -29.6803 -52.8606 3.51
      vertex -29.6803 -52.8606 0
    endloop
  endfacet
  facet normal -0.859593 -0.51098 0
    outer loop
      vertex -29.6803 -52.8606 3.51
      vertex -29.6161 -52.9686 0
      vertex -29.6161 -52.9686 3.51
    endloop
  endfacet
  facet normal -0.816681 -0.577089 0
    outer loop
      vertex -29.6803 -52.8606 0
      vertex -29.7528 -52.758 3.51
      vertex -29.7528 -52.758 0
    endloop
  endfacet
  facet normal -0.816681 -0.577089 0
    outer loop
      vertex -29.7528 -52.758 3.51
      vertex -29.6803 -52.8606 0
      vertex -29.6803 -52.8606 3.51
    endloop
  endfacet
  facet normal 0.00314355 -0.00247824 0.999992
    outer loop
      vertex 56.2626 -40.8772 3.51
      vertex 54.783 -46.7891 3.5
      vertex 58.2852 -42.3467 3.5
    endloop
  endfacet
  facet normal -0.938193 0.346112 0
    outer loop
      vertex -68.5183 22.263 0
      vertex -66.5604 27.5702 3.5
      vertex -66.5604 27.5702 0
    endloop
  endfacet
  facet normal -0.938193 0.346112 0
    outer loop
      vertex -66.5604 27.5702 3.5
      vertex -68.5183 22.263 0
      vertex -68.5183 22.263 3.5
    endloop
  endfacet
  facet normal 0.488625 -0.872494 0
    outer loop
      vertex 32.7075 -64.1921 0
      vertex 37.6431 -61.428 3.5
      vertex 32.7075 -64.1921 3.5
    endloop
  endfacet
  facet normal 0.488625 -0.872494 0
    outer loop
      vertex 37.6431 -61.428 3.5
      vertex 32.7075 -64.1921 0
      vertex 37.6431 -61.428 0
    endloop
  endfacet
  facet normal 0.488625 0.872494 -0
    outer loop
      vertex 37.6431 61.428 0
      vertex 32.7075 64.1921 3.5
      vertex 37.6431 61.428 3.5
    endloop
  endfacet
  facet normal 0.488625 0.872494 0
    outer loop
      vertex 32.7075 64.1921 3.5
      vertex 37.6431 61.428 0
      vertex 32.7075 64.1921 0
    endloop
  endfacet
  facet normal 0.555565 -0.831473 0
    outer loop
      vertex 37.6431 -61.428 0
      vertex 42.3467 -58.2852 3.5
      vertex 37.6431 -61.428 3.5
    endloop
  endfacet
  facet normal 0.555565 -0.831473 0
    outer loop
      vertex 42.3467 -58.2852 3.5
      vertex 37.6431 -61.428 0
      vertex 42.3467 -58.2852 0
    endloop
  endfacet
  facet normal 0.00195586 -0.00349256 0.999992
    outer loop
      vertex 36.3369 -59.2964 3.51
      vertex 31.5725 -61.9645 3.51
      vertex 32.7075 -64.1921 3.5
    endloop
  endfacet
  facet normal 0.785309 -0.619104 0
    outer loop
      vertex 54.783 -46.7891 3.5
      vertex 58.2852 -42.3467 0
      vertex 58.2852 -42.3467 3.5
    endloop
  endfacet
  facet normal 0.785309 -0.619104 0
    outer loop
      vertex 58.2852 -42.3467 0
      vertex 54.783 -46.7891 3.5
      vertex 54.783 -46.7891 0
    endloop
  endfacet
  facet normal -0.00363523 -0.00167584 0.999992
    outer loop
      vertex -61.9645 -31.5725 3.51
      vertex -66.5604 -27.5702 3.5
      vertex -64.1921 -32.7075 3.5
    endloop
  endfacet
  facet normal -0.00108658 -0.00385281 0.999992
    outer loop
      vertex -21.4904 -66.1407 3.51
      vertex -22.263 -68.5183 3.5
      vertex -16.8184 -70.0538 3.5
    endloop
  endfacet
  facet normal 0.0039753 -0.000470512 0.999992
    outer loop
      vertex 71.8223 -5.65254 3.5
      vertex 69.33 -5.45639 3.51
      vertex 71.1574 -11.2702 3.5
    endloop
  endfacet
  facet normal -0.0033283 0.00222395 0.999992
    outer loop
      vertex -58.2852 42.3467 3.5
      vertex -59.2964 36.3369 3.51
      vertex -56.2626 40.8772 3.51
    endloop
  endfacet
  facet normal 0.0033283 -0.00222395 0.999992
    outer loop
      vertex 59.2964 -36.3369 3.51
      vertex 56.2626 -40.8772 3.51
      vertex 58.2852 -42.3467 3.5
    endloop
  endfacet
  facet normal 0.00314355 0.00247824 0.999992
    outer loop
      vertex 58.2852 42.3467 3.5
      vertex 54.783 46.7891 3.5
      vertex 56.2626 40.8772 3.51
    endloop
  endfacet
  facet normal -0.00293953 -0.00271734 0.999992
    outer loop
      vertex -52.882 -45.1655 3.51
      vertex -54.783 -46.7891 3.5
      vertex -49.1753 -49.1753 3.51
    endloop
  endfacet
  facet normal -0.488625 -0.872494 0
    outer loop
      vertex -37.6431 -61.428 0
      vertex -32.7075 -64.1921 3.5
      vertex -37.6431 -61.428 3.5
    endloop
  endfacet
  facet normal -0.488625 -0.872494 -0
    outer loop
      vertex -32.7075 -64.1921 3.5
      vertex -37.6431 -61.428 0
      vertex -32.7075 -64.1921 0
    endloop
  endfacet
  facet normal 0.619104 0.785309 -0
    outer loop
      vertex 46.7891 54.783 0
      vertex 42.3467 58.2852 3.5
      vertex 46.7891 54.783 3.5
    endloop
  endfacet
  facet normal 0.619104 0.785309 0
    outer loop
      vertex 42.3467 58.2852 3.5
      vertex 46.7891 54.783 0
      vertex 42.3467 58.2852 0
    endloop
  endfacet
  facet normal 0.00349256 -0.00195586 0.999992
    outer loop
      vertex 61.9645 -31.5725 3.51
      vertex 59.2964 -36.3369 3.51
      vertex 64.1921 -32.7075 3.5
    endloop
  endfacet
  facet normal 0.418656 -0.908145 0
    outer loop
      vertex 27.5702 -66.5604 0
      vertex 32.7075 -64.1921 3.5
      vertex 27.5702 -66.5604 3.5
    endloop
  endfacet
  facet normal 0.418656 -0.908145 0
    outer loop
      vertex 32.7075 -64.1921 3.5
      vertex 27.5702 -66.5604 0
      vertex 32.7075 -64.1921 0
    endloop
  endfacet
  facet normal 0.908145 -0.418656 0
    outer loop
      vertex 64.1921 -32.7075 3.5
      vertex 66.5604 -27.5702 0
      vertex 66.5604 -27.5702 3.5
    endloop
  endfacet
  facet normal 0.908145 -0.418656 0
    outer loop
      vertex 66.5604 -27.5702 0
      vertex 64.1921 -32.7075 3.5
      vertex 64.1921 -32.7075 0
    endloop
  endfacet
  facet normal 0.872494 -0.488625 0
    outer loop
      vertex 61.428 -37.6431 3.5
      vertex 64.1921 -32.7075 0
      vertex 64.1921 -32.7075 3.5
    endloop
  endfacet
  facet normal 0.872494 -0.488625 0
    outer loop
      vertex 64.1921 -32.7075 0
      vertex 61.428 -37.6431 3.5
      vertex 61.428 -37.6431 0
    endloop
  endfacet
  facet normal 0.00332847 -0.00222398 0.999992
    outer loop
      vertex 59.2964 -36.3369 3.51
      vertex 58.2852 -42.3467 3.5
      vertex 61.428 -37.6431 3.5
    endloop
  endfacet
  facet normal -0.00195586 -0.00349256 0.999992
    outer loop
      vertex -31.5725 -61.9645 3.51
      vertex -36.3369 -59.2964 3.51
      vertex -32.7075 -64.1921 3.5
    endloop
  endfacet
  facet normal -0.00399996 0.000157172 0.999992
    outer loop
      vertex -69.33 5.45639 3.51
      vertex -71.8223 5.65254 3.5
      vertex -69.5444 0 3.51
    endloop
  endfacet
  facet normal -0.000470512 0.0039753 0.999992
    outer loop
      vertex -5.65254 71.8223 3.5
      vertex -11.2702 71.1574 3.5
      vertex -5.45639 69.33 3.51
    endloop
  endfacet
  facet normal 0.195089 -0.980785 0
    outer loop
      vertex 11.2702 -71.1574 0
      vertex 16.8184 -70.0538 3.5
      vertex 11.2702 -71.1574 3.5
    endloop
  endfacet
  facet normal 0.195089 -0.980785 0
    outer loop
      vertex 16.8184 -70.0538 3.5
      vertex 11.2702 -71.1574 0
      vertex 16.8184 -70.0538 0
    endloop
  endfacet
  facet normal -0.000470512 -0.0039753 0.999992
    outer loop
      vertex -5.45639 -69.33 3.51
      vertex -11.2702 -71.1574 3.5
      vertex -5.65254 -71.8223 3.5
    endloop
  endfacet
  facet normal 0.00385281 0.00108658 0.999992
    outer loop
      vertex 70.0538 16.8184 3.5
      vertex 66.1407 21.4904 3.51
      vertex 67.6229 16.2348 3.51
    endloop
  endfacet
  facet normal 0.831473 -0.555565 0
    outer loop
      vertex 58.2852 -42.3467 3.5
      vertex 61.428 -37.6431 0
      vertex 61.428 -37.6431 3.5
    endloop
  endfacet
  facet normal 0.831473 -0.555565 0
    outer loop
      vertex 61.428 -37.6431 0
      vertex 58.2852 -42.3467 3.5
      vertex 58.2852 -42.3467 0
    endloop
  endfacet
  facet normal 0.000780962 -0.00392618 0.999992
    outer loop
      vertex 16.2348 -67.6229 3.51
      vertex 11.2702 -71.1574 3.5
      vertex 16.8184 -70.0538 3.5
    endloop
  endfacet
  facet normal -0.00349267 -0.00195601 0.999992
    outer loop
      vertex -59.2964 -36.3369 3.51
      vertex -64.1921 -32.7075 3.5
      vertex -61.428 -37.6431 3.5
    endloop
  endfacet
  facet normal 0.000470512 0.0039753 0.999992
    outer loop
      vertex 5.65254 71.8223 3.5
      vertex 5.45639 69.33 3.51
      vertex 11.2702 71.1574 3.5
    endloop
  endfacet
  facet normal -0.488625 0.872494 0
    outer loop
      vertex -32.7075 64.1921 0
      vertex -37.6431 61.428 3.5
      vertex -32.7075 64.1921 3.5
    endloop
  endfacet
  facet normal -0.488625 0.872494 0
    outer loop
      vertex -37.6431 61.428 3.5
      vertex -32.7075 64.1921 0
      vertex -37.6431 61.428 0
    endloop
  endfacet
  facet normal -0.785309 -0.619104 0
    outer loop
      vertex -54.783 -46.7891 0
      vertex -58.2852 -42.3467 3.5
      vertex -58.2852 -42.3467 0
    endloop
  endfacet
  facet normal -0.785309 -0.619104 0
    outer loop
      vertex -58.2852 -42.3467 3.5
      vertex -54.783 -46.7891 0
      vertex -54.783 -46.7891 3.5
    endloop
  endfacet
  facet normal 0.00375564 -0.00138552 0.999992
    outer loop
      vertex 66.1407 -21.4904 3.51
      vertex 64.2507 -26.6135 3.51
      vertex 66.5604 -27.5702 3.5
    endloop
  endfacet
  facet normal -0.00375564 0.00138552 0.999992
    outer loop
      vertex -64.2507 26.6135 3.51
      vertex -66.5604 27.5702 3.5
      vertex -66.1407 21.4904 3.51
    endloop
  endfacet
  facet normal 0.00363533 -0.00167596 0.999992
    outer loop
      vertex 64.2507 -26.6135 3.51
      vertex 61.9645 -31.5725 3.51
      vertex 66.5604 -27.5702 3.5
    endloop
  endfacet
  facet normal 0.271435 0.962457 -0
    outer loop
      vertex 22.263 68.5183 0
      vertex 16.8184 70.0538 3.5
      vertex 22.263 68.5183 3.5
    endloop
  endfacet
  facet normal 0.271435 0.962457 0
    outer loop
      vertex 16.8184 70.0538 3.5
      vertex 22.263 68.5183 0
      vertex 16.8184 70.0538 0
    endloop
  endfacet
  facet normal 0.00271734 -0.00293953 0.999992
    outer loop
      vertex 49.1753 -49.1753 3.51
      vertex 45.1655 -52.882 3.51
      vertex 46.7891 -54.783 3.5
    endloop
  endfacet
  facet normal 0.00397534 0.000470498 0.999992
    outer loop
      vertex 71.1574 11.2702 3.5
      vertex 68.6882 10.8791 3.51
      vertex 69.33 5.45639 3.51
    endloop
  endfacet
  facet normal 0.999229 0.0392618 0
    outer loop
      vertex 72.0444 0 3.5
      vertex 71.8223 5.65254 0
      vertex 71.8223 5.65254 3.5
    endloop
  endfacet
  facet normal 0.999229 0.0392618 0
    outer loop
      vertex 71.8223 5.65254 0
      vertex 72.0444 0 3.5
      vertex 72.0444 0 0
    endloop
  endfacet
  facet normal -0.0033283 -0.00222395 0.999992
    outer loop
      vertex -56.2626 -40.8772 3.51
      vertex -59.2964 -36.3369 3.51
      vertex -58.2852 -42.3467 3.5
    endloop
  endfacet
  facet normal 0.00247828 0.00314371 0.999992
    outer loop
      vertex 46.7891 54.783 3.5
      vertex 40.8772 56.2626 3.51
      vertex 45.1655 52.882 3.51
    endloop
  endfacet
  facet normal -0.00138552 0.00375564 0.999992
    outer loop
      vertex -21.4904 66.1407 3.51
      vertex -27.5702 66.5604 3.5
      vertex -26.6135 64.2507 3.51
    endloop
  endfacet
  facet normal 0.908145 0.418656 0
    outer loop
      vertex 66.5604 27.5702 3.5
      vertex 64.1921 32.7075 0
      vertex 64.1921 32.7075 3.5
    endloop
  endfacet
  facet normal 0.908145 0.418656 0
    outer loop
      vertex 64.1921 32.7075 0
      vertex 66.5604 27.5702 3.5
      vertex 66.5604 27.5702 0
    endloop
  endfacet
  facet normal 0.785309 0.619104 0
    outer loop
      vertex 58.2852 42.3467 3.5
      vertex 54.783 46.7891 0
      vertex 54.783 46.7891 3.5
    endloop
  endfacet
  facet normal 0.785309 0.619104 0
    outer loop
      vertex 54.783 46.7891 0
      vertex 58.2852 42.3467 3.5
      vertex 58.2852 42.3467 0
    endloop
  endfacet
  facet normal -0.117538 -0.993068 0
    outer loop
      vertex -11.2702 -71.1574 0
      vertex -5.65254 -71.8223 3.5
      vertex -11.2702 -71.1574 3.5
    endloop
  endfacet
  facet normal -0.117538 -0.993068 -0
    outer loop
      vertex -5.65254 -71.8223 3.5
      vertex -11.2702 -71.1574 0
      vertex -5.65254 -71.8223 0
    endloop
  endfacet
  facet normal -0.993068 -0.117538 0
    outer loop
      vertex -71.1574 -11.2702 0
      vertex -71.8223 -5.65254 3.5
      vertex -71.8223 -5.65254 0
    endloop
  endfacet
  facet normal -0.993068 -0.117538 0
    outer loop
      vertex -71.8223 -5.65254 3.5
      vertex -71.1574 -11.2702 0
      vertex -71.1574 -11.2702 3.5
    endloop
  endfacet
  facet normal -0.00195586 0.00349256 0.999992
    outer loop
      vertex -32.7075 64.1921 3.5
      vertex -36.3369 59.2964 3.51
      vertex -31.5725 61.9645 3.51
    endloop
  endfacet
  facet normal -0.00195601 0.00349267 0.999992
    outer loop
      vertex -32.7075 64.1921 3.5
      vertex -37.6431 61.428 3.5
      vertex -36.3369 59.2964 3.51
    endloop
  endfacet
  facet normal 0.831473 0.555565 0
    outer loop
      vertex 61.428 37.6431 3.5
      vertex 58.2852 42.3467 0
      vertex 58.2852 42.3467 3.5
    endloop
  endfacet
  facet normal 0.831473 0.555565 0
    outer loop
      vertex 58.2852 42.3467 0
      vertex 61.428 37.6431 3.5
      vertex 61.428 37.6431 0
    endloop
  endfacet
  facet normal -0.555565 -0.831473 0
    outer loop
      vertex -42.3467 -58.2852 0
      vertex -37.6431 -61.428 3.5
      vertex -42.3467 -58.2852 3.5
    endloop
  endfacet
  facet normal -0.555565 -0.831473 -0
    outer loop
      vertex -37.6431 -61.428 3.5
      vertex -42.3467 -58.2852 0
      vertex -37.6431 -61.428 0
    endloop
  endfacet
  facet normal 0.999229 -0.0392618 0
    outer loop
      vertex 71.8223 -5.65254 3.5
      vertex 72.0444 0 0
      vertex 72.0444 0 3.5
    endloop
  endfacet
  facet normal 0.999229 -0.0392618 0
    outer loop
      vertex 72.0444 0 0
      vertex 71.8223 -5.65254 3.5
      vertex 71.8223 -5.65254 0
    endloop
  endfacet
  facet normal -0.831473 0.555565 0
    outer loop
      vertex -61.428 37.6431 0
      vertex -58.2852 42.3467 3.5
      vertex -58.2852 42.3467 0
    endloop
  endfacet
  facet normal -0.831473 0.555565 0
    outer loop
      vertex -58.2852 42.3467 3.5
      vertex -61.428 37.6431 0
      vertex -61.428 37.6431 3.5
    endloop
  endfacet
  facet normal -0.000157167 -0.00399997 0.999992
    outer loop
      vertex 0 -69.5444 3.51
      vertex -5.65254 -71.8223 3.5
      vertex 0 -72.0444 3.5
    endloop
  endfacet
  facet normal 0.980785 -0.195089 0
    outer loop
      vertex 70.0538 -16.8184 3.5
      vertex 71.1574 -11.2702 0
      vertex 71.1574 -11.2702 3.5
    endloop
  endfacet
  facet normal 0.980785 -0.195089 0
    outer loop
      vertex 71.1574 -11.2702 0
      vertex 70.0538 -16.8184 3.5
      vertex 70.0538 -16.8184 0
    endloop
  endfacet
  facet normal 0.00349267 -0.00195601 0.999992
    outer loop
      vertex 64.1921 -32.7075 3.5
      vertex 59.2964 -36.3369 3.51
      vertex 61.428 -37.6431 3.5
    endloop
  endfacet
  facet normal -0.418656 -0.908145 0
    outer loop
      vertex -32.7075 -64.1921 0
      vertex -27.5702 -66.5604 3.5
      vertex -32.7075 -64.1921 3.5
    endloop
  endfacet
  facet normal -0.418656 -0.908145 -0
    outer loop
      vertex -27.5702 -66.5604 3.5
      vertex -32.7075 -64.1921 0
      vertex -27.5702 -66.5604 0
    endloop
  endfacet
  facet normal 0.117538 -0.993068 0
    outer loop
      vertex 5.65254 -71.8223 0
      vertex 11.2702 -71.1574 3.5
      vertex 5.65254 -71.8223 3.5
    endloop
  endfacet
  facet normal 0.117538 -0.993068 0
    outer loop
      vertex 11.2702 -71.1574 3.5
      vertex 5.65254 -71.8223 0
      vertex 11.2702 -71.1574 0
    endloop
  endfacet
  facet normal -0.00399996 -0.000157172 0.999992
    outer loop
      vertex -69.5444 0 3.51
      vertex -71.8223 -5.65254 3.5
      vertex -69.33 -5.45639 3.51
    endloop
  endfacet
  facet normal -0.00385281 -0.00108658 0.999992
    outer loop
      vertex -67.6229 -16.2348 3.51
      vertex -70.0538 -16.8184 3.5
      vertex -66.1407 -21.4904 3.51
    endloop
  endfacet
  facet normal -0.346112 0.938193 0
    outer loop
      vertex -22.263 68.5183 0
      vertex -27.5702 66.5604 3.5
      vertex -22.263 68.5183 3.5
    endloop
  endfacet
  facet normal -0.346112 0.938193 0
    outer loop
      vertex -27.5702 66.5604 3.5
      vertex -22.263 68.5183 0
      vertex -27.5702 66.5604 0
    endloop
  endfacet
  facet normal -0.00108658 0.00385281 0.999992
    outer loop
      vertex -16.8184 70.0538 3.5
      vertex -22.263 68.5183 3.5
      vertex -21.4904 66.1407 3.51
    endloop
  endfacet
  facet normal 0.00392617 -0.000780952 0.999992
    outer loop
      vertex 68.6882 -10.8791 3.51
      vertex 67.6229 -16.2348 3.51
      vertex 71.1574 -11.2702 3.5
    endloop
  endfacet
  facet normal 0.00375567 0.00138552 0.999992
    outer loop
      vertex 66.5604 27.5702 3.5
      vertex 66.1407 21.4904 3.51
      vertex 68.5183 22.263 3.5
    endloop
  endfacet
  facet normal -0.00375567 0.00138552 0.999992
    outer loop
      vertex -66.5604 27.5702 3.5
      vertex -68.5183 22.263 3.5
      vertex -66.1407 21.4904 3.51
    endloop
  endfacet
  facet normal -0.999229 -0.0392618 0
    outer loop
      vertex -71.8223 -5.65254 0
      vertex -72.0444 0 3.5
      vertex -72.0444 0 0
    endloop
  endfacet
  facet normal -0.999229 -0.0392618 0
    outer loop
      vertex -72.0444 0 3.5
      vertex -71.8223 -5.65254 0
      vertex -71.8223 -5.65254 3.5
    endloop
  endfacet
  facet normal -0.00247824 0.00314355 0.999992
    outer loop
      vertex -42.3467 58.2852 3.5
      vertex -46.7891 54.783 3.5
      vertex -40.8772 56.2626 3.51
    endloop
  endfacet
  facet normal -0.00385281 0.00108658 0.999992
    outer loop
      vertex -68.5183 22.263 3.5
      vertex -70.0538 16.8184 3.5
      vertex -66.1407 21.4904 3.51
    endloop
  endfacet
  facet normal -0.00363533 0.00167596 0.999992
    outer loop
      vertex -61.9645 31.5725 3.51
      vertex -66.5604 27.5702 3.5
      vertex -64.2507 26.6135 3.51
    endloop
  endfacet
  facet normal 0.117538 0.993068 -0
    outer loop
      vertex 11.2702 71.1574 0
      vertex 5.65254 71.8223 3.5
      vertex 11.2702 71.1574 3.5
    endloop
  endfacet
  facet normal 0.117538 0.993068 0
    outer loop
      vertex 5.65254 71.8223 3.5
      vertex 11.2702 71.1574 0
      vertex 5.65254 71.8223 0
    endloop
  endfacet
  facet normal -0.00332847 0.00222398 0.999992
    outer loop
      vertex -58.2852 42.3467 3.5
      vertex -61.428 37.6431 3.5
      vertex -59.2964 36.3369 3.51
    endloop
  endfacet
  facet normal 0.00385281 -0.00108658 0.999992
    outer loop
      vertex 67.6229 -16.2348 3.51
      vertex 66.1407 -21.4904 3.51
      vertex 70.0538 -16.8184 3.5
    endloop
  endfacet
  facet normal 0.0392618 0.999229 -0
    outer loop
      vertex 5.65254 71.8223 0
      vertex 0 72.0444 3.5
      vertex 5.65254 71.8223 3.5
    endloop
  endfacet
  facet normal 0.0392618 0.999229 0
    outer loop
      vertex 0 72.0444 3.5
      vertex 5.65254 71.8223 0
      vertex 0 72.0444 0
    endloop
  endfacet
  facet normal 0.195089 0.980785 -0
    outer loop
      vertex 16.8184 70.0538 0
      vertex 11.2702 71.1574 3.5
      vertex 16.8184 70.0538 3.5
    endloop
  endfacet
  facet normal 0.195089 0.980785 0
    outer loop
      vertex 11.2702 71.1574 3.5
      vertex 16.8184 70.0538 0
      vertex 11.2702 71.1574 0
    endloop
  endfacet
  facet normal -0.0039753 -0.000470512 0.999992
    outer loop
      vertex -69.33 -5.45639 3.51
      vertex -71.8223 -5.65254 3.5
      vertex -71.1574 -11.2702 3.5
    endloop
  endfacet
  facet normal -0.980785 -0.195089 0
    outer loop
      vertex -70.0538 -16.8184 0
      vertex -71.1574 -11.2702 3.5
      vertex -71.1574 -11.2702 0
    endloop
  endfacet
  facet normal -0.980785 -0.195089 0
    outer loop
      vertex -71.1574 -11.2702 3.5
      vertex -70.0538 -16.8184 0
      vertex -70.0538 -16.8184 3.5
    endloop
  endfacet
  facet normal -0.00397534 -0.000470498 0.999992
    outer loop
      vertex -69.33 -5.45639 3.51
      vertex -71.1574 -11.2702 3.5
      vertex -68.6882 -10.8791 3.51
    endloop
  endfacet
  facet normal 0.00385281 0.00108658 0.999992
    outer loop
      vertex 68.5183 22.263 3.5
      vertex 66.1407 21.4904 3.51
      vertex 70.0538 16.8184 3.5
    endloop
  endfacet
  facet normal 0.346112 0.938193 -0
    outer loop
      vertex 27.5702 66.5604 0
      vertex 22.263 68.5183 3.5
      vertex 27.5702 66.5604 3.5
    endloop
  endfacet
  facet normal 0.346112 0.938193 0
    outer loop
      vertex 22.263 68.5183 3.5
      vertex 27.5702 66.5604 0
      vertex 22.263 68.5183 0
    endloop
  endfacet
  facet normal -0.993068 0.117538 0
    outer loop
      vertex -71.8223 5.65254 0
      vertex -71.1574 11.2702 3.5
      vertex -71.1574 11.2702 0
    endloop
  endfacet
  facet normal -0.993068 0.117538 0
    outer loop
      vertex -71.1574 11.2702 3.5
      vertex -71.8223 5.65254 0
      vertex -71.8223 5.65254 3.5
    endloop
  endfacet
  facet normal -0.00247828 0.00314371 0.999992
    outer loop
      vertex -40.8772 56.2626 3.51
      vertex -46.7891 54.783 3.5
      vertex -45.1655 52.882 3.51
    endloop
  endfacet
  facet normal 0.00314371 0.00247828 0.999992
    outer loop
      vertex 54.783 46.7891 3.5
      vertex 52.882 45.1655 3.51
      vertex 56.2626 40.8772 3.51
    endloop
  endfacet
  facet normal -0.00392617 -0.000780952 0.999992
    outer loop
      vertex -68.6882 -10.8791 3.51
      vertex -71.1574 -11.2702 3.5
      vertex -67.6229 -16.2348 3.51
    endloop
  endfacet
  facet normal -0.734324 -0.678799 0
    outer loop
      vertex -50.9431 -50.9431 0
      vertex -54.783 -46.7891 3.5
      vertex -54.783 -46.7891 0
    endloop
  endfacet
  facet normal -0.734324 -0.678799 0
    outer loop
      vertex -54.783 -46.7891 3.5
      vertex -50.9431 -50.9431 0
      vertex -50.9431 -50.9431 3.5
    endloop
  endfacet
  facet normal 0.00363523 -0.00167584 0.999992
    outer loop
      vertex 66.5604 -27.5702 3.5
      vertex 61.9645 -31.5725 3.51
      vertex 64.1921 -32.7075 3.5
    endloop
  endfacet
  facet normal 0.00399997 -0.000157167 0.999992
    outer loop
      vertex 72.0444 0 3.5
      vertex 69.5444 0 3.51
      vertex 71.8223 -5.65254 3.5
    endloop
  endfacet
  facet normal -0.831473 -0.555565 0
    outer loop
      vertex -58.2852 -42.3467 0
      vertex -61.428 -37.6431 3.5
      vertex -61.428 -37.6431 0
    endloop
  endfacet
  facet normal -0.831473 -0.555565 0
    outer loop
      vertex -61.428 -37.6431 3.5
      vertex -58.2852 -42.3467 0
      vertex -58.2852 -42.3467 3.5
    endloop
  endfacet
  facet normal -0.938193 -0.346112 0
    outer loop
      vertex -66.5604 -27.5702 0
      vertex -68.5183 -22.263 3.5
      vertex -68.5183 -22.263 0
    endloop
  endfacet
  facet normal -0.938193 -0.346112 0
    outer loop
      vertex -68.5183 -22.263 3.5
      vertex -66.5604 -27.5702 0
      vertex -66.5604 -27.5702 3.5
    endloop
  endfacet
  facet normal -0.00167596 -0.00363533 0.999992
    outer loop
      vertex -26.6135 -64.2507 3.51
      vertex -31.5725 -61.9645 3.51
      vertex -27.5702 -66.5604 3.5
    endloop
  endfacet
  facet normal -0.908145 -0.418656 0
    outer loop
      vertex -64.1921 -32.7075 0
      vertex -66.5604 -27.5702 3.5
      vertex -66.5604 -27.5702 0
    endloop
  endfacet
  facet normal -0.908145 -0.418656 0
    outer loop
      vertex -66.5604 -27.5702 3.5
      vertex -64.1921 -32.7075 0
      vertex -64.1921 -32.7075 3.5
    endloop
  endfacet
  facet normal -0.00314355 -0.00247824 0.999992
    outer loop
      vertex -56.2626 -40.8772 3.51
      vertex -58.2852 -42.3467 3.5
      vertex -54.783 -46.7891 3.5
    endloop
  endfacet
  facet normal 0.678799 0.734324 -0
    outer loop
      vertex 50.9431 50.9431 0
      vertex 46.7891 54.783 3.5
      vertex 50.9431 50.9431 3.5
    endloop
  endfacet
  facet normal 0.678799 0.734324 0
    outer loop
      vertex 46.7891 54.783 3.5
      vertex 50.9431 50.9431 0
      vertex 46.7891 54.783 0
    endloop
  endfacet
  facet normal 0.993068 0.117538 0
    outer loop
      vertex 71.8223 5.65254 3.5
      vertex 71.1574 11.2702 0
      vertex 71.1574 11.2702 3.5
    endloop
  endfacet
  facet normal 0.993068 0.117538 0
    outer loop
      vertex 71.1574 11.2702 0
      vertex 71.8223 5.65254 3.5
      vertex 71.8223 5.65254 0
    endloop
  endfacet
  facet normal 0.00363523 0.00167584 0.999992
    outer loop
      vertex 64.1921 32.7075 3.5
      vertex 61.9645 31.5725 3.51
      vertex 66.5604 27.5702 3.5
    endloop
  endfacet
  facet normal -0.271435 -0.962457 0
    outer loop
      vertex -22.263 -68.5183 0
      vertex -16.8184 -70.0538 3.5
      vertex -22.263 -68.5183 3.5
    endloop
  endfacet
  facet normal -0.271435 -0.962457 -0
    outer loop
      vertex -16.8184 -70.0538 3.5
      vertex -22.263 -68.5183 0
      vertex -16.8184 -70.0538 0
    endloop
  endfacet
  facet normal 0.000157167 -0.00399997 0.999992
    outer loop
      vertex 0 -69.5444 3.51
      vertex 0 -72.0444 3.5
      vertex 5.65254 -71.8223 3.5
    endloop
  endfacet
  facet normal 0.00399996 0.000157172 0.999992
    outer loop
      vertex 71.8223 5.65254 3.5
      vertex 69.33 5.45639 3.51
      vertex 69.5444 0 3.51
    endloop
  endfacet
  facet normal 0.00392618 0.000780962 0.999992
    outer loop
      vertex 70.0538 16.8184 3.5
      vertex 67.6229 16.2348 3.51
      vertex 71.1574 11.2702 3.5
    endloop
  endfacet
  facet normal 0.993068 -0.117538 0
    outer loop
      vertex 71.1574 -11.2702 3.5
      vertex 71.8223 -5.65254 0
      vertex 71.8223 -5.65254 3.5
    endloop
  endfacet
  facet normal 0.993068 -0.117538 0
    outer loop
      vertex 71.8223 -5.65254 0
      vertex 71.1574 -11.2702 3.5
      vertex 71.1574 -11.2702 0
    endloop
  endfacet
  facet normal -0.872494 0.488625 0
    outer loop
      vertex -64.1921 32.7075 0
      vertex -61.428 37.6431 3.5
      vertex -61.428 37.6431 0
    endloop
  endfacet
  facet normal -0.872494 0.488625 0
    outer loop
      vertex -61.428 37.6431 3.5
      vertex -64.1921 32.7075 0
      vertex -64.1921 32.7075 3.5
    endloop
  endfacet
  facet normal -0.00363533 -0.00167596 0.999992
    outer loop
      vertex -64.2507 -26.6135 3.51
      vertex -66.5604 -27.5702 3.5
      vertex -61.9645 -31.5725 3.51
    endloop
  endfacet
  facet normal -0.00332847 -0.00222398 0.999992
    outer loop
      vertex -59.2964 -36.3369 3.51
      vertex -61.428 -37.6431 3.5
      vertex -58.2852 -42.3467 3.5
    endloop
  endfacet
  facet normal -0.734324 0.678799 0
    outer loop
      vertex -54.783 46.7891 0
      vertex -50.9431 50.9431 3.5
      vertex -50.9431 50.9431 0
    endloop
  endfacet
  facet normal -0.734324 0.678799 0
    outer loop
      vertex -50.9431 50.9431 3.5
      vertex -54.783 46.7891 0
      vertex -54.783 46.7891 3.5
    endloop
  endfacet
  facet normal 0.00385281 -0.00108658 0.999992
    outer loop
      vertex 70.0538 -16.8184 3.5
      vertex 66.1407 -21.4904 3.51
      vertex 68.5183 -22.263 3.5
    endloop
  endfacet
  facet normal 0.00375567 -0.00138552 0.999992
    outer loop
      vertex 68.5183 -22.263 3.5
      vertex 66.1407 -21.4904 3.51
      vertex 66.5604 -27.5702 3.5
    endloop
  endfacet
  facet normal -0.962457 -0.271435 0
    outer loop
      vertex -68.5183 -22.263 0
      vertex -70.0538 -16.8184 3.5
      vertex -70.0538 -16.8184 0
    endloop
  endfacet
  facet normal -0.962457 -0.271435 0
    outer loop
      vertex -70.0538 -16.8184 3.5
      vertex -68.5183 -22.263 0
      vertex -68.5183 -22.263 3.5
    endloop
  endfacet
  facet normal 0.962457 0.271435 0
    outer loop
      vertex 70.0538 16.8184 3.5
      vertex 68.5183 22.263 0
      vertex 68.5183 22.263 3.5
    endloop
  endfacet
  facet normal 0.962457 0.271435 0
    outer loop
      vertex 68.5183 22.263 0
      vertex 70.0538 16.8184 3.5
      vertex 70.0538 16.8184 0
    endloop
  endfacet
  facet normal 0.938193 0.346112 0
    outer loop
      vertex 68.5183 22.263 3.5
      vertex 66.5604 27.5702 0
      vertex 66.5604 27.5702 3.5
    endloop
  endfacet
  facet normal 0.938193 0.346112 0
    outer loop
      vertex 66.5604 27.5702 0
      vertex 68.5183 22.263 3.5
      vertex 68.5183 22.263 0
    endloop
  endfacet
  facet normal -0.00399997 -0.000157167 0.999992
    outer loop
      vertex -69.5444 0 3.51
      vertex -72.0444 0 3.5
      vertex -71.8223 -5.65254 3.5
    endloop
  endfacet
  facet normal 0.872494 0.488625 0
    outer loop
      vertex 64.1921 32.7075 3.5
      vertex 61.428 37.6431 0
      vertex 61.428 37.6431 3.5
    endloop
  endfacet
  facet normal 0.872494 0.488625 0
    outer loop
      vertex 61.428 37.6431 0
      vertex 64.1921 32.7075 3.5
      vertex 64.1921 32.7075 0
    endloop
  endfacet
  facet normal 0.418656 0.908145 -0
    outer loop
      vertex 32.7075 64.1921 0
      vertex 27.5702 66.5604 3.5
      vertex 32.7075 64.1921 3.5
    endloop
  endfacet
  facet normal 0.418656 0.908145 0
    outer loop
      vertex 27.5702 66.5604 3.5
      vertex 32.7075 64.1921 0
      vertex 27.5702 66.5604 0
    endloop
  endfacet
  facet normal 0.0039753 0.000470512 0.999992
    outer loop
      vertex 71.1574 11.2702 3.5
      vertex 69.33 5.45639 3.51
      vertex 71.8223 5.65254 3.5
    endloop
  endfacet
  facet normal -0.00392618 0.000780962 0.999992
    outer loop
      vertex -70.0538 16.8184 3.5
      vertex -71.1574 11.2702 3.5
      vertex -67.6229 16.2348 3.51
    endloop
  endfacet
  facet normal 0.962457 -0.271435 0
    outer loop
      vertex 68.5183 -22.263 3.5
      vertex 70.0538 -16.8184 0
      vertex 70.0538 -16.8184 3.5
    endloop
  endfacet
  facet normal 0.962457 -0.271435 0
    outer loop
      vertex 70.0538 -16.8184 0
      vertex 68.5183 -22.263 3.5
      vertex 68.5183 -22.263 0
    endloop
  endfacet
  facet normal -0.00271734 0.00293953 0.999992
    outer loop
      vertex -46.7891 54.783 3.5
      vertex -49.1753 49.1753 3.51
      vertex -45.1655 52.882 3.51
    endloop
  endfacet
  facet normal 0.000780962 0.00392618 0.999992
    outer loop
      vertex 16.8184 70.0538 3.5
      vertex 11.2702 71.1574 3.5
      vertex 16.2348 67.6229 3.51
    endloop
  endfacet
  facet normal -0.00271734 -0.00293953 0.999992
    outer loop
      vertex -45.1655 -52.882 3.51
      vertex -49.1753 -49.1753 3.51
      vertex -46.7891 -54.783 3.5
    endloop
  endfacet
  facet normal -0.619104 0.785309 0
    outer loop
      vertex -42.3467 58.2852 0
      vertex -46.7891 54.783 3.5
      vertex -42.3467 58.2852 3.5
    endloop
  endfacet
  facet normal -0.619104 0.785309 0
    outer loop
      vertex -46.7891 54.783 3.5
      vertex -42.3467 58.2852 0
      vertex -46.7891 54.783 0
    endloop
  endfacet
  facet normal -0.00167584 0.00363523 0.999992
    outer loop
      vertex -27.5702 66.5604 3.5
      vertex -32.7075 64.1921 3.5
      vertex -31.5725 61.9645 3.51
    endloop
  endfacet
  facet normal -0.00392618 -0.000780962 0.999992
    outer loop
      vertex -67.6229 -16.2348 3.51
      vertex -71.1574 -11.2702 3.5
      vertex -70.0538 -16.8184 3.5
    endloop
  endfacet
  facet normal 0.938193 -0.346112 0
    outer loop
      vertex 66.5604 -27.5702 3.5
      vertex 68.5183 -22.263 0
      vertex 68.5183 -22.263 3.5
    endloop
  endfacet
  facet normal 0.938193 -0.346112 0
    outer loop
      vertex 68.5183 -22.263 0
      vertex 66.5604 -27.5702 3.5
      vertex 66.5604 -27.5702 0
    endloop
  endfacet
  facet normal -0.00293953 0.00271734 0.999992
    outer loop
      vertex -49.1753 49.1753 3.51
      vertex -54.783 46.7891 3.5
      vertex -52.882 45.1655 3.51
    endloop
  endfacet
  facet normal -0.00167596 0.00363533 0.999992
    outer loop
      vertex -27.5702 66.5604 3.5
      vertex -31.5725 61.9645 3.51
      vertex -26.6135 64.2507 3.51
    endloop
  endfacet
  facet normal -0.00271722 0.00293948 0.999992
    outer loop
      vertex -46.7891 54.783 3.5
      vertex -50.9431 50.9431 3.5
      vertex -49.1753 49.1753 3.51
    endloop
  endfacet
  facet normal 0.000157167 0.00399997 0.999992
    outer loop
      vertex 0 72.0444 3.5
      vertex 0 69.5444 3.51
      vertex 5.65254 71.8223 3.5
    endloop
  endfacet
  facet normal -0.000157172 -0.00399996 0.999992
    outer loop
      vertex -5.45639 -69.33 3.51
      vertex -5.65254 -71.8223 3.5
      vertex 0 -69.5444 3.51
    endloop
  endfacet
  facet normal 0.00397534 -0.000470498 0.999992
    outer loop
      vertex 69.33 -5.45639 3.51
      vertex 68.6882 -10.8791 3.51
      vertex 71.1574 -11.2702 3.5
    endloop
  endfacet
  facet normal -0.000780952 -0.00392617 0.999992
    outer loop
      vertex -10.8791 -68.6882 3.51
      vertex -16.2348 -67.6229 3.51
      vertex -11.2702 -71.1574 3.5
    endloop
  endfacet
  facet normal 0.00167584 -0.00363523 0.999992
    outer loop
      vertex 31.5725 -61.9645 3.51
      vertex 27.5702 -66.5604 3.5
      vertex 32.7075 -64.1921 3.5
    endloop
  endfacet
  facet normal -0.195089 0.980785 0
    outer loop
      vertex -11.2702 71.1574 0
      vertex -16.8184 70.0538 3.5
      vertex -11.2702 71.1574 3.5
    endloop
  endfacet
  facet normal -0.195089 0.980785 0
    outer loop
      vertex -16.8184 70.0538 3.5
      vertex -11.2702 71.1574 0
      vertex -16.8184 70.0538 0
    endloop
  endfacet
  facet normal 0.980785 0.195089 0
    outer loop
      vertex 71.1574 11.2702 3.5
      vertex 70.0538 16.8184 0
      vertex 70.0538 16.8184 3.5
    endloop
  endfacet
  facet normal 0.980785 0.195089 0
    outer loop
      vertex 70.0538 16.8184 0
      vertex 71.1574 11.2702 3.5
      vertex 71.1574 11.2702 0
    endloop
  endfacet
  facet normal 0.000157172 0.00399996 0.999992
    outer loop
      vertex 5.65254 71.8223 3.5
      vertex 0 69.5444 3.51
      vertex 5.45639 69.33 3.51
    endloop
  endfacet
  facet normal -0.000470498 -0.00397534 0.999992
    outer loop
      vertex -10.8791 -68.6882 3.51
      vertex -11.2702 -71.1574 3.5
      vertex -5.45639 -69.33 3.51
    endloop
  endfacet
  facet normal 0.0392618 -0.999229 0
    outer loop
      vertex 0 -72.0444 0
      vertex 5.65254 -71.8223 3.5
      vertex 0 -72.0444 3.5
    endloop
  endfacet
  facet normal 0.0392618 -0.999229 0
    outer loop
      vertex 5.65254 -71.8223 3.5
      vertex 0 -72.0444 0
      vertex 5.65254 -71.8223 0
    endloop
  endfacet
  facet normal 0.271435 -0.962457 0
    outer loop
      vertex 16.8184 -70.0538 0
      vertex 22.263 -68.5183 3.5
      vertex 16.8184 -70.0538 3.5
    endloop
  endfacet
  facet normal 0.271435 -0.962457 0
    outer loop
      vertex 22.263 -68.5183 3.5
      vertex 16.8184 -70.0538 0
      vertex 22.263 -68.5183 0
    endloop
  endfacet
  facet normal 0.00108658 -0.00385281 0.999992
    outer loop
      vertex 21.4904 -66.1407 3.51
      vertex 16.8184 -70.0538 3.5
      vertex 22.263 -68.5183 3.5
    endloop
  endfacet
  facet normal 0.734324 0.678799 0
    outer loop
      vertex 54.783 46.7891 3.5
      vertex 50.9431 50.9431 0
      vertex 50.9431 50.9431 3.5
    endloop
  endfacet
  facet normal 0.734324 0.678799 0
    outer loop
      vertex 50.9431 50.9431 0
      vertex 54.783 46.7891 3.5
      vertex 54.783 46.7891 0
    endloop
  endfacet
  facet normal -0.00349256 -0.00195586 0.999992
    outer loop
      vertex -61.9645 -31.5725 3.51
      vertex -64.1921 -32.7075 3.5
      vertex -59.2964 -36.3369 3.51
    endloop
  endfacet
  facet normal 0.00108658 0.00385281 0.999992
    outer loop
      vertex 16.8184 70.0538 3.5
      vertex 16.2348 67.6229 3.51
      vertex 21.4904 66.1407 3.51
    endloop
  endfacet
  facet normal -0.000157167 0.00399997 0.999992
    outer loop
      vertex 0 72.0444 3.5
      vertex -5.65254 71.8223 3.5
      vertex 0 69.5444 3.51
    endloop
  endfacet
  facet normal -0.00314355 0.00247824 0.999992
    outer loop
      vertex -54.783 46.7891 3.5
      vertex -58.2852 42.3467 3.5
      vertex -56.2626 40.8772 3.51
    endloop
  endfacet
  facet normal 0.00399997 0.000157167 0.999992
    outer loop
      vertex 71.8223 5.65254 3.5
      vertex 69.5444 0 3.51
      vertex 72.0444 0 3.5
    endloop
  endfacet
  facet normal -0.872494 -0.488625 0
    outer loop
      vertex -61.428 -37.6431 0
      vertex -64.1921 -32.7075 3.5
      vertex -64.1921 -32.7075 0
    endloop
  endfacet
  facet normal -0.872494 -0.488625 0
    outer loop
      vertex -64.1921 -32.7075 3.5
      vertex -61.428 -37.6431 0
      vertex -61.428 -37.6431 3.5
    endloop
  endfacet
  facet normal -0.00314371 0.00247828 0.999992
    outer loop
      vertex -54.783 46.7891 3.5
      vertex -56.2626 40.8772 3.51
      vertex -52.882 45.1655 3.51
    endloop
  endfacet
  facet normal -0.962457 0.271435 0
    outer loop
      vertex -70.0538 16.8184 0
      vertex -68.5183 22.263 3.5
      vertex -68.5183 22.263 0
    endloop
  endfacet
  facet normal -0.962457 0.271435 0
    outer loop
      vertex -68.5183 22.263 3.5
      vertex -70.0538 16.8184 0
      vertex -70.0538 16.8184 3.5
    endloop
  endfacet
  facet normal -0.418656 0.908145 0
    outer loop
      vertex -27.5702 66.5604 0
      vertex -32.7075 64.1921 3.5
      vertex -27.5702 66.5604 3.5
    endloop
  endfacet
  facet normal -0.418656 0.908145 0
    outer loop
      vertex -32.7075 64.1921 3.5
      vertex -27.5702 66.5604 0
      vertex -32.7075 64.1921 0
    endloop
  endfacet
  facet normal -0.678799 -0.734324 0
    outer loop
      vertex -50.9431 -50.9431 0
      vertex -46.7891 -54.783 3.5
      vertex -50.9431 -50.9431 3.5
    endloop
  endfacet
  facet normal -0.678799 -0.734324 -0
    outer loop
      vertex -46.7891 -54.783 3.5
      vertex -50.9431 -50.9431 0
      vertex -46.7891 -54.783 0
    endloop
  endfacet
  facet normal -0.00399997 0.000157167 0.999992
    outer loop
      vertex -71.8223 5.65254 3.5
      vertex -72.0444 0 3.5
      vertex -69.5444 0 3.51
    endloop
  endfacet
  facet normal 0.00271722 -0.00293948 0.999992
    outer loop
      vertex 49.1753 -49.1753 3.51
      vertex 46.7891 -54.783 3.5
      vertex 50.9431 -50.9431 3.5
    endloop
  endfacet
  facet normal -0.00349267 0.00195601 0.999992
    outer loop
      vertex -61.428 37.6431 3.5
      vertex -64.1921 32.7075 3.5
      vertex -59.2964 36.3369 3.51
    endloop
  endfacet
  facet normal -0.785309 0.619104 0
    outer loop
      vertex -58.2852 42.3467 0
      vertex -54.783 46.7891 3.5
      vertex -54.783 46.7891 0
    endloop
  endfacet
  facet normal -0.785309 0.619104 0
    outer loop
      vertex -54.783 46.7891 3.5
      vertex -58.2852 42.3467 0
      vertex -58.2852 42.3467 3.5
    endloop
  endfacet
  facet normal -0.678799 0.734324 0
    outer loop
      vertex -46.7891 54.783 0
      vertex -50.9431 50.9431 3.5
      vertex -46.7891 54.783 3.5
    endloop
  endfacet
  facet normal -0.678799 0.734324 0
    outer loop
      vertex -50.9431 50.9431 3.5
      vertex -46.7891 54.783 0
      vertex -50.9431 50.9431 0
    endloop
  endfacet
  facet normal -0.00375564 -0.00138552 0.999992
    outer loop
      vertex -66.1407 -21.4904 3.51
      vertex -66.5604 -27.5702 3.5
      vertex -64.2507 -26.6135 3.51
    endloop
  endfacet
  facet normal 0.00108658 0.00385281 0.999992
    outer loop
      vertex 22.263 68.5183 3.5
      vertex 16.8184 70.0538 3.5
      vertex 21.4904 66.1407 3.51
    endloop
  endfacet
  facet normal 0.00399996 -0.000157172 0.999992
    outer loop
      vertex 69.5444 0 3.51
      vertex 69.33 -5.45639 3.51
      vertex 71.8223 -5.65254 3.5
    endloop
  endfacet
  facet normal -0.00363523 0.00167584 0.999992
    outer loop
      vertex -64.1921 32.7075 3.5
      vertex -66.5604 27.5702 3.5
      vertex -61.9645 31.5725 3.51
    endloop
  endfacet
  facet normal -0.00222395 -0.0033283 0.999992
    outer loop
      vertex -40.8772 -56.2626 3.51
      vertex -42.3467 -58.2852 3.5
      vertex -36.3369 -59.2964 3.51
    endloop
  endfacet
  facet normal 0.0033283 0.00222395 0.999992
    outer loop
      vertex 58.2852 42.3467 3.5
      vertex 56.2626 40.8772 3.51
      vertex 59.2964 36.3369 3.51
    endloop
  endfacet
  facet normal 0.555565 0.831473 -0
    outer loop
      vertex 42.3467 58.2852 0
      vertex 37.6431 61.428 3.5
      vertex 42.3467 58.2852 3.5
    endloop
  endfacet
  facet normal 0.555565 0.831473 0
    outer loop
      vertex 37.6431 61.428 3.5
      vertex 42.3467 58.2852 0
      vertex 37.6431 61.428 0
    endloop
  endfacet
  facet normal 0.00167584 0.00363523 0.999992
    outer loop
      vertex 32.7075 64.1921 3.5
      vertex 27.5702 66.5604 3.5
      vertex 31.5725 61.9645 3.51
    endloop
  endfacet
  facet normal 0.000780952 -0.00392617 0.999992
    outer loop
      vertex 16.2348 -67.6229 3.51
      vertex 10.8791 -68.6882 3.51
      vertex 11.2702 -71.1574 3.5
    endloop
  endfacet
  facet normal -0.908145 0.418656 0
    outer loop
      vertex -66.5604 27.5702 0
      vertex -64.1921 32.7075 3.5
      vertex -64.1921 32.7075 0
    endloop
  endfacet
  facet normal -0.908145 0.418656 0
    outer loop
      vertex -64.1921 32.7075 3.5
      vertex -66.5604 27.5702 0
      vertex -66.5604 27.5702 3.5
    endloop
  endfacet
  facet normal 0.000470498 0.00397534 0.999992
    outer loop
      vertex 11.2702 71.1574 3.5
      vertex 5.45639 69.33 3.51
      vertex 10.8791 68.6882 3.51
    endloop
  endfacet
  facet normal 0.000780952 0.00392617 0.999992
    outer loop
      vertex 11.2702 71.1574 3.5
      vertex 10.8791 68.6882 3.51
      vertex 16.2348 67.6229 3.51
    endloop
  endfacet
  facet normal -0.0392618 0.999229 0
    outer loop
      vertex 0 72.0444 0
      vertex -5.65254 71.8223 3.5
      vertex 0 72.0444 3.5
    endloop
  endfacet
  facet normal -0.0392618 0.999229 0
    outer loop
      vertex -5.65254 71.8223 3.5
      vertex 0 72.0444 0
      vertex -5.65254 71.8223 0
    endloop
  endfacet
  facet normal -0.000780962 0.00392618 0.999992
    outer loop
      vertex -11.2702 71.1574 3.5
      vertex -16.8184 70.0538 3.5
      vertex -16.2348 67.6229 3.51
    endloop
  endfacet
  facet normal -0.00108658 0.00385281 0.999992
    outer loop
      vertex -16.8184 70.0538 3.5
      vertex -21.4904 66.1407 3.51
      vertex -16.2348 67.6229 3.51
    endloop
  endfacet
  facet normal -0.00138552 0.00375567 0.999992
    outer loop
      vertex -22.263 68.5183 3.5
      vertex -27.5702 66.5604 3.5
      vertex -21.4904 66.1407 3.51
    endloop
  endfacet
  facet normal 0.000157172 -0.00399996 0.999992
    outer loop
      vertex 5.45639 -69.33 3.51
      vertex 0 -69.5444 3.51
      vertex 5.65254 -71.8223 3.5
    endloop
  endfacet
  facet normal -0.00314371 -0.00247828 0.999992
    outer loop
      vertex -52.882 -45.1655 3.51
      vertex -56.2626 -40.8772 3.51
      vertex -54.783 -46.7891 3.5
    endloop
  endfacet
  facet normal 0.00222398 0.00332847 0.999992
    outer loop
      vertex 37.6431 61.428 3.5
      vertex 36.3369 59.2964 3.51
      vertex 42.3467 58.2852 3.5
    endloop
  endfacet
  facet normal 0.00349267 0.00195601 0.999992
    outer loop
      vertex 61.428 37.6431 3.5
      vertex 59.2964 36.3369 3.51
      vertex 64.1921 32.7075 3.5
    endloop
  endfacet
  facet normal -0.00293948 0.00271722 0.999992
    outer loop
      vertex -50.9431 50.9431 3.5
      vertex -54.783 46.7891 3.5
      vertex -49.1753 49.1753 3.51
    endloop
  endfacet
  facet normal -0.00375567 -0.00138552 0.999992
    outer loop
      vertex -66.1407 -21.4904 3.51
      vertex -68.5183 -22.263 3.5
      vertex -66.5604 -27.5702 3.5
    endloop
  endfacet
  facet normal -0.00385281 -0.00108658 0.999992
    outer loop
      vertex -66.1407 -21.4904 3.51
      vertex -70.0538 -16.8184 3.5
      vertex -68.5183 -22.263 3.5
    endloop
  endfacet
  facet normal 0.00195586 0.00349256 0.999992
    outer loop
      vertex 32.7075 64.1921 3.5
      vertex 31.5725 61.9645 3.51
      vertex 36.3369 59.2964 3.51
    endloop
  endfacet
  facet normal 0.00138552 0.00375564 0.999992
    outer loop
      vertex 27.5702 66.5604 3.5
      vertex 21.4904 66.1407 3.51
      vertex 26.6135 64.2507 3.51
    endloop
  endfacet
  facet normal 0.00392618 -0.000780962 0.999992
    outer loop
      vertex 71.1574 -11.2702 3.5
      vertex 67.6229 -16.2348 3.51
      vertex 70.0538 -16.8184 3.5
    endloop
  endfacet
  facet normal 0.00195601 0.00349267 0.999992
    outer loop
      vertex 37.6431 61.428 3.5
      vertex 32.7075 64.1921 3.5
      vertex 36.3369 59.2964 3.51
    endloop
  endfacet
  facet normal 0.00138552 0.00375567 0.999992
    outer loop
      vertex 22.263 68.5183 3.5
      vertex 21.4904 66.1407 3.51
      vertex 27.5702 66.5604 3.5
    endloop
  endfacet
  facet normal -0.619104 -0.785309 0
    outer loop
      vertex -46.7891 -54.783 0
      vertex -42.3467 -58.2852 3.5
      vertex -46.7891 -54.783 3.5
    endloop
  endfacet
  facet normal -0.619104 -0.785309 -0
    outer loop
      vertex -42.3467 -58.2852 3.5
      vertex -46.7891 -54.783 0
      vertex -42.3467 -58.2852 0
    endloop
  endfacet
  facet normal -0.346112 -0.938193 0
    outer loop
      vertex -27.5702 -66.5604 0
      vertex -22.263 -68.5183 3.5
      vertex -27.5702 -66.5604 3.5
    endloop
  endfacet
  facet normal -0.346112 -0.938193 -0
    outer loop
      vertex -22.263 -68.5183 3.5
      vertex -27.5702 -66.5604 0
      vertex -22.263 -68.5183 0
    endloop
  endfacet
  facet normal -0.00195601 -0.00349267 0.999992
    outer loop
      vertex -36.3369 -59.2964 3.51
      vertex -37.6431 -61.428 3.5
      vertex -32.7075 -64.1921 3.5
    endloop
  endfacet
  facet normal -0.195089 -0.980785 0
    outer loop
      vertex -16.8184 -70.0538 0
      vertex -11.2702 -71.1574 3.5
      vertex -16.8184 -70.0538 3.5
    endloop
  endfacet
  facet normal -0.195089 -0.980785 -0
    outer loop
      vertex -11.2702 -71.1574 3.5
      vertex -16.8184 -70.0538 0
      vertex -11.2702 -71.1574 0
    endloop
  endfacet
  facet normal 0.734324 -0.678799 0
    outer loop
      vertex 50.9431 -50.9431 3.5
      vertex 54.783 -46.7891 0
      vertex 54.783 -46.7891 3.5
    endloop
  endfacet
  facet normal 0.734324 -0.678799 0
    outer loop
      vertex 54.783 -46.7891 0
      vertex 50.9431 -50.9431 3.5
      vertex 50.9431 -50.9431 0
    endloop
  endfacet
  facet normal 0.000470512 -0.0039753 0.999992
    outer loop
      vertex 11.2702 -71.1574 3.5
      vertex 5.45639 -69.33 3.51
      vertex 5.65254 -71.8223 3.5
    endloop
  endfacet
  facet normal 0.00138552 -0.00375567 0.999992
    outer loop
      vertex 27.5702 -66.5604 3.5
      vertex 21.4904 -66.1407 3.51
      vertex 22.263 -68.5183 3.5
    endloop
  endfacet
  facet normal -0.0392618 -0.999229 0
    outer loop
      vertex -5.65254 -71.8223 0
      vertex 0 -72.0444 3.5
      vertex -5.65254 -71.8223 3.5
    endloop
  endfacet
  facet normal -0.0392618 -0.999229 -0
    outer loop
      vertex 0 -72.0444 3.5
      vertex -5.65254 -71.8223 0
      vertex 0 -72.0444 0
    endloop
  endfacet
  facet normal -0.00349256 0.00195586 0.999992
    outer loop
      vertex -59.2964 36.3369 3.51
      vertex -64.1921 32.7075 3.5
      vertex -61.9645 31.5725 3.51
    endloop
  endfacet
  facet normal 0.00375564 0.00138552 0.999992
    outer loop
      vertex 66.5604 27.5702 3.5
      vertex 64.2507 26.6135 3.51
      vertex 66.1407 21.4904 3.51
    endloop
  endfacet
  facet normal -0.00385281 0.00108658 0.999992
    outer loop
      vertex -66.1407 21.4904 3.51
      vertex -70.0538 16.8184 3.5
      vertex -67.6229 16.2348 3.51
    endloop
  endfacet
  facet normal -0.117538 0.993068 0
    outer loop
      vertex -5.65254 71.8223 0
      vertex -11.2702 71.1574 3.5
      vertex -5.65254 71.8223 3.5
    endloop
  endfacet
  facet normal -0.117538 0.993068 0
    outer loop
      vertex -11.2702 71.1574 3.5
      vertex -5.65254 71.8223 0
      vertex -11.2702 71.1574 0
    endloop
  endfacet
  facet normal -0.000157172 0.00399996 0.999992
    outer loop
      vertex 0 69.5444 3.51
      vertex -5.65254 71.8223 3.5
      vertex -5.45639 69.33 3.51
    endloop
  endfacet
  facet normal -0.00397534 0.000470498 0.999992
    outer loop
      vertex -68.6882 10.8791 3.51
      vertex -71.1574 11.2702 3.5
      vertex -69.33 5.45639 3.51
    endloop
  endfacet
  facet normal -0.00167584 -0.00363523 0.999992
    outer loop
      vertex -31.5725 -61.9645 3.51
      vertex -32.7075 -64.1921 3.5
      vertex -27.5702 -66.5604 3.5
    endloop
  endfacet
  facet normal -0.999229 0.0392618 0
    outer loop
      vertex -72.0444 0 0
      vertex -71.8223 5.65254 3.5
      vertex -71.8223 5.65254 0
    endloop
  endfacet
  facet normal -0.999229 0.0392618 0
    outer loop
      vertex -71.8223 5.65254 3.5
      vertex -72.0444 0 0
      vertex -72.0444 0 3.5
    endloop
  endfacet
  facet normal -0 0 -1
    outer loop
      vertex -2.61249 -4.2632 0
      vertex -30.3334 -52.2879 0
      vertex -2.93893 -4.04508 0
    endloop
  endfacet
  facet normal 0 0 -1
    outer loop
      vertex -5 0 0
      vertex -29.431 53.5648 0
      vertex -29.4228 53.6902 0
    endloop
  endfacet
  facet normal 0 0 -1
    outer loop
      vertex -30.4488 -52.2383 0
      vertex -2.93893 -4.04508 0
      vertex -30.3334 -52.2879 0
    endloop
  endfacet
  facet normal 0 0 -1
    outer loop
      vertex -5 0 0
      vertex -29.449 53.4405 0
      vertex -29.431 53.5648 0
    endloop
  endfacet
  facet normal -0 0 -1
    outer loop
      vertex -2.93893 -4.04508 0
      vertex -30.4488 -52.2383 0
      vertex -3.24724 -3.80203 0
    endloop
  endfacet
  facet normal 0 0 -1
    outer loop
      vertex -5 0 0
      vertex -29.4767 53.3179 0
      vertex -29.449 53.4405 0
    endloop
  endfacet
  facet normal 0 0 -1
    outer loop
      vertex -30.5678 -52.1979 0
      vertex -3.24724 -3.80203 0
      vertex -30.4488 -52.2383 0
    endloop
  endfacet
  facet normal 0 0 -1
    outer loop
      vertex -5 0 0
      vertex -29.514 53.198 0
      vertex -29.4767 53.3179 0
    endloop
  endfacet
  facet normal -0 0 -1
    outer loop
      vertex -3.24724 -3.80203 0
      vertex -30.5678 -52.1979 0
      vertex -3.53553 -3.53553 0
    endloop
  endfacet
  facet normal 0 0 -1
    outer loop
      vertex -5 0 0
      vertex -29.5605 53.0813 0
      vertex -29.514 53.198 0
    endloop
  endfacet
  facet normal 0 0 -1
    outer loop
      vertex -30.6896 -52.167 0
      vertex -3.53553 -3.53553 0
      vertex -30.5678 -52.1979 0
    endloop
  endfacet
  facet normal 0 0 -1
    outer loop
      vertex -5 0 0
      vertex -29.6161 52.9686 0
      vertex -29.5605 53.0813 0
    endloop
  endfacet
  facet normal -0 0 -1
    outer loop
      vertex -3.53553 -3.53553 0
      vertex -30.6896 -52.167 0
      vertex -3.80203 -3.24724 0
    endloop
  endfacet
  facet normal 0 0 -1
    outer loop
      vertex -5 0 0
      vertex -29.6803 52.8606 0
      vertex -29.6161 52.9686 0
    endloop
  endfacet
  facet normal 0 0 -1
    outer loop
      vertex -30.8134 -52.1457 0
      vertex -3.80203 -3.24724 0
      vertex -30.6896 -52.167 0
    endloop
  endfacet
  facet normal 0 0 -1
    outer loop
      vertex -5 0 0
      vertex -29.7528 52.758 0
      vertex -29.6803 52.8606 0
    endloop
  endfacet
  facet normal -0 0 -1
    outer loop
      vertex -3.80203 -3.24724 0
      vertex -30.8134 -52.1457 0
      vertex -4.04508 -2.93893 0
    endloop
  endfacet
  facet normal 0 0 -1
    outer loop
      vertex -5 0 0
      vertex -29.8332 52.6614 0
      vertex -29.7528 52.758 0
    endloop
  endfacet
  facet normal 0 0 -1
    outer loop
      vertex -30.9385 -52.1342 0
      vertex -4.04508 -2.93893 0
      vertex -30.8134 -52.1457 0
    endloop
  endfacet
  facet normal 0 0 -1
    outer loop
      vertex -5 0 0
      vertex -29.9208 52.5714 0
      vertex -29.8332 52.6614 0
    endloop
  endfacet
  facet normal -0 0 -1
    outer loop
      vertex -4.04508 -2.93893 0
      vertex -30.9385 -52.1342 0
      vertex -4.2632 -2.61249 0
    endloop
  endfacet
  facet normal 0 0 -1
    outer loop
      vertex -5 0 0
      vertex -30.0153 52.4886 0
      vertex -29.9208 52.5714 0
    endloop
  endfacet
  facet normal 0 0 -1
    outer loop
      vertex -31.0641 -52.1326 0
      vertex -4.2632 -2.61249 0
      vertex -30.9385 -52.1342 0
    endloop
  endfacet
  facet normal 0 0 -1
    outer loop
      vertex -5 0 0
      vertex -30.116 52.4134 0
      vertex -30.0153 52.4886 0
    endloop
  endfacet
  facet normal -0 0 -1
    outer loop
      vertex -4.2632 -2.61249 0
      vertex -31.0641 -52.1326 0
      vertex -4.45503 -2.26995 0
    endloop
  endfacet
  facet normal 0 0 -1
    outer loop
      vertex -5 0 0
      vertex -30.2222 52.3464 0
      vertex -30.116 52.4134 0
    endloop
  endfacet
  facet normal 0 0 -1
    outer loop
      vertex -31.1895 -52.1408 0
      vertex -4.45503 -2.26995 0
      vertex -31.0641 -52.1326 0
    endloop
  endfacet
  facet normal 0 0 -1
    outer loop
      vertex -5 0 0
      vertex -30.3334 52.2879 0
      vertex -30.2222 52.3464 0
    endloop
  endfacet
  facet normal 0 0 -1
    outer loop
      vertex -64.1921 -32.7075 0
      vertex -4.45503 -2.26995 0
      vertex -31.1895 -52.1408 0
    endloop
  endfacet
  facet normal 0 0 -1
    outer loop
      vertex -5 0 0
      vertex -30.4488 52.2383 0
      vertex -30.3334 52.2879 0
    endloop
  endfacet
  facet normal -0 0 -1
    outer loop
      vertex -4.45503 -2.26995 0
      vertex -64.1921 -32.7075 0
      vertex -4.6194 -1.91342 0
    endloop
  endfacet
  facet normal 0 0 -1
    outer loop
      vertex -5 0 0
      vertex -30.5678 52.1979 0
      vertex -30.4488 52.2383 0
    endloop
  endfacet
  facet normal -0 0 -1
    outer loop
      vertex -4.6194 -1.91342 0
      vertex -66.5604 -27.5702 0
      vertex -4.75528 -1.54508 0
    endloop
  endfacet
  facet normal 0 0 -1
    outer loop
      vertex -5 0 0
      vertex -30.6896 52.167 0
      vertex -30.5678 52.1979 0
    endloop
  endfacet
  facet normal 0 0 -1
    outer loop
      vertex -68.5183 -22.263 0
      vertex -4.75528 -1.54508 0
      vertex -66.5604 -27.5702 0
    endloop
  endfacet
  facet normal 0 -0 -1
    outer loop
      vertex -71.8223 5.65254 0
      vertex -5 0 0
      vertex -72.0444 0 0
    endloop
  endfacet
  facet normal -0 0 -1
    outer loop
      vertex -4.75528 -1.54508 0
      vertex -68.5183 -22.263 0
      vertex -4.86185 -1.16723 0
    endloop
  endfacet
  facet normal 0 -0 -1
    outer loop
      vertex -71.1574 11.2702 0
      vertex -5 0 0
      vertex -71.8223 5.65254 0
    endloop
  endfacet
  facet normal 0 0 -1
    outer loop
      vertex -70.0538 -16.8184 0
      vertex -4.86185 -1.16723 0
      vertex -68.5183 -22.263 0
    endloop
  endfacet
  facet normal 0 -0 -1
    outer loop
      vertex -70.0538 16.8184 0
      vertex -5 0 0
      vertex -71.1574 11.2702 0
    endloop
  endfacet
  facet normal 0 0 -1
    outer loop
      vertex -66.5604 -27.5702 0
      vertex -4.6194 -1.91342 0
      vertex -64.1921 -32.7075 0
    endloop
  endfacet
  facet normal 0 0 -1
    outer loop
      vertex -5 0 0
      vertex -30.8134 52.1457 0
      vertex -30.6896 52.167 0
    endloop
  endfacet
  facet normal 0 0 -1
    outer loop
      vertex -61.428 -37.6431 0
      vertex -31.1895 -52.1408 0
      vertex -31.3138 -52.1588 0
    endloop
  endfacet
  facet normal 0 -0 -1
    outer loop
      vertex -68.5183 22.263 0
      vertex -5 0 0
      vertex -70.0538 16.8184 0
    endloop
  endfacet
  facet normal 0 0 -1
    outer loop
      vertex -58.2852 -42.3467 0
      vertex -31.3138 -52.1588 0
      vertex -31.4363 -52.1866 0
    endloop
  endfacet
  facet normal 0 -0 -1
    outer loop
      vertex -66.5604 27.5702 0
      vertex -5 0 0
      vertex -68.5183 22.263 0
    endloop
  endfacet
  facet normal 0 0 -1
    outer loop
      vertex -58.2852 -42.3467 0
      vertex -31.4363 -52.1866 0
      vertex -31.5563 -52.2238 0
    endloop
  endfacet
  facet normal 0 0 -1
    outer loop
      vertex -5 0 0
      vertex -30.9385 52.1342 0
      vertex -30.8134 52.1457 0
    endloop
  endfacet
  facet normal 0 0 -1
    outer loop
      vertex -54.783 -46.7891 0
      vertex -31.5563 -52.2238 0
      vertex -31.673 -52.2704 0
    endloop
  endfacet
  facet normal 0 -0 -1
    outer loop
      vertex -64.1921 32.7075 0
      vertex -5 0 0
      vertex -66.5604 27.5702 0
    endloop
  endfacet
  facet normal 0 0 -1
    outer loop
      vertex -54.783 -46.7891 0
      vertex -31.673 -52.2704 0
      vertex -31.7857 -52.3259 0
    endloop
  endfacet
  facet normal 0 0 -1
    outer loop
      vertex -5 0 0
      vertex -31.0641 52.1326 0
      vertex -30.9385 52.1342 0
    endloop
  endfacet
  facet normal 0 0 -1
    outer loop
      vertex -50.9431 -50.9431 0
      vertex -31.7857 -52.3259 0
      vertex -31.8936 -52.3902 0
    endloop
  endfacet
  facet normal 0 0 -1
    outer loop
      vertex -5 0 0
      vertex -64.1921 32.7075 0
      vertex -31.0641 52.1326 0
    endloop
  endfacet
  facet normal 0 0 -1
    outer loop
      vertex -50.9431 -50.9431 0
      vertex -31.8936 -52.3902 0
      vertex -31.9962 -52.4627 0
    endloop
  endfacet
  facet normal -0 0 -1
    outer loop
      vertex -31.0641 52.1326 0
      vertex -64.1921 32.7075 0
      vertex -31.1895 52.1408 0
    endloop
  endfacet
  facet normal 0 0 -1
    outer loop
      vertex -50.9431 -50.9431 0
      vertex -31.9962 -52.4627 0
      vertex -32.0928 -52.543 0
    endloop
  endfacet
  facet normal 0 -0 -1
    outer loop
      vertex -61.428 37.6431 0
      vertex -31.1895 52.1408 0
      vertex -64.1921 32.7075 0
    endloop
  endfacet
  facet normal 0 0 -1
    outer loop
      vertex -50.9431 -50.9431 0
      vertex -32.0928 -52.543 0
      vertex -32.1828 -52.6307 0
    endloop
  endfacet
  facet normal -0 0 -1
    outer loop
      vertex -31.1895 52.1408 0
      vertex -61.428 37.6431 0
      vertex -31.3138 52.1588 0
    endloop
  endfacet
  facet normal 0 0 -1
    outer loop
      vertex -46.7891 -54.783 0
      vertex -32.1828 -52.6307 0
      vertex -32.2656 -52.7251 0
    endloop
  endfacet
  facet normal 0 -0 -1
    outer loop
      vertex -58.2852 42.3467 0
      vertex -31.3138 52.1588 0
      vertex -61.428 37.6431 0
    endloop
  endfacet
  facet normal 0 0 -1
    outer loop
      vertex -46.7891 -54.783 0
      vertex -32.2656 -52.7251 0
      vertex -32.3408 -52.8258 0
    endloop
  endfacet
  facet normal -0 0 -1
    outer loop
      vertex -31.3138 52.1588 0
      vertex -58.2852 42.3467 0
      vertex -31.4363 52.1866 0
    endloop
  endfacet
  facet normal 0 0 -1
    outer loop
      vertex -46.7891 -54.783 0
      vertex -32.3408 -52.8258 0
      vertex -32.4079 -52.9321 0
    endloop
  endfacet
  facet normal -0 0 -1
    outer loop
      vertex -31.4363 52.1866 0
      vertex -58.2852 42.3467 0
      vertex -31.5563 52.2238 0
    endloop
  endfacet
  facet normal 0 0 -1
    outer loop
      vertex -46.7891 -54.783 0
      vertex -32.4079 -52.9321 0
      vertex -32.4664 -53.0432 0
    endloop
  endfacet
  facet normal 0 -0 -1
    outer loop
      vertex -54.783 46.7891 0
      vertex -31.5563 52.2238 0
      vertex -58.2852 42.3467 0
    endloop
  endfacet
  facet normal 0 0 -1
    outer loop
      vertex -46.7891 -54.783 0
      vertex -32.4664 -53.0432 0
      vertex -32.5159 -53.1587 0
    endloop
  endfacet
  facet normal -0 0 -1
    outer loop
      vertex -31.5563 52.2238 0
      vertex -54.783 46.7891 0
      vertex -31.673 52.2704 0
    endloop
  endfacet
  facet normal 0 0 -1
    outer loop
      vertex -46.7891 -54.783 0
      vertex -32.5159 -53.1587 0
      vertex -32.5563 -53.2776 0
    endloop
  endfacet
  facet normal -0 0 -1
    outer loop
      vertex -31.673 52.2704 0
      vertex -54.783 46.7891 0
      vertex -31.7857 52.3259 0
    endloop
  endfacet
  facet normal 0 0 -1
    outer loop
      vertex -42.3467 -58.2852 0
      vertex -32.5563 -53.2776 0
      vertex -32.5872 -53.3994 0
    endloop
  endfacet
  facet normal 0 -0 -1
    outer loop
      vertex -50.9431 50.9431 0
      vertex -31.7857 52.3259 0
      vertex -54.783 46.7891 0
    endloop
  endfacet
  facet normal 0 0 -1
    outer loop
      vertex -42.3467 -58.2852 0
      vertex -32.5872 -53.3994 0
      vertex -32.6085 -53.5232 0
    endloop
  endfacet
  facet normal -0 0 -1
    outer loop
      vertex -31.7857 52.3259 0
      vertex -50.9431 50.9431 0
      vertex -31.8936 52.3902 0
    endloop
  endfacet
  facet normal 0 0 -1
    outer loop
      vertex -42.3467 -58.2852 0
      vertex -32.6085 -53.5232 0
      vertex -32.62 -53.6483 0
    endloop
  endfacet
  facet normal -0 0 -1
    outer loop
      vertex -31.8936 52.3902 0
      vertex -50.9431 50.9431 0
      vertex -31.9962 52.4627 0
    endloop
  endfacet
  facet normal 0 0 -1
    outer loop
      vertex -42.3467 -58.2852 0
      vertex -32.62 -53.6483 0
      vertex -32.6217 -53.7739 0
    endloop
  endfacet
  facet normal -0 0 -1
    outer loop
      vertex -31.9962 52.4627 0
      vertex -50.9431 50.9431 0
      vertex -32.0928 52.543 0
    endloop
  endfacet
  facet normal 0 0 -1
    outer loop
      vertex -29.4359 53.9409 0
      vertex -16.8184 70.0538 0
      vertex -29.4244 53.8158 0
    endloop
  endfacet
  facet normal 0 0 -1
    outer loop
      vertex -16.8184 70.0538 0
      vertex -29.4359 53.9409 0
      vertex -22.263 68.5183 0
    endloop
  endfacet
  facet normal 0 0 -1
    outer loop
      vertex -29.4572 54.0647 0
      vertex -22.263 68.5183 0
      vertex -29.4359 53.9409 0
    endloop
  endfacet
  facet normal 0 0 -1
    outer loop
      vertex -29.4881 54.1865 0
      vertex -22.263 68.5183 0
      vertex -29.4572 54.0647 0
    endloop
  endfacet
  facet normal 0 0 -1
    outer loop
      vertex -29.5285 54.3054 0
      vertex -22.263 68.5183 0
      vertex -29.4881 54.1865 0
    endloop
  endfacet
  facet normal 0 0 -1
    outer loop
      vertex -29.5781 54.4209 0
      vertex -22.263 68.5183 0
      vertex -29.5285 54.3054 0
    endloop
  endfacet
  facet normal 0 0 -1
    outer loop
      vertex -29.6366 54.5321 0
      vertex -22.263 68.5183 0
      vertex -29.5781 54.4209 0
    endloop
  endfacet
  facet normal 0 0 -1
    outer loop
      vertex -22.263 68.5183 0
      vertex -29.6366 54.5321 0
      vertex -27.5702 66.5604 0
    endloop
  endfacet
  facet normal 0 0 -1
    outer loop
      vertex -29.7036 54.6383 0
      vertex -27.5702 66.5604 0
      vertex -29.6366 54.5321 0
    endloop
  endfacet
  facet normal 0 0 -1
    outer loop
      vertex -29.7788 54.739 0
      vertex -27.5702 66.5604 0
      vertex -29.7036 54.6383 0
    endloop
  endfacet
  facet normal 0 0 -1
    outer loop
      vertex -29.8616 54.8334 0
      vertex -27.5702 66.5604 0
      vertex -29.7788 54.739 0
    endloop
  endfacet
  facet normal 0 0 -1
    outer loop
      vertex -29.9516 54.9211 0
      vertex -27.5702 66.5604 0
      vertex -29.8616 54.8334 0
    endloop
  endfacet
  facet normal 0 0 -1
    outer loop
      vertex -30.0482 55.0014 0
      vertex -27.5702 66.5604 0
      vertex -29.9516 54.9211 0
    endloop
  endfacet
  facet normal 0 0 -1
    outer loop
      vertex -30.1508 55.0739 0
      vertex -27.5702 66.5604 0
      vertex -30.0482 55.0014 0
    endloop
  endfacet
  facet normal 0 0 -1
    outer loop
      vertex -30.2588 55.1382 0
      vertex -27.5702 66.5604 0
      vertex -30.1508 55.0739 0
    endloop
  endfacet
  facet normal 0 0 -1
    outer loop
      vertex -30.3714 55.1937 0
      vertex -27.5702 66.5604 0
      vertex -30.2588 55.1382 0
    endloop
  endfacet
  facet normal 0 0 -1
    outer loop
      vertex -32.7075 64.1921 0
      vertex -30.3714 55.1937 0
      vertex -30.4881 55.2403 0
    endloop
  endfacet
  facet normal 0 0 -1
    outer loop
      vertex -32.7075 64.1921 0
      vertex -30.4881 55.2403 0
      vertex -30.6081 55.2775 0
    endloop
  endfacet
  facet normal 0 0 -1
    outer loop
      vertex -32.7075 64.1921 0
      vertex -30.6081 55.2775 0
      vertex -30.7306 55.3053 0
    endloop
  endfacet
  facet normal 0 0 -1
    outer loop
      vertex -32.7075 64.1921 0
      vertex -30.7306 55.3053 0
      vertex -30.855 55.3233 0
    endloop
  endfacet
  facet normal 0 0 -1
    outer loop
      vertex -32.7075 64.1921 0
      vertex -30.855 55.3233 0
      vertex -30.9803 55.3315 0
    endloop
  endfacet
  facet normal 0 0 -1
    outer loop
      vertex -32.7075 64.1921 0
      vertex -30.9803 55.3315 0
      vertex -31.106 55.3299 0
    endloop
  endfacet
  facet normal 0 0 -1
    outer loop
      vertex -32.7075 64.1921 0
      vertex -31.106 55.3299 0
      vertex -31.2311 55.3184 0
    endloop
  endfacet
  facet normal 0 0 -1
    outer loop
      vertex -32.7075 64.1921 0
      vertex -31.2311 55.3184 0
      vertex -31.3549 55.2971 0
    endloop
  endfacet
  facet normal 0 0 -1
    outer loop
      vertex -32.7075 64.1921 0
      vertex -31.3549 55.2971 0
      vertex -31.4766 55.2662 0
    endloop
  endfacet
  facet normal 0 0 -1
    outer loop
      vertex -32.7075 64.1921 0
      vertex -31.4766 55.2662 0
      vertex -31.5956 55.2258 0
    endloop
  endfacet
  facet normal 0 0 -1
    outer loop
      vertex -37.6431 61.428 0
      vertex -31.5956 55.2258 0
      vertex -31.711 55.1762 0
    endloop
  endfacet
  facet normal 0 0 -1
    outer loop
      vertex -37.6431 61.428 0
      vertex -31.711 55.1762 0
      vertex -31.8222 55.1177 0
    endloop
  endfacet
  facet normal 0 0 -1
    outer loop
      vertex -37.6431 61.428 0
      vertex -31.8222 55.1177 0
      vertex -31.9285 55.0507 0
    endloop
  endfacet
  facet normal 0 0 -1
    outer loop
      vertex -37.6431 61.428 0
      vertex -31.9285 55.0507 0
      vertex -32.0291 54.9755 0
    endloop
  endfacet
  facet normal 0 0 -1
    outer loop
      vertex -37.6431 61.428 0
      vertex -32.0291 54.9755 0
      vertex -32.1236 54.8927 0
    endloop
  endfacet
  facet normal 0 0 -1
    outer loop
      vertex -37.6431 61.428 0
      vertex -32.1236 54.8927 0
      vertex -32.2112 54.8027 0
    endloop
  endfacet
  facet normal 0 0 -1
    outer loop
      vertex -37.6431 61.428 0
      vertex -32.2112 54.8027 0
      vertex -32.2916 54.7061 0
    endloop
  endfacet
  facet normal 0 0 -1
    outer loop
      vertex -37.6431 61.428 0
      vertex -32.2916 54.7061 0
      vertex -32.3641 54.6035 0
    endloop
  endfacet
  facet normal 0 0 -1
    outer loop
      vertex -37.6431 61.428 0
      vertex -32.3641 54.6035 0
      vertex -32.4283 54.4955 0
    endloop
  endfacet
  facet normal 0 0 -1
    outer loop
      vertex -37.6431 61.428 0
      vertex -32.4283 54.4955 0
      vertex -32.4839 54.3828 0
    endloop
  endfacet
  facet normal 0 0 -1
    outer loop
      vertex -30.3714 55.1937 0
      vertex -32.7075 64.1921 0
      vertex -27.5702 66.5604 0
    endloop
  endfacet
  facet normal 0 0 -1
    outer loop
      vertex -37.6431 61.428 0
      vertex -32.4839 54.3828 0
      vertex -32.5304 54.2661 0
    endloop
  endfacet
  facet normal 0 0 -1
    outer loop
      vertex -42.3467 58.2852 0
      vertex -32.5304 54.2661 0
      vertex -32.5677 54.1462 0
    endloop
  endfacet
  facet normal 0 0 -1
    outer loop
      vertex -42.3467 58.2852 0
      vertex -32.5677 54.1462 0
      vertex -32.5954 54.0236 0
    endloop
  endfacet
  facet normal 0 0 -1
    outer loop
      vertex -42.3467 58.2852 0
      vertex -32.5954 54.0236 0
      vertex -32.6134 53.8993 0
    endloop
  endfacet
  facet normal 0 0 -1
    outer loop
      vertex -42.3467 58.2852 0
      vertex -32.6134 53.8993 0
      vertex -32.6217 53.7739 0
    endloop
  endfacet
  facet normal -0 0 -1
    outer loop
      vertex -32.6134 -53.8993 0
      vertex -42.3467 -58.2852 0
      vertex -32.6217 -53.7739 0
    endloop
  endfacet
  facet normal 0 0 -1
    outer loop
      vertex -32.5563 -53.2776 0
      vertex -42.3467 -58.2852 0
      vertex -46.7891 -54.783 0
    endloop
  endfacet
  facet normal 0 0 -1
    outer loop
      vertex -31.5956 55.2258 0
      vertex -37.6431 61.428 0
      vertex -32.7075 64.1921 0
    endloop
  endfacet
  facet normal -0 0 -1
    outer loop
      vertex -32.1828 -52.6307 0
      vertex -46.7891 -54.783 0
      vertex -50.9431 -50.9431 0
    endloop
  endfacet
  facet normal 0 0 -1
    outer loop
      vertex -32.5304 54.2661 0
      vertex -42.3467 58.2852 0
      vertex -37.6431 61.428 0
    endloop
  endfacet
  facet normal 0 0 -1
    outer loop
      vertex -31.7857 -52.3259 0
      vertex -50.9431 -50.9431 0
      vertex -54.783 -46.7891 0
    endloop
  endfacet
  facet normal 0 0 -1
    outer loop
      vertex -32.62 53.6483 0
      vertex -42.3467 58.2852 0
      vertex -32.6217 53.7739 0
    endloop
  endfacet
  facet normal 0 0 -1
    outer loop
      vertex -31.5563 -52.2238 0
      vertex -54.783 -46.7891 0
      vertex -58.2852 -42.3467 0
    endloop
  endfacet
  facet normal 0 0 -1
    outer loop
      vertex -32.6085 53.5232 0
      vertex -42.3467 58.2852 0
      vertex -32.62 53.6483 0
    endloop
  endfacet
  facet normal 0 0 -1
    outer loop
      vertex -31.3138 -52.1588 0
      vertex -58.2852 -42.3467 0
      vertex -61.428 -37.6431 0
    endloop
  endfacet
  facet normal 0 0 -1
    outer loop
      vertex -32.5872 53.3994 0
      vertex -42.3467 58.2852 0
      vertex -32.6085 53.5232 0
    endloop
  endfacet
  facet normal 0 0 -1
    outer loop
      vertex -31.1895 -52.1408 0
      vertex -61.428 -37.6431 0
      vertex -64.1921 -32.7075 0
    endloop
  endfacet
  facet normal 0 0 -1
    outer loop
      vertex -32.5563 53.2776 0
      vertex -42.3467 58.2852 0
      vertex -32.5872 53.3994 0
    endloop
  endfacet
  facet normal -0 0 -1
    outer loop
      vertex -4.86185 -1.16723 0
      vertex -70.0538 -16.8184 0
      vertex -4.93844 -0.782172 0
    endloop
  endfacet
  facet normal 0 -0 -1
    outer loop
      vertex -42.3467 58.2852 0
      vertex -32.5563 53.2776 0
      vertex -46.7891 54.783 0
    endloop
  endfacet
  facet normal 0 0 -1
    outer loop
      vertex -71.1574 -11.2702 0
      vertex -4.93844 -0.782172 0
      vertex -70.0538 -16.8184 0
    endloop
  endfacet
  facet normal 0 0 -1
    outer loop
      vertex -32.5159 53.1587 0
      vertex -46.7891 54.783 0
      vertex -32.5563 53.2776 0
    endloop
  endfacet
  facet normal -0 0 -1
    outer loop
      vertex -4.93844 -0.782172 0
      vertex -71.1574 -11.2702 0
      vertex -4.98459 -0.392295 0
    endloop
  endfacet
  facet normal 0 0 -1
    outer loop
      vertex -32.4664 53.0432 0
      vertex -46.7891 54.783 0
      vertex -32.5159 53.1587 0
    endloop
  endfacet
  facet normal 0 0 -1
    outer loop
      vertex -71.8223 -5.65254 0
      vertex -4.98459 -0.392295 0
      vertex -71.1574 -11.2702 0
    endloop
  endfacet
  facet normal 0 0 -1
    outer loop
      vertex -32.4079 52.9321 0
      vertex -46.7891 54.783 0
      vertex -32.4664 53.0432 0
    endloop
  endfacet
  facet normal -0 0 -1
    outer loop
      vertex -4.98459 -0.392295 0
      vertex -71.8223 -5.65254 0
      vertex -5 0 0
    endloop
  endfacet
  facet normal 0 0 -1
    outer loop
      vertex -32.3408 52.8258 0
      vertex -46.7891 54.783 0
      vertex -32.4079 52.9321 0
    endloop
  endfacet
  facet normal -0 0 -1
    outer loop
      vertex -5 0 0
      vertex -71.8223 -5.65254 0
      vertex -72.0444 0 0
    endloop
  endfacet
  facet normal 0 0 -1
    outer loop
      vertex -32.2656 52.7251 0
      vertex -46.7891 54.783 0
      vertex -32.3408 52.8258 0
    endloop
  endfacet
  facet normal -0 0 -1
    outer loop
      vertex -32.0928 52.543 0
      vertex -50.9431 50.9431 0
      vertex -32.1828 52.6307 0
    endloop
  endfacet
  facet normal 0 0 -1
    outer loop
      vertex -32.1828 52.6307 0
      vertex -46.7891 54.783 0
      vertex -32.2656 52.7251 0
    endloop
  endfacet
  facet normal 0 -0 -1
    outer loop
      vertex -46.7891 54.783 0
      vertex -32.1828 52.6307 0
      vertex -50.9431 50.9431 0
    endloop
  endfacet
  facet normal 0 0 -1
    outer loop
      vertex 3.53553 3.53553 0
      vertex 50.9431 50.9431 0
      vertex 3.80203 3.24724 0
    endloop
  endfacet
  facet normal -0 0 -1
    outer loop
      vertex 50.9431 50.9431 0
      vertex 3.53553 3.53553 0
      vertex 46.7891 54.783 0
    endloop
  endfacet
  facet normal 0 0 -1
    outer loop
      vertex 3.24724 3.80203 0
      vertex 46.7891 54.783 0
      vertex 3.53553 3.53553 0
    endloop
  endfacet
  facet normal -0 0 -1
    outer loop
      vertex 46.7891 54.783 0
      vertex 3.24724 3.80203 0
      vertex 42.3467 58.2852 0
    endloop
  endfacet
  facet normal 0 0 -1
    outer loop
      vertex 2.93893 4.04508 0
      vertex 42.3467 58.2852 0
      vertex 3.24724 3.80203 0
    endloop
  endfacet
  facet normal -0 0 -1
    outer loop
      vertex 42.3467 58.2852 0
      vertex 2.93893 4.04508 0
      vertex 37.6431 61.428 0
    endloop
  endfacet
  facet normal 0 0 -1
    outer loop
      vertex 2.61249 4.2632 0
      vertex 37.6431 61.428 0
      vertex 2.93893 4.04508 0
    endloop
  endfacet
  facet normal -0 0 -1
    outer loop
      vertex 37.6431 61.428 0
      vertex 2.61249 4.2632 0
      vertex 32.7075 64.1921 0
    endloop
  endfacet
  facet normal 0 0 -1
    outer loop
      vertex 2.26995 4.45503 0
      vertex 32.7075 64.1921 0
      vertex 2.61249 4.2632 0
    endloop
  endfacet
  facet normal -0 0 -1
    outer loop
      vertex 32.7075 64.1921 0
      vertex 2.26995 4.45503 0
      vertex 27.5702 66.5604 0
    endloop
  endfacet
  facet normal 0 0 -1
    outer loop
      vertex 1.91342 4.6194 0
      vertex 27.5702 66.5604 0
      vertex 2.26995 4.45503 0
    endloop
  endfacet
  facet normal -0 0 -1
    outer loop
      vertex 27.5702 66.5604 0
      vertex 1.91342 4.6194 0
      vertex 22.263 68.5183 0
    endloop
  endfacet
  facet normal 0 0 -1
    outer loop
      vertex 1.54508 4.75528 0
      vertex 22.263 68.5183 0
      vertex 1.91342 4.6194 0
    endloop
  endfacet
  facet normal -0 0 -1
    outer loop
      vertex 22.263 68.5183 0
      vertex 1.54508 4.75528 0
      vertex 16.8184 70.0538 0
    endloop
  endfacet
  facet normal 0 0 -1
    outer loop
      vertex 1.16723 4.86185 0
      vertex 16.8184 70.0538 0
      vertex 1.54508 4.75528 0
    endloop
  endfacet
  facet normal -0 0 -1
    outer loop
      vertex 16.8184 70.0538 0
      vertex 1.16723 4.86185 0
      vertex 11.2702 71.1574 0
    endloop
  endfacet
  facet normal 0 0 -1
    outer loop
      vertex 0.782172 4.93844 0
      vertex 11.2702 71.1574 0
      vertex 1.16723 4.86185 0
    endloop
  endfacet
  facet normal -0 0 -1
    outer loop
      vertex 11.2702 71.1574 0
      vertex 0.782172 4.93844 0
      vertex 5.65254 71.8223 0
    endloop
  endfacet
  facet normal 0 0 -1
    outer loop
      vertex 0.392295 4.98459 0
      vertex 5.65254 71.8223 0
      vertex 0.782172 4.93844 0
    endloop
  endfacet
  facet normal 0 0 -1
    outer loop
      vertex 0 5 0
      vertex 5.65254 71.8223 0
      vertex 0.392295 4.98459 0
    endloop
  endfacet
  facet normal 0 0 -1
    outer loop
      vertex 0 5 0
      vertex 0 72.0444 0
      vertex 5.65254 71.8223 0
    endloop
  endfacet
  facet normal 0 0 -1
    outer loop
      vertex -29.4228 53.6902 0
      vertex 0 5 0
      vertex -0.392295 4.98459 0
    endloop
  endfacet
  facet normal 0 0 -1
    outer loop
      vertex -29.4228 53.6902 0
      vertex -0.392295 4.98459 0
      vertex -0.782172 4.93844 0
    endloop
  endfacet
  facet normal 0 0 -1
    outer loop
      vertex -29.4228 53.6902 0
      vertex -0.782172 4.93844 0
      vertex -1.16723 4.86185 0
    endloop
  endfacet
  facet normal 0 0 -1
    outer loop
      vertex -29.4228 53.6902 0
      vertex -1.16723 4.86185 0
      vertex -1.54508 4.75528 0
    endloop
  endfacet
  facet normal 0 0 -1
    outer loop
      vertex -29.4228 53.6902 0
      vertex -1.54508 4.75528 0
      vertex -1.91342 4.6194 0
    endloop
  endfacet
  facet normal 0 0 -1
    outer loop
      vertex -29.4228 53.6902 0
      vertex -1.91342 4.6194 0
      vertex -2.26995 4.45503 0
    endloop
  endfacet
  facet normal 0 0 -1
    outer loop
      vertex -29.4228 53.6902 0
      vertex -2.26995 4.45503 0
      vertex -2.61249 4.2632 0
    endloop
  endfacet
  facet normal 0 0 -1
    outer loop
      vertex -29.4228 53.6902 0
      vertex -2.61249 4.2632 0
      vertex -2.93893 4.04508 0
    endloop
  endfacet
  facet normal 0 0 -1
    outer loop
      vertex -29.4228 53.6902 0
      vertex -2.93893 4.04508 0
      vertex -3.24724 3.80203 0
    endloop
  endfacet
  facet normal 0 0 -1
    outer loop
      vertex -29.4228 53.6902 0
      vertex -3.24724 3.80203 0
      vertex -3.53553 3.53553 0
    endloop
  endfacet
  facet normal 0 0 -1
    outer loop
      vertex -29.4228 53.6902 0
      vertex -3.53553 3.53553 0
      vertex -3.80203 3.24724 0
    endloop
  endfacet
  facet normal 0 0 -1
    outer loop
      vertex -29.4228 53.6902 0
      vertex -3.80203 3.24724 0
      vertex -4.04508 2.93893 0
    endloop
  endfacet
  facet normal 0 0 -1
    outer loop
      vertex -29.4228 53.6902 0
      vertex -4.04508 2.93893 0
      vertex -4.2632 2.61249 0
    endloop
  endfacet
  facet normal 0 0 -1
    outer loop
      vertex -29.4228 53.6902 0
      vertex -4.2632 2.61249 0
      vertex -4.45503 2.26995 0
    endloop
  endfacet
  facet normal 0 0 -1
    outer loop
      vertex -29.4228 53.6902 0
      vertex -4.45503 2.26995 0
      vertex -4.6194 1.91342 0
    endloop
  endfacet
  facet normal 0 0 -1
    outer loop
      vertex -29.4228 53.6902 0
      vertex -4.6194 1.91342 0
      vertex -4.75528 1.54508 0
    endloop
  endfacet
  facet normal 0 0 -1
    outer loop
      vertex -29.4228 53.6902 0
      vertex -4.75528 1.54508 0
      vertex -4.86185 1.16723 0
    endloop
  endfacet
  facet normal 0 0 -1
    outer loop
      vertex -29.4228 53.6902 0
      vertex -4.86185 1.16723 0
      vertex -4.93844 0.782172 0
    endloop
  endfacet
  facet normal 0 0 -1
    outer loop
      vertex -29.4228 53.6902 0
      vertex -4.93844 0.782172 0
      vertex -4.98459 0.392295 0
    endloop
  endfacet
  facet normal 0 0 -1
    outer loop
      vertex 0 5 0
      vertex -29.4228 53.6902 0
      vertex 0 72.0444 0
    endloop
  endfacet
  facet normal 0 0 -1
    outer loop
      vertex -30.3334 -52.2879 0
      vertex -2.61249 -4.2632 0
      vertex -30.2222 -52.3464 0
    endloop
  endfacet
  facet normal -0 0 -1
    outer loop
      vertex -2.26995 -4.45503 0
      vertex -30.2222 -52.3464 0
      vertex -2.61249 -4.2632 0
    endloop
  endfacet
  facet normal 0 0 -1
    outer loop
      vertex -16.8184 -70.0538 0
      vertex -29.431 -53.5648 0
      vertex -11.2702 -71.1574 0
    endloop
  endfacet
  facet normal 0 0 -1
    outer loop
      vertex -5 0 0
      vertex -29.4228 53.6902 0
      vertex -4.98459 0.392295 0
    endloop
  endfacet
  facet normal 0 0 -1
    outer loop
      vertex -29.431 -53.5648 0
      vertex -16.8184 -70.0538 0
      vertex -29.4228 -53.6902 0
    endloop
  endfacet
  facet normal 0 0 -1
    outer loop
      vertex 0 72.0444 0
      vertex -29.4228 53.6902 0
      vertex -5.65254 71.8223 0
    endloop
  endfacet
  facet normal 0 0 -1
    outer loop
      vertex -29.4359 -53.9409 0
      vertex -16.8184 -70.0538 0
      vertex -22.263 -68.5183 0
    endloop
  endfacet
  facet normal 0 0 -1
    outer loop
      vertex -5.65254 71.8223 0
      vertex -29.4228 53.6902 0
      vertex -11.2702 71.1574 0
    endloop
  endfacet
  facet normal 0 0 -1
    outer loop
      vertex -29.6366 -54.5321 0
      vertex -22.263 -68.5183 0
      vertex -27.5702 -66.5604 0
    endloop
  endfacet
  facet normal 0 0 -1
    outer loop
      vertex -11.2702 71.1574 0
      vertex -29.4228 53.6902 0
      vertex -16.8184 70.0538 0
    endloop
  endfacet
  facet normal 0 0 -1
    outer loop
      vertex -29.4244 53.8158 0
      vertex -16.8184 70.0538 0
      vertex -29.4228 53.6902 0
    endloop
  endfacet
  facet normal 0 0 -1
    outer loop
      vertex -16.8184 -70.0538 0
      vertex -29.4244 -53.8158 0
      vertex -29.4228 -53.6902 0
    endloop
  endfacet
  facet normal 0 0 -1
    outer loop
      vertex -16.8184 -70.0538 0
      vertex -29.4359 -53.9409 0
      vertex -29.4244 -53.8158 0
    endloop
  endfacet
  facet normal 0 0 -1
    outer loop
      vertex -22.263 -68.5183 0
      vertex -29.4572 -54.0647 0
      vertex -29.4359 -53.9409 0
    endloop
  endfacet
  facet normal 0 0 -1
    outer loop
      vertex -22.263 -68.5183 0
      vertex -29.4881 -54.1865 0
      vertex -29.4572 -54.0647 0
    endloop
  endfacet
  facet normal 0 0 -1
    outer loop
      vertex -22.263 -68.5183 0
      vertex -29.5285 -54.3054 0
      vertex -29.4881 -54.1865 0
    endloop
  endfacet
  facet normal 0 0 -1
    outer loop
      vertex -22.263 -68.5183 0
      vertex -29.5781 -54.4209 0
      vertex -29.5285 -54.3054 0
    endloop
  endfacet
  facet normal 0 0 -1
    outer loop
      vertex -22.263 -68.5183 0
      vertex -29.6366 -54.5321 0
      vertex -29.5781 -54.4209 0
    endloop
  endfacet
  facet normal 0 0 -1
    outer loop
      vertex -27.5702 -66.5604 0
      vertex -29.7036 -54.6383 0
      vertex -29.6366 -54.5321 0
    endloop
  endfacet
  facet normal 0 0 -1
    outer loop
      vertex -27.5702 -66.5604 0
      vertex -29.7788 -54.739 0
      vertex -29.7036 -54.6383 0
    endloop
  endfacet
  facet normal 0 0 -1
    outer loop
      vertex -27.5702 -66.5604 0
      vertex -29.8616 -54.8334 0
      vertex -29.7788 -54.739 0
    endloop
  endfacet
  facet normal 0 0 -1
    outer loop
      vertex -27.5702 -66.5604 0
      vertex -29.9516 -54.9211 0
      vertex -29.8616 -54.8334 0
    endloop
  endfacet
  facet normal 0 0 -1
    outer loop
      vertex -27.5702 -66.5604 0
      vertex -30.0482 -55.0014 0
      vertex -29.9516 -54.9211 0
    endloop
  endfacet
  facet normal 0 0 -1
    outer loop
      vertex -27.5702 -66.5604 0
      vertex -30.1508 -55.0739 0
      vertex -30.0482 -55.0014 0
    endloop
  endfacet
  facet normal 0 0 -1
    outer loop
      vertex -27.5702 -66.5604 0
      vertex -30.2588 -55.1382 0
      vertex -30.1508 -55.0739 0
    endloop
  endfacet
  facet normal 0 0 -1
    outer loop
      vertex -27.5702 -66.5604 0
      vertex -30.3714 -55.1937 0
      vertex -30.2588 -55.1382 0
    endloop
  endfacet
  facet normal 0 0 -1
    outer loop
      vertex -32.7075 -64.1921 0
      vertex -30.3714 -55.1937 0
      vertex -27.5702 -66.5604 0
    endloop
  endfacet
  facet normal 0 0 -1
    outer loop
      vertex -30.3714 -55.1937 0
      vertex -32.7075 -64.1921 0
      vertex -30.4881 -55.2403 0
    endloop
  endfacet
  facet normal 0 0 -1
    outer loop
      vertex -30.4881 -55.2403 0
      vertex -32.7075 -64.1921 0
      vertex -30.6081 -55.2775 0
    endloop
  endfacet
  facet normal 0 0 -1
    outer loop
      vertex -30.6081 -55.2775 0
      vertex -32.7075 -64.1921 0
      vertex -30.7306 -55.3053 0
    endloop
  endfacet
  facet normal 0 0 -1
    outer loop
      vertex -30.7306 -55.3053 0
      vertex -32.7075 -64.1921 0
      vertex -30.855 -55.3233 0
    endloop
  endfacet
  facet normal 0 0 -1
    outer loop
      vertex -30.855 -55.3233 0
      vertex -32.7075 -64.1921 0
      vertex -30.9803 -55.3315 0
    endloop
  endfacet
  facet normal -0 0 -1
    outer loop
      vertex -30.9803 -55.3315 0
      vertex -32.7075 -64.1921 0
      vertex -31.106 -55.3299 0
    endloop
  endfacet
  facet normal -0 0 -1
    outer loop
      vertex -31.106 -55.3299 0
      vertex -32.7075 -64.1921 0
      vertex -31.2311 -55.3184 0
    endloop
  endfacet
  facet normal -0 0 -1
    outer loop
      vertex -31.2311 -55.3184 0
      vertex -32.7075 -64.1921 0
      vertex -31.3549 -55.2971 0
    endloop
  endfacet
  facet normal -0 0 -1
    outer loop
      vertex -31.3549 -55.2971 0
      vertex -32.7075 -64.1921 0
      vertex -31.4766 -55.2662 0
    endloop
  endfacet
  facet normal -0 0 -1
    outer loop
      vertex -31.4766 -55.2662 0
      vertex -32.7075 -64.1921 0
      vertex -31.5956 -55.2258 0
    endloop
  endfacet
  facet normal 0 0 -1
    outer loop
      vertex -37.6431 -61.428 0
      vertex -31.5956 -55.2258 0
      vertex -32.7075 -64.1921 0
    endloop
  endfacet
  facet normal -0 0 -1
    outer loop
      vertex -31.5956 -55.2258 0
      vertex -37.6431 -61.428 0
      vertex -31.711 -55.1762 0
    endloop
  endfacet
  facet normal -0 0 -1
    outer loop
      vertex -31.711 -55.1762 0
      vertex -37.6431 -61.428 0
      vertex -31.8222 -55.1177 0
    endloop
  endfacet
  facet normal -0 0 -1
    outer loop
      vertex -31.8222 -55.1177 0
      vertex -37.6431 -61.428 0
      vertex -31.9285 -55.0507 0
    endloop
  endfacet
  facet normal -0 0 -1
    outer loop
      vertex -31.9285 -55.0507 0
      vertex -37.6431 -61.428 0
      vertex -32.0291 -54.9755 0
    endloop
  endfacet
  facet normal -0 0 -1
    outer loop
      vertex -32.0291 -54.9755 0
      vertex -37.6431 -61.428 0
      vertex -32.1236 -54.8927 0
    endloop
  endfacet
  facet normal -0 0 -1
    outer loop
      vertex -32.1236 -54.8927 0
      vertex -37.6431 -61.428 0
      vertex -32.2112 -54.8027 0
    endloop
  endfacet
  facet normal -0 0 -1
    outer loop
      vertex -32.2112 -54.8027 0
      vertex -37.6431 -61.428 0
      vertex -32.2916 -54.7061 0
    endloop
  endfacet
  facet normal -0 0 -1
    outer loop
      vertex -32.2916 -54.7061 0
      vertex -37.6431 -61.428 0
      vertex -32.3641 -54.6035 0
    endloop
  endfacet
  facet normal -0 0 -1
    outer loop
      vertex -32.5954 -54.0236 0
      vertex -42.3467 -58.2852 0
      vertex -32.6134 -53.8993 0
    endloop
  endfacet
  facet normal -0 0 -1
    outer loop
      vertex -32.5677 -54.1462 0
      vertex -42.3467 -58.2852 0
      vertex -32.5954 -54.0236 0
    endloop
  endfacet
  facet normal -0 0 -1
    outer loop
      vertex -32.5304 -54.2661 0
      vertex -42.3467 -58.2852 0
      vertex -32.5677 -54.1462 0
    endloop
  endfacet
  facet normal 0 0 -1
    outer loop
      vertex -42.3467 -58.2852 0
      vertex -32.5304 -54.2661 0
      vertex -37.6431 -61.428 0
    endloop
  endfacet
  facet normal -0 0 -1
    outer loop
      vertex -32.4839 -54.3828 0
      vertex -37.6431 -61.428 0
      vertex -32.5304 -54.2661 0
    endloop
  endfacet
  facet normal -0 0 -1
    outer loop
      vertex -32.4283 -54.4955 0
      vertex -37.6431 -61.428 0
      vertex -32.4839 -54.3828 0
    endloop
  endfacet
  facet normal -0 0 -1
    outer loop
      vertex -32.3641 -54.6035 0
      vertex -37.6431 -61.428 0
      vertex -32.4283 -54.4955 0
    endloop
  endfacet
  facet normal 0 0 -1
    outer loop
      vertex 63.5226 -0.612293 0
      vertex 72.0444 0 0
      vertex 71.8223 -5.65254 0
    endloop
  endfacet
  facet normal 0 0 -1
    outer loop
      vertex 62.6567 -1.47821 0
      vertex 71.8223 -5.65254 0
      vertex 71.1574 -11.2702 0
    endloop
  endfacet
  facet normal 0 0 -1
    outer loop
      vertex 72.0444 0 0
      vertex 63.5661 -0.494427 0
      vertex 63.6002 -0.373512 0
    endloop
  endfacet
  facet normal 0 0 -1
    outer loop
      vertex 61.9189 -1.59507 0
      vertex 71.1574 -11.2702 0
      vertex 70.0538 -16.8184 0
    endloop
  endfacet
  facet normal -0 0 -1
    outer loop
      vertex 72.0444 0 0
      vertex 63.6395 -0.125534 0
      vertex 63.6444 0 0
    endloop
  endfacet
  facet normal 0 0 -1
    outer loop
      vertex 61.318 -1.42561 0
      vertex 70.0538 -16.8184 0
      vertex 68.5183 -22.263 0
    endloop
  endfacet
  facet normal 0 0 -1
    outer loop
      vertex 63.6247 0.250295 0
      vertex 72.0444 0 0
      vertex 63.6395 0.125534 0
    endloop
  endfacet
  facet normal 0 0 -1
    outer loop
      vertex 61.104 -1.29443 0
      vertex 68.5183 -22.263 0
      vertex 66.5604 -27.5702 0
    endloop
  endfacet
  facet normal 0 0 -1
    outer loop
      vertex 63.6002 0.373512 0
      vertex 72.0444 0 0
      vertex 63.6247 0.250295 0
    endloop
  endfacet
  facet normal 0 0 -1
    outer loop
      vertex 60.9131 -1.13137 0
      vertex 66.5604 -27.5702 0
      vertex 64.1921 -32.7075 0
    endloop
  endfacet
  facet normal 0 0 -1
    outer loop
      vertex 63.5226 0.612293 0
      vertex 72.0444 0 0
      vertex 63.5661 0.494427 0
    endloop
  endfacet
  facet normal 0 0 -1
    outer loop
      vertex 72.0444 0 0
      vertex 63.5226 0.612293 0
      vertex 71.8223 5.65254 0
    endloop
  endfacet
  facet normal 0 0 -1
    outer loop
      vertex 63.5661 0.494427 0
      vertex 72.0444 0 0
      vertex 63.6002 0.373512 0
    endloop
  endfacet
  facet normal 0 0 -1
    outer loop
      vertex 63.6395 0.125534 0
      vertex 72.0444 0 0
      vertex 63.6444 0 0
    endloop
  endfacet
  facet normal 0 0 -1
    outer loop
      vertex 72.0444 0 0
      vertex 63.6247 -0.250295 0
      vertex 63.6395 -0.125534 0
    endloop
  endfacet
  facet normal 0 0 -1
    outer loop
      vertex 72.0444 0 0
      vertex 63.6002 -0.373512 0
      vertex 63.6247 -0.250295 0
    endloop
  endfacet
  facet normal 0 0 -1
    outer loop
      vertex 72.0444 0 0
      vertex 63.5226 -0.612293 0
      vertex 63.5661 -0.494427 0
    endloop
  endfacet
  facet normal 0 0 -1
    outer loop
      vertex 71.8223 -5.65254 0
      vertex 63.47 -0.726384 0
      vertex 63.5226 -0.612293 0
    endloop
  endfacet
  facet normal 0 0 -1
    outer loop
      vertex 71.8223 -5.65254 0
      vertex 63.4087 -0.835998 0
      vertex 63.47 -0.726384 0
    endloop
  endfacet
  facet normal 0 0 -1
    outer loop
      vertex 71.8223 -5.65254 0
      vertex 63.3389 -0.940456 0
      vertex 63.4087 -0.835998 0
    endloop
  endfacet
  facet normal 0 0 -1
    outer loop
      vertex 71.8223 -5.65254 0
      vertex 63.2611 -1.03912 0
      vertex 63.3389 -0.940456 0
    endloop
  endfacet
  facet normal 0 0 -1
    outer loop
      vertex 71.8223 -5.65254 0
      vertex 63.1758 -1.13137 0
      vertex 63.2611 -1.03912 0
    endloop
  endfacet
  facet normal 0 0 -1
    outer loop
      vertex 71.8223 -5.65254 0
      vertex 63.0835 -1.21665 0
      vertex 63.1758 -1.13137 0
    endloop
  endfacet
  facet normal 0 0 -1
    outer loop
      vertex 71.8223 -5.65254 0
      vertex 62.9849 -1.29443 0
      vertex 63.0835 -1.21665 0
    endloop
  endfacet
  facet normal 0 0 -1
    outer loop
      vertex 71.8223 -5.65254 0
      vertex 62.8804 -1.36422 0
      vertex 62.9849 -1.29443 0
    endloop
  endfacet
  facet normal 0 0 -1
    outer loop
      vertex 71.8223 -5.65254 0
      vertex 62.7708 -1.42561 0
      vertex 62.8804 -1.36422 0
    endloop
  endfacet
  facet normal 0 0 -1
    outer loop
      vertex 71.8223 -5.65254 0
      vertex 62.6567 -1.47821 0
      vertex 62.7708 -1.42561 0
    endloop
  endfacet
  facet normal 0 0 -1
    outer loop
      vertex 71.1574 -11.2702 0
      vertex 62.5389 -1.52169 0
      vertex 62.6567 -1.47821 0
    endloop
  endfacet
  facet normal 0 0 -1
    outer loop
      vertex 71.1574 -11.2702 0
      vertex 62.4179 -1.55579 0
      vertex 62.5389 -1.52169 0
    endloop
  endfacet
  facet normal 0 0 -1
    outer loop
      vertex 71.1574 -11.2702 0
      vertex 62.2947 -1.5803 0
      vertex 62.4179 -1.55579 0
    endloop
  endfacet
  facet normal 0 0 -1
    outer loop
      vertex 71.1574 -11.2702 0
      vertex 62.17 -1.59507 0
      vertex 62.2947 -1.5803 0
    endloop
  endfacet
  facet normal 0 0 -1
    outer loop
      vertex 71.1574 -11.2702 0
      vertex 62.0444 -1.6 0
      vertex 62.17 -1.59507 0
    endloop
  endfacet
  facet normal 0 0 -1
    outer loop
      vertex 71.1574 -11.2702 0
      vertex 61.9189 -1.59507 0
      vertex 62.0444 -1.6 0
    endloop
  endfacet
  facet normal 0 0 -1
    outer loop
      vertex 70.0538 -16.8184 0
      vertex 61.7941 -1.5803 0
      vertex 61.9189 -1.59507 0
    endloop
  endfacet
  facet normal 0 0 -1
    outer loop
      vertex 70.0538 -16.8184 0
      vertex 61.6709 -1.55579 0
      vertex 61.7941 -1.5803 0
    endloop
  endfacet
  facet normal 0 0 -1
    outer loop
      vertex 70.0538 -16.8184 0
      vertex 61.55 -1.52169 0
      vertex 61.6709 -1.55579 0
    endloop
  endfacet
  facet normal 0 0 -1
    outer loop
      vertex 70.0538 -16.8184 0
      vertex 61.4321 -1.47821 0
      vertex 61.55 -1.52169 0
    endloop
  endfacet
  facet normal 0 0 -1
    outer loop
      vertex 60.75 -0.940456 0
      vertex 64.1921 -32.7075 0
      vertex 61.428 -37.6431 0
    endloop
  endfacet
  facet normal 0 0 -1
    outer loop
      vertex 70.0538 -16.8184 0
      vertex 61.318 -1.42561 0
      vertex 61.4321 -1.47821 0
    endloop
  endfacet
  facet normal 0 0 -1
    outer loop
      vertex 68.5183 -22.263 0
      vertex 61.2084 -1.36422 0
      vertex 61.318 -1.42561 0
    endloop
  endfacet
  facet normal 0 0 -1
    outer loop
      vertex 68.5183 -22.263 0
      vertex 61.104 -1.29443 0
      vertex 61.2084 -1.36422 0
    endloop
  endfacet
  facet normal 0 0 -1
    outer loop
      vertex 66.5604 -27.5702 0
      vertex 61.0053 -1.21665 0
      vertex 61.104 -1.29443 0
    endloop
  endfacet
  facet normal 0 0 -1
    outer loop
      vertex 66.5604 -27.5702 0
      vertex 60.9131 -1.13137 0
      vertex 61.0053 -1.21665 0
    endloop
  endfacet
  facet normal 0 0 -1
    outer loop
      vertex 64.1921 -32.7075 0
      vertex 60.8278 -1.03912 0
      vertex 60.9131 -1.13137 0
    endloop
  endfacet
  facet normal 0 0 -1
    outer loop
      vertex 64.1921 -32.7075 0
      vertex 60.75 -0.940456 0
      vertex 60.8278 -1.03912 0
    endloop
  endfacet
  facet normal 0 0 -1
    outer loop
      vertex 4.2632 -2.61249 0
      vertex 60.75 -0.940456 0
      vertex 61.428 -37.6431 0
    endloop
  endfacet
  facet normal -0 0 -1
    outer loop
      vertex 60.75 -0.940456 0
      vertex 4.2632 -2.61249 0
      vertex 60.6802 -0.835998 0
    endloop
  endfacet
  facet normal 0 -0 -1
    outer loop
      vertex 4.45503 -2.26995 0
      vertex 60.6802 -0.835998 0
      vertex 4.2632 -2.61249 0
    endloop
  endfacet
  facet normal -0 0 -1
    outer loop
      vertex 60.6802 -0.835998 0
      vertex 4.45503 -2.26995 0
      vertex 60.6188 -0.726384 0
    endloop
  endfacet
  facet normal 0 -0 -1
    outer loop
      vertex 4.6194 -1.91342 0
      vertex 60.6188 -0.726384 0
      vertex 4.45503 -2.26995 0
    endloop
  endfacet
  facet normal -0 0 -1
    outer loop
      vertex 60.6188 -0.726384 0
      vertex 4.6194 -1.91342 0
      vertex 60.5662 -0.612293 0
    endloop
  endfacet
  facet normal 0 -0 -1
    outer loop
      vertex 4.75528 -1.54508 0
      vertex 60.5662 -0.612293 0
      vertex 4.6194 -1.91342 0
    endloop
  endfacet
  facet normal -0 0 -1
    outer loop
      vertex 60.5662 -0.612293 0
      vertex 4.75528 -1.54508 0
      vertex 60.5227 -0.494427 0
    endloop
  endfacet
  facet normal 0 0 -1
    outer loop
      vertex 4.2632 -2.61249 0
      vertex 61.428 -37.6431 0
      vertex 58.2852 -42.3467 0
    endloop
  endfacet
  facet normal 0 0 -1
    outer loop
      vertex 63.47 0.726384 0
      vertex 71.8223 5.65254 0
      vertex 63.5226 0.612293 0
    endloop
  endfacet
  facet normal 0 0 -1
    outer loop
      vertex 63.4087 0.835998 0
      vertex 71.8223 5.65254 0
      vertex 63.47 0.726384 0
    endloop
  endfacet
  facet normal 0 0 -1
    outer loop
      vertex 63.3389 0.940456 0
      vertex 71.8223 5.65254 0
      vertex 63.4087 0.835998 0
    endloop
  endfacet
  facet normal 0 0 -1
    outer loop
      vertex 63.2611 1.03912 0
      vertex 71.8223 5.65254 0
      vertex 63.3389 0.940456 0
    endloop
  endfacet
  facet normal 0 0 -1
    outer loop
      vertex 63.1758 1.13137 0
      vertex 71.8223 5.65254 0
      vertex 63.2611 1.03912 0
    endloop
  endfacet
  facet normal 0 0 -1
    outer loop
      vertex 63.0835 1.21665 0
      vertex 71.8223 5.65254 0
      vertex 63.1758 1.13137 0
    endloop
  endfacet
  facet normal 0 0 -1
    outer loop
      vertex 62.9849 1.29443 0
      vertex 71.8223 5.65254 0
      vertex 63.0835 1.21665 0
    endloop
  endfacet
  facet normal 0 0 -1
    outer loop
      vertex 62.8804 1.36422 0
      vertex 71.8223 5.65254 0
      vertex 62.9849 1.29443 0
    endloop
  endfacet
  facet normal 0 0 -1
    outer loop
      vertex 62.7708 1.42561 0
      vertex 71.8223 5.65254 0
      vertex 62.8804 1.36422 0
    endloop
  endfacet
  facet normal 0 0 -1
    outer loop
      vertex 62.6567 1.47821 0
      vertex 71.8223 5.65254 0
      vertex 62.7708 1.42561 0
    endloop
  endfacet
  facet normal -0 0 -1
    outer loop
      vertex 71.8223 5.65254 0
      vertex 62.6567 1.47821 0
      vertex 71.1574 11.2702 0
    endloop
  endfacet
  facet normal 0 0 -1
    outer loop
      vertex 62.5389 1.52169 0
      vertex 71.1574 11.2702 0
      vertex 62.6567 1.47821 0
    endloop
  endfacet
  facet normal 0 0 -1
    outer loop
      vertex 62.4179 1.55579 0
      vertex 71.1574 11.2702 0
      vertex 62.5389 1.52169 0
    endloop
  endfacet
  facet normal 0 0 -1
    outer loop
      vertex 62.2947 1.5803 0
      vertex 71.1574 11.2702 0
      vertex 62.4179 1.55579 0
    endloop
  endfacet
  facet normal 0 0 -1
    outer loop
      vertex 62.17 1.59507 0
      vertex 71.1574 11.2702 0
      vertex 62.2947 1.5803 0
    endloop
  endfacet
  facet normal 0 0 -1
    outer loop
      vertex 62.0444 1.6 0
      vertex 71.1574 11.2702 0
      vertex 62.17 1.59507 0
    endloop
  endfacet
  facet normal 0 0 -1
    outer loop
      vertex 61.9189 1.59507 0
      vertex 71.1574 11.2702 0
      vertex 62.0444 1.6 0
    endloop
  endfacet
  facet normal -0 0 -1
    outer loop
      vertex 71.1574 11.2702 0
      vertex 61.9189 1.59507 0
      vertex 70.0538 16.8184 0
    endloop
  endfacet
  facet normal 0 0 -1
    outer loop
      vertex 61.7941 1.5803 0
      vertex 70.0538 16.8184 0
      vertex 61.9189 1.59507 0
    endloop
  endfacet
  facet normal 0 0 -1
    outer loop
      vertex 61.6709 1.55579 0
      vertex 70.0538 16.8184 0
      vertex 61.7941 1.5803 0
    endloop
  endfacet
  facet normal 0 0 -1
    outer loop
      vertex 61.55 1.52169 0
      vertex 70.0538 16.8184 0
      vertex 61.6709 1.55579 0
    endloop
  endfacet
  facet normal 0 0 -1
    outer loop
      vertex 61.4321 1.47821 0
      vertex 70.0538 16.8184 0
      vertex 61.55 1.52169 0
    endloop
  endfacet
  facet normal 0 0 -1
    outer loop
      vertex 61.318 1.42561 0
      vertex 70.0538 16.8184 0
      vertex 61.4321 1.47821 0
    endloop
  endfacet
  facet normal -0 0 -1
    outer loop
      vertex 70.0538 16.8184 0
      vertex 61.318 1.42561 0
      vertex 68.5183 22.263 0
    endloop
  endfacet
  facet normal 0 0 -1
    outer loop
      vertex 61.2084 1.36422 0
      vertex 68.5183 22.263 0
      vertex 61.318 1.42561 0
    endloop
  endfacet
  facet normal 0 0 -1
    outer loop
      vertex 61.104 1.29443 0
      vertex 68.5183 22.263 0
      vertex 61.2084 1.36422 0
    endloop
  endfacet
  facet normal -0 0 -1
    outer loop
      vertex 68.5183 22.263 0
      vertex 61.104 1.29443 0
      vertex 66.5604 27.5702 0
    endloop
  endfacet
  facet normal 0 0 -1
    outer loop
      vertex 61.0053 1.21665 0
      vertex 66.5604 27.5702 0
      vertex 61.104 1.29443 0
    endloop
  endfacet
  facet normal 0 0 -1
    outer loop
      vertex 60.9131 1.13137 0
      vertex 66.5604 27.5702 0
      vertex 61.0053 1.21665 0
    endloop
  endfacet
  facet normal -0 0 -1
    outer loop
      vertex 66.5604 27.5702 0
      vertex 60.9131 1.13137 0
      vertex 64.1921 32.7075 0
    endloop
  endfacet
  facet normal 0 0 -1
    outer loop
      vertex 60.8278 1.03912 0
      vertex 64.1921 32.7075 0
      vertex 60.9131 1.13137 0
    endloop
  endfacet
  facet normal 0 0 -1
    outer loop
      vertex 60.75 0.940456 0
      vertex 64.1921 32.7075 0
      vertex 60.8278 1.03912 0
    endloop
  endfacet
  facet normal -0 0 -1
    outer loop
      vertex 64.1921 32.7075 0
      vertex 60.75 0.940456 0
      vertex 61.428 37.6431 0
    endloop
  endfacet
  facet normal 0 0 -1
    outer loop
      vertex 60.6188 0.726384 0
      vertex 4.45503 2.26995 0
      vertex 60.6802 0.835998 0
    endloop
  endfacet
  facet normal 0 0 -1
    outer loop
      vertex 60.4886 0.373512 0
      vertex 4.86185 1.16723 0
      vertex 60.5227 0.494427 0
    endloop
  endfacet
  facet normal 0 0 -1
    outer loop
      vertex 4.86185 1.16723 0
      vertex 60.4886 0.373512 0
      vertex 4.93844 0.782172 0
    endloop
  endfacet
  facet normal 0 0 -1
    outer loop
      vertex 60.4641 0.250295 0
      vertex 4.93844 0.782172 0
      vertex 60.4886 0.373512 0
    endloop
  endfacet
  facet normal 0 0 -1
    outer loop
      vertex 4.93844 0.782172 0
      vertex 60.4641 0.250295 0
      vertex 4.98459 0.392295 0
    endloop
  endfacet
  facet normal 0 0 -1
    outer loop
      vertex 60.4494 0.125534 0
      vertex 4.98459 0.392295 0
      vertex 60.4641 0.250295 0
    endloop
  endfacet
  facet normal 0 0 -1
    outer loop
      vertex 4.98459 0.392295 0
      vertex 60.4494 0.125534 0
      vertex 5 0 0
    endloop
  endfacet
  facet normal 0 0 -1
    outer loop
      vertex 5 0 0
      vertex 60.4494 0.125534 0
      vertex 60.4444 0 0
    endloop
  endfacet
  facet normal 0 -0 -1
    outer loop
      vertex 4.86185 -1.16723 0
      vertex 60.5227 -0.494427 0
      vertex 4.75528 -1.54508 0
    endloop
  endfacet
  facet normal 0 0 -1
    outer loop
      vertex 4.75528 1.54508 0
      vertex 60.5227 0.494427 0
      vertex 4.86185 1.16723 0
    endloop
  endfacet
  facet normal 0 0 -1
    outer loop
      vertex 4.04508 -2.93893 0
      vertex 58.2852 -42.3467 0
      vertex 54.783 -46.7891 0
    endloop
  endfacet
  facet normal 0 0 -1
    outer loop
      vertex 60.5227 0.494427 0
      vertex 4.75528 1.54508 0
      vertex 60.5662 0.612293 0
    endloop
  endfacet
  facet normal 0 0 -1
    outer loop
      vertex 3.80203 -3.24724 0
      vertex 54.783 -46.7891 0
      vertex 50.9431 -50.9431 0
    endloop
  endfacet
  facet normal 0 0 -1
    outer loop
      vertex 4.6194 1.91342 0
      vertex 60.5662 0.612293 0
      vertex 4.75528 1.54508 0
    endloop
  endfacet
  facet normal 0 0 -1
    outer loop
      vertex 3.53553 -3.53553 0
      vertex 50.9431 -50.9431 0
      vertex 46.7891 -54.783 0
    endloop
  endfacet
  facet normal 0 0 -1
    outer loop
      vertex 60.5662 0.612293 0
      vertex 4.6194 1.91342 0
      vertex 60.6188 0.726384 0
    endloop
  endfacet
  facet normal 0 0 -1
    outer loop
      vertex 3.24724 -3.80203 0
      vertex 46.7891 -54.783 0
      vertex 42.3467 -58.2852 0
    endloop
  endfacet
  facet normal 0 0 -1
    outer loop
      vertex 4.45503 2.26995 0
      vertex 60.6188 0.726384 0
      vertex 4.6194 1.91342 0
    endloop
  endfacet
  facet normal 0 0 -1
    outer loop
      vertex 2.93893 -4.04508 0
      vertex 42.3467 -58.2852 0
      vertex 37.6431 -61.428 0
    endloop
  endfacet
  facet normal 0 0 -1
    outer loop
      vertex 4.2632 2.61249 0
      vertex 60.6802 0.835998 0
      vertex 4.45503 2.26995 0
    endloop
  endfacet
  facet normal 0 0 -1
    outer loop
      vertex 2.61249 -4.2632 0
      vertex 37.6431 -61.428 0
      vertex 32.7075 -64.1921 0
    endloop
  endfacet
  facet normal 0 0 -1
    outer loop
      vertex 60.6802 0.835998 0
      vertex 4.2632 2.61249 0
      vertex 60.75 0.940456 0
    endloop
  endfacet
  facet normal 0 0 -1
    outer loop
      vertex 2.26995 -4.45503 0
      vertex 32.7075 -64.1921 0
      vertex 27.5702 -66.5604 0
    endloop
  endfacet
  facet normal 0 0 -1
    outer loop
      vertex 60.75 0.940456 0
      vertex 4.2632 2.61249 0
      vertex 61.428 37.6431 0
    endloop
  endfacet
  facet normal 0 0 -1
    outer loop
      vertex 1.91342 -4.6194 0
      vertex 27.5702 -66.5604 0
      vertex 22.263 -68.5183 0
    endloop
  endfacet
  facet normal -0 0 -1
    outer loop
      vertex 61.428 37.6431 0
      vertex 4.2632 2.61249 0
      vertex 58.2852 42.3467 0
    endloop
  endfacet
  facet normal 0 0 -1
    outer loop
      vertex 1.54508 -4.75528 0
      vertex 22.263 -68.5183 0
      vertex 16.8184 -70.0538 0
    endloop
  endfacet
  facet normal 0 0 -1
    outer loop
      vertex 4.04508 2.93893 0
      vertex 58.2852 42.3467 0
      vertex 4.2632 2.61249 0
    endloop
  endfacet
  facet normal 0 0 -1
    outer loop
      vertex 1.16723 -4.86185 0
      vertex 16.8184 -70.0538 0
      vertex 11.2702 -71.1574 0
    endloop
  endfacet
  facet normal -0 0 -1
    outer loop
      vertex 58.2852 42.3467 0
      vertex 4.04508 2.93893 0
      vertex 54.783 46.7891 0
    endloop
  endfacet
  facet normal 0 0 -1
    outer loop
      vertex 0.782172 -4.93844 0
      vertex 11.2702 -71.1574 0
      vertex 5.65254 -71.8223 0
    endloop
  endfacet
  facet normal 0 0 -1
    outer loop
      vertex 3.80203 3.24724 0
      vertex 54.783 46.7891 0
      vertex 4.04508 2.93893 0
    endloop
  endfacet
  facet normal -0 0 -1
    outer loop
      vertex 54.783 46.7891 0
      vertex 3.80203 3.24724 0
      vertex 50.9431 50.9431 0
    endloop
  endfacet
  facet normal -0 0 -1
    outer loop
      vertex 60.4444 0 0
      vertex 4.98459 -0.392295 0
      vertex 5 0 0
    endloop
  endfacet
  facet normal -0 0 -1
    outer loop
      vertex 60.4494 -0.125534 0
      vertex 4.98459 -0.392295 0
      vertex 60.4444 0 0
    endloop
  endfacet
  facet normal -0 0 -1
    outer loop
      vertex 60.4641 -0.250295 0
      vertex 4.98459 -0.392295 0
      vertex 60.4494 -0.125534 0
    endloop
  endfacet
  facet normal 0 -0 -1
    outer loop
      vertex 4.98459 -0.392295 0
      vertex 60.4641 -0.250295 0
      vertex 4.93844 -0.782172 0
    endloop
  endfacet
  facet normal -0 0 -1
    outer loop
      vertex 60.4886 -0.373512 0
      vertex 4.93844 -0.782172 0
      vertex 60.4641 -0.250295 0
    endloop
  endfacet
  facet normal 0 -0 -1
    outer loop
      vertex 4.93844 -0.782172 0
      vertex 60.4886 -0.373512 0
      vertex 4.86185 -1.16723 0
    endloop
  endfacet
  facet normal -0 0 -1
    outer loop
      vertex 60.5227 -0.494427 0
      vertex 4.86185 -1.16723 0
      vertex 60.4886 -0.373512 0
    endloop
  endfacet
  facet normal 0 0 -1
    outer loop
      vertex 58.2852 -42.3467 0
      vertex 4.04508 -2.93893 0
      vertex 4.2632 -2.61249 0
    endloop
  endfacet
  facet normal 0 0 -1
    outer loop
      vertex 54.783 -46.7891 0
      vertex 3.80203 -3.24724 0
      vertex 4.04508 -2.93893 0
    endloop
  endfacet
  facet normal 0 0 -1
    outer loop
      vertex 50.9431 -50.9431 0
      vertex 3.53553 -3.53553 0
      vertex 3.80203 -3.24724 0
    endloop
  endfacet
  facet normal 0 0 -1
    outer loop
      vertex 46.7891 -54.783 0
      vertex 3.24724 -3.80203 0
      vertex 3.53553 -3.53553 0
    endloop
  endfacet
  facet normal 0 0 -1
    outer loop
      vertex 42.3467 -58.2852 0
      vertex 2.93893 -4.04508 0
      vertex 3.24724 -3.80203 0
    endloop
  endfacet
  facet normal 0 0 -1
    outer loop
      vertex 37.6431 -61.428 0
      vertex 2.61249 -4.2632 0
      vertex 2.93893 -4.04508 0
    endloop
  endfacet
  facet normal 0 0 -1
    outer loop
      vertex 32.7075 -64.1921 0
      vertex 2.26995 -4.45503 0
      vertex 2.61249 -4.2632 0
    endloop
  endfacet
  facet normal 0 0 -1
    outer loop
      vertex 27.5702 -66.5604 0
      vertex 1.91342 -4.6194 0
      vertex 2.26995 -4.45503 0
    endloop
  endfacet
  facet normal 0 0 -1
    outer loop
      vertex 22.263 -68.5183 0
      vertex 1.54508 -4.75528 0
      vertex 1.91342 -4.6194 0
    endloop
  endfacet
  facet normal 0 0 -1
    outer loop
      vertex 16.8184 -70.0538 0
      vertex 1.16723 -4.86185 0
      vertex 1.54508 -4.75528 0
    endloop
  endfacet
  facet normal 0 0 -1
    outer loop
      vertex 11.2702 -71.1574 0
      vertex 0.782172 -4.93844 0
      vertex 1.16723 -4.86185 0
    endloop
  endfacet
  facet normal 0 0 -1
    outer loop
      vertex 5.65254 -71.8223 0
      vertex 0.392295 -4.98459 0
      vertex 0.782172 -4.93844 0
    endloop
  endfacet
  facet normal 0 0 -1
    outer loop
      vertex 0 -72.0444 0
      vertex 0.392295 -4.98459 0
      vertex 5.65254 -71.8223 0
    endloop
  endfacet
  facet normal 0 0 -1
    outer loop
      vertex 0 -72.0444 0
      vertex 0 -5 0
      vertex 0.392295 -4.98459 0
    endloop
  endfacet
  facet normal 0 0 -1
    outer loop
      vertex -29.4767 -53.3179 0
      vertex -11.2702 -71.1574 0
      vertex -29.449 -53.4405 0
    endloop
  endfacet
  facet normal 0 0 -1
    outer loop
      vertex -29.449 -53.4405 0
      vertex -11.2702 -71.1574 0
      vertex -29.431 -53.5648 0
    endloop
  endfacet
  facet normal 0 0 -1
    outer loop
      vertex -11.2702 -71.1574 0
      vertex -29.4767 -53.3179 0
      vertex -5.65254 -71.8223 0
    endloop
  endfacet
  facet normal 0 0 -1
    outer loop
      vertex -29.514 -53.198 0
      vertex -5.65254 -71.8223 0
      vertex -29.4767 -53.3179 0
    endloop
  endfacet
  facet normal 0 0 -1
    outer loop
      vertex -5.65254 -71.8223 0
      vertex -29.514 -53.198 0
      vertex 0 -72.0444 0
    endloop
  endfacet
  facet normal 0 0 -1
    outer loop
      vertex -29.5605 -53.0813 0
      vertex 0 -72.0444 0
      vertex -29.514 -53.198 0
    endloop
  endfacet
  facet normal 0 0 -1
    outer loop
      vertex 0 -72.0444 0
      vertex -29.5605 -53.0813 0
      vertex 0 -5 0
    endloop
  endfacet
  facet normal 0 0 -1
    outer loop
      vertex -29.6161 -52.9686 0
      vertex 0 -5 0
      vertex -29.5605 -53.0813 0
    endloop
  endfacet
  facet normal -0 0 -1
    outer loop
      vertex 0 -5 0
      vertex -29.6161 -52.9686 0
      vertex -0.392295 -4.98459 0
    endloop
  endfacet
  facet normal 0 0 -1
    outer loop
      vertex -29.6803 -52.8606 0
      vertex -0.392295 -4.98459 0
      vertex -29.6161 -52.9686 0
    endloop
  endfacet
  facet normal -0 0 -1
    outer loop
      vertex -0.392295 -4.98459 0
      vertex -29.6803 -52.8606 0
      vertex -0.782172 -4.93844 0
    endloop
  endfacet
  facet normal 0 0 -1
    outer loop
      vertex -29.7528 -52.758 0
      vertex -0.782172 -4.93844 0
      vertex -29.6803 -52.8606 0
    endloop
  endfacet
  facet normal -0 0 -1
    outer loop
      vertex -0.782172 -4.93844 0
      vertex -29.7528 -52.758 0
      vertex -1.16723 -4.86185 0
    endloop
  endfacet
  facet normal 0 0 -1
    outer loop
      vertex -29.8332 -52.6614 0
      vertex -1.16723 -4.86185 0
      vertex -29.7528 -52.758 0
    endloop
  endfacet
  facet normal -0 0 -1
    outer loop
      vertex -1.16723 -4.86185 0
      vertex -29.8332 -52.6614 0
      vertex -1.54508 -4.75528 0
    endloop
  endfacet
  facet normal 0 0 -1
    outer loop
      vertex -29.9208 -52.5714 0
      vertex -1.54508 -4.75528 0
      vertex -29.8332 -52.6614 0
    endloop
  endfacet
  facet normal -0 0 -1
    outer loop
      vertex -1.54508 -4.75528 0
      vertex -29.9208 -52.5714 0
      vertex -1.91342 -4.6194 0
    endloop
  endfacet
  facet normal 0 0 -1
    outer loop
      vertex -30.0153 -52.4886 0
      vertex -1.91342 -4.6194 0
      vertex -29.9208 -52.5714 0
    endloop
  endfacet
  facet normal 0 0 -1
    outer loop
      vertex -30.116 -52.4134 0
      vertex -1.91342 -4.6194 0
      vertex -30.0153 -52.4886 0
    endloop
  endfacet
  facet normal 0 0 -1
    outer loop
      vertex -30.2222 -52.3464 0
      vertex -2.26995 -4.45503 0
      vertex -30.116 -52.4134 0
    endloop
  endfacet
  facet normal -0 0 -1
    outer loop
      vertex -1.91342 -4.6194 0
      vertex -30.116 -52.4134 0
      vertex -2.26995 -4.45503 0
    endloop
  endfacet
  facet normal -0.0039753 0.000470512 0.999992
    outer loop
      vertex -71.1574 11.2702 3.5
      vertex -71.8223 5.65254 3.5
      vertex -69.33 5.45639 3.51
    endloop
  endfacet
  facet normal 0.00167596 0.00363533 0.999992
    outer loop
      vertex 27.5702 66.5604 3.5
      vertex 26.6135 64.2507 3.51
      vertex 31.5725 61.9645 3.51
    endloop
  endfacet
  facet normal -0.000780952 0.00392617 0.999992
    outer loop
      vertex -11.2702 71.1574 3.5
      vertex -16.2348 67.6229 3.51
      vertex -10.8791 68.6882 3.51
    endloop
  endfacet
  facet normal -0.000470498 0.00397534 0.999992
    outer loop
      vertex -5.45639 69.33 3.51
      vertex -11.2702 71.1574 3.5
      vertex -10.8791 68.6882 3.51
    endloop
  endfacet
  facet normal -0.980785 0.195089 0
    outer loop
      vertex -71.1574 11.2702 0
      vertex -70.0538 16.8184 3.5
      vertex -70.0538 16.8184 0
    endloop
  endfacet
  facet normal -0.980785 0.195089 0
    outer loop
      vertex -70.0538 16.8184 3.5
      vertex -71.1574 11.2702 0
      vertex -71.1574 11.2702 3.5
    endloop
  endfacet
  facet normal 0.00349256 0.00195586 0.999992
    outer loop
      vertex 64.1921 32.7075 3.5
      vertex 59.2964 36.3369 3.51
      vertex 61.9645 31.5725 3.51
    endloop
  endfacet
  facet normal 0.00332847 0.00222398 0.999992
    outer loop
      vertex 61.428 37.6431 3.5
      vertex 58.2852 42.3467 3.5
      vertex 59.2964 36.3369 3.51
    endloop
  endfacet
  facet normal 0.00363533 0.00167596 0.999992
    outer loop
      vertex 66.5604 27.5702 3.5
      vertex 61.9645 31.5725 3.51
      vertex 64.2507 26.6135 3.51
    endloop
  endfacet
  facet normal 0.00293953 0.00271734 0.999992
    outer loop
      vertex 54.783 46.7891 3.5
      vertex 49.1753 49.1753 3.51
      vertex 52.882 45.1655 3.51
    endloop
  endfacet
  facet normal 0.00293948 0.00271722 0.999992
    outer loop
      vertex 50.9431 50.9431 3.5
      vertex 49.1753 49.1753 3.51
      vertex 54.783 46.7891 3.5
    endloop
  endfacet
  facet normal -0.271435 0.962457 0
    outer loop
      vertex -16.8184 70.0538 0
      vertex -22.263 68.5183 3.5
      vertex -16.8184 70.0538 3.5
    endloop
  endfacet
  facet normal -0.271435 0.962457 0
    outer loop
      vertex -22.263 68.5183 3.5
      vertex -16.8184 70.0538 0
      vertex -22.263 68.5183 0
    endloop
  endfacet
  facet normal -0.555565 0.831473 0
    outer loop
      vertex -37.6431 61.428 0
      vertex -42.3467 58.2852 3.5
      vertex -37.6431 61.428 3.5
    endloop
  endfacet
  facet normal -0.555565 0.831473 0
    outer loop
      vertex -42.3467 58.2852 3.5
      vertex -37.6431 61.428 0
      vertex -42.3467 58.2852 0
    endloop
  endfacet
  facet normal -0.00293948 -0.00271722 0.999992
    outer loop
      vertex -49.1753 -49.1753 3.51
      vertex -54.783 -46.7891 3.5
      vertex -50.9431 -50.9431 3.5
    endloop
  endfacet
  facet normal -0.00271722 -0.00293948 0.999992
    outer loop
      vertex -49.1753 -49.1753 3.51
      vertex -50.9431 -50.9431 3.5
      vertex -46.7891 -54.783 3.5
    endloop
  endfacet
  facet normal -0.00247828 -0.00314371 0.999992
    outer loop
      vertex -45.1655 -52.882 3.51
      vertex -46.7891 -54.783 3.5
      vertex -40.8772 -56.2626 3.51
    endloop
  endfacet
  facet normal 0.00392617 0.000780952 0.999992
    outer loop
      vertex 71.1574 11.2702 3.5
      vertex 67.6229 16.2348 3.51
      vertex 68.6882 10.8791 3.51
    endloop
  endfacet
  facet normal 0.00271722 0.00293948 0.999992
    outer loop
      vertex 50.9431 50.9431 3.5
      vertex 46.7891 54.783 3.5
      vertex 49.1753 49.1753 3.51
    endloop
  endfacet
  facet normal 0.00271734 0.00293953 0.999992
    outer loop
      vertex 46.7891 54.783 3.5
      vertex 45.1655 52.882 3.51
      vertex 49.1753 49.1753 3.51
    endloop
  endfacet
  facet normal -0.00222398 -0.00332847 0.999992
    outer loop
      vertex -36.3369 -59.2964 3.51
      vertex -42.3467 -58.2852 3.5
      vertex -37.6431 -61.428 3.5
    endloop
  endfacet
  facet normal -0.00138552 -0.00375567 0.999992
    outer loop
      vertex -21.4904 -66.1407 3.51
      vertex -27.5702 -66.5604 3.5
      vertex -22.263 -68.5183 3.5
    endloop
  endfacet
  facet normal -0.00108658 -0.00385281 0.999992
    outer loop
      vertex -16.2348 -67.6229 3.51
      vertex -21.4904 -66.1407 3.51
      vertex -16.8184 -70.0538 3.5
    endloop
  endfacet
  facet normal -0.000780962 -0.00392618 0.999992
    outer loop
      vertex -16.2348 -67.6229 3.51
      vertex -16.8184 -70.0538 3.5
      vertex -11.2702 -71.1574 3.5
    endloop
  endfacet
  facet normal 0.00222398 -0.00332847 0.999992
    outer loop
      vertex 42.3467 -58.2852 3.5
      vertex 36.3369 -59.2964 3.51
      vertex 37.6431 -61.428 3.5
    endloop
  endfacet
  facet normal 0.00138552 -0.00375564 0.999992
    outer loop
      vertex 26.6135 -64.2507 3.51
      vertex 21.4904 -66.1407 3.51
      vertex 27.5702 -66.5604 3.5
    endloop
  endfacet
  facet normal 0.00293953 -0.00271734 0.999992
    outer loop
      vertex 52.882 -45.1655 3.51
      vertex 49.1753 -49.1753 3.51
      vertex 54.783 -46.7891 3.5
    endloop
  endfacet
  facet normal 0.346112 -0.938193 0
    outer loop
      vertex 22.263 -68.5183 0
      vertex 27.5702 -66.5604 3.5
      vertex 22.263 -68.5183 3.5
    endloop
  endfacet
  facet normal 0.346112 -0.938193 0
    outer loop
      vertex 27.5702 -66.5604 3.5
      vertex 22.263 -68.5183 0
      vertex 27.5702 -66.5604 0
    endloop
  endfacet
  facet normal -0.00392617 0.000780952 0.999992
    outer loop
      vertex -67.6229 16.2348 3.51
      vertex -71.1574 11.2702 3.5
      vertex -68.6882 10.8791 3.51
    endloop
  endfacet
  facet normal 0.00222395 0.0033283 0.999992
    outer loop
      vertex 42.3467 58.2852 3.5
      vertex 36.3369 59.2964 3.51
      vertex 40.8772 56.2626 3.51
    endloop
  endfacet
  facet normal -0.00138552 -0.00375564 0.999992
    outer loop
      vertex -26.6135 -64.2507 3.51
      vertex -27.5702 -66.5604 3.5
      vertex -21.4904 -66.1407 3.51
    endloop
  endfacet
  facet normal -0.00247824 -0.00314355 0.999992
    outer loop
      vertex -40.8772 -56.2626 3.51
      vertex -46.7891 -54.783 3.5
      vertex -42.3467 -58.2852 3.5
    endloop
  endfacet
  facet normal 0.00247824 0.00314355 0.999992
    outer loop
      vertex 42.3467 58.2852 3.5
      vertex 40.8772 56.2626 3.51
      vertex 46.7891 54.783 3.5
    endloop
  endfacet
  facet normal 0.000470498 -0.00397534 0.999992
    outer loop
      vertex 10.8791 -68.6882 3.51
      vertex 5.45639 -69.33 3.51
      vertex 11.2702 -71.1574 3.5
    endloop
  endfacet
  facet normal -0.00222395 0.0033283 0.999992
    outer loop
      vertex -36.3369 59.2964 3.51
      vertex -42.3467 58.2852 3.5
      vertex -40.8772 56.2626 3.51
    endloop
  endfacet
  facet normal -0.00222398 0.00332847 0.999992
    outer loop
      vertex -37.6431 61.428 3.5
      vertex -42.3467 58.2852 3.5
      vertex -36.3369 59.2964 3.51
    endloop
  endfacet
  facet normal 0.00195601 -0.00349267 0.999992
    outer loop
      vertex 36.3369 -59.2964 3.51
      vertex 32.7075 -64.1921 3.5
      vertex 37.6431 -61.428 3.5
    endloop
  endfacet
  facet normal 0.678799 -0.734324 0
    outer loop
      vertex 46.7891 -54.783 0
      vertex 50.9431 -50.9431 3.5
      vertex 46.7891 -54.783 3.5
    endloop
  endfacet
  facet normal 0.678799 -0.734324 0
    outer loop
      vertex 50.9431 -50.9431 3.5
      vertex 46.7891 -54.783 0
      vertex 50.9431 -50.9431 0
    endloop
  endfacet
  facet normal 0.00108658 -0.00385281 0.999992
    outer loop
      vertex 21.4904 -66.1407 3.51
      vertex 16.2348 -67.6229 3.51
      vertex 16.8184 -70.0538 3.5
    endloop
  endfacet
  facet normal 0.00167596 -0.00363533 0.999992
    outer loop
      vertex 31.5725 -61.9645 3.51
      vertex 26.6135 -64.2507 3.51
      vertex 27.5702 -66.5604 3.5
    endloop
  endfacet
  facet normal 0.00314371 -0.00247828 0.999992
    outer loop
      vertex 56.2626 -40.8772 3.51
      vertex 52.882 -45.1655 3.51
      vertex 54.783 -46.7891 3.5
    endloop
  endfacet
  facet normal 0.00222395 -0.0033283 0.999992
    outer loop
      vertex 40.8772 -56.2626 3.51
      vertex 36.3369 -59.2964 3.51
      vertex 42.3467 -58.2852 3.5
    endloop
  endfacet
  facet normal 0.00293948 -0.00271722 0.999992
    outer loop
      vertex 54.783 -46.7891 3.5
      vertex 49.1753 -49.1753 3.51
      vertex 50.9431 -50.9431 3.5
    endloop
  endfacet
  facet normal 0 0 1
    outer loop
      vertex -2.61249 4.2632 3.51
      vertex -30.3334 52.2879 3.51
      vertex -2.93893 4.04508 3.51
    endloop
  endfacet
  facet normal 0 0 1
    outer loop
      vertex -5 0 3.51
      vertex -29.431 -53.5648 3.51
      vertex -29.4228 -53.6902 3.51
    endloop
  endfacet
  facet normal -0 0 1
    outer loop
      vertex -30.4488 52.2383 3.51
      vertex -2.93893 4.04508 3.51
      vertex -30.3334 52.2879 3.51
    endloop
  endfacet
  facet normal 0 0 1
    outer loop
      vertex -5 0 3.51
      vertex -29.449 -53.4405 3.51
      vertex -29.431 -53.5648 3.51
    endloop
  endfacet
  facet normal 0 0 1
    outer loop
      vertex -2.93893 4.04508 3.51
      vertex -30.4488 52.2383 3.51
      vertex -3.24724 3.80203 3.51
    endloop
  endfacet
  facet normal 0 0 1
    outer loop
      vertex -5 0 3.51
      vertex -29.4767 -53.3179 3.51
      vertex -29.449 -53.4405 3.51
    endloop
  endfacet
  facet normal -0 0 1
    outer loop
      vertex -30.5678 52.1979 3.51
      vertex -3.24724 3.80203 3.51
      vertex -30.4488 52.2383 3.51
    endloop
  endfacet
  facet normal 0 0 1
    outer loop
      vertex -5 0 3.51
      vertex -29.514 -53.198 3.51
      vertex -29.4767 -53.3179 3.51
    endloop
  endfacet
  facet normal 0 0 1
    outer loop
      vertex -3.24724 3.80203 3.51
      vertex -30.5678 52.1979 3.51
      vertex -3.53553 3.53553 3.51
    endloop
  endfacet
  facet normal 0 0 1
    outer loop
      vertex -5 0 3.51
      vertex -29.5605 -53.0813 3.51
      vertex -29.514 -53.198 3.51
    endloop
  endfacet
  facet normal -0 0 1
    outer loop
      vertex -30.6896 52.167 3.51
      vertex -3.53553 3.53553 3.51
      vertex -30.5678 52.1979 3.51
    endloop
  endfacet
  facet normal 0 0 1
    outer loop
      vertex -5 0 3.51
      vertex -29.6161 -52.9686 3.51
      vertex -29.5605 -53.0813 3.51
    endloop
  endfacet
  facet normal 0 0 1
    outer loop
      vertex -3.53553 3.53553 3.51
      vertex -30.6896 52.167 3.51
      vertex -3.80203 3.24724 3.51
    endloop
  endfacet
  facet normal 0 0 1
    outer loop
      vertex -5 0 3.51
      vertex -29.6803 -52.8606 3.51
      vertex -29.6161 -52.9686 3.51
    endloop
  endfacet
  facet normal -0 0 1
    outer loop
      vertex -30.8134 52.1457 3.51
      vertex -3.80203 3.24724 3.51
      vertex -30.6896 52.167 3.51
    endloop
  endfacet
  facet normal 0 0 1
    outer loop
      vertex -5 0 3.51
      vertex -29.7528 -52.758 3.51
      vertex -29.6803 -52.8606 3.51
    endloop
  endfacet
  facet normal 0 0 1
    outer loop
      vertex -3.80203 3.24724 3.51
      vertex -30.8134 52.1457 3.51
      vertex -4.04508 2.93893 3.51
    endloop
  endfacet
  facet normal 0 0 1
    outer loop
      vertex -5 0 3.51
      vertex -29.8332 -52.6614 3.51
      vertex -29.7528 -52.758 3.51
    endloop
  endfacet
  facet normal -0 0 1
    outer loop
      vertex -30.9385 52.1342 3.51
      vertex -4.04508 2.93893 3.51
      vertex -30.8134 52.1457 3.51
    endloop
  endfacet
  facet normal 0 0 1
    outer loop
      vertex -5 0 3.51
      vertex -29.9208 -52.5714 3.51
      vertex -29.8332 -52.6614 3.51
    endloop
  endfacet
  facet normal 0 0 1
    outer loop
      vertex -4.04508 2.93893 3.51
      vertex -30.9385 52.1342 3.51
      vertex -4.2632 2.61249 3.51
    endloop
  endfacet
  facet normal 0 0 1
    outer loop
      vertex -5 0 3.51
      vertex -30.0153 -52.4886 3.51
      vertex -29.9208 -52.5714 3.51
    endloop
  endfacet
  facet normal -0 0 1
    outer loop
      vertex -31.0641 52.1326 3.51
      vertex -4.2632 2.61249 3.51
      vertex -30.9385 52.1342 3.51
    endloop
  endfacet
  facet normal 0 0 1
    outer loop
      vertex -5 0 3.51
      vertex -30.116 -52.4134 3.51
      vertex -30.0153 -52.4886 3.51
    endloop
  endfacet
  facet normal -0 0 1
    outer loop
      vertex -59.2964 36.3369 3.51
      vertex -4.2632 2.61249 3.51
      vertex -31.0641 52.1326 3.51
    endloop
  endfacet
  facet normal 0 0 1
    outer loop
      vertex -5 0 3.51
      vertex -30.2222 -52.3464 3.51
      vertex -30.116 -52.4134 3.51
    endloop
  endfacet
  facet normal 0 0 1
    outer loop
      vertex -4.2632 2.61249 3.51
      vertex -59.2964 36.3369 3.51
      vertex -4.45503 2.26995 3.51
    endloop
  endfacet
  facet normal 0 0 1
    outer loop
      vertex -5 0 3.51
      vertex -30.3334 -52.2879 3.51
      vertex -30.2222 -52.3464 3.51
    endloop
  endfacet
  facet normal -0 0 1
    outer loop
      vertex -61.9645 31.5725 3.51
      vertex -4.45503 2.26995 3.51
      vertex -59.2964 36.3369 3.51
    endloop
  endfacet
  facet normal 0 0 1
    outer loop
      vertex -5 0 3.51
      vertex -30.4488 -52.2383 3.51
      vertex -30.3334 -52.2879 3.51
    endloop
  endfacet
  facet normal 0 0 1
    outer loop
      vertex -4.45503 2.26995 3.51
      vertex -61.9645 31.5725 3.51
      vertex -4.6194 1.91342 3.51
    endloop
  endfacet
  facet normal 0 0 1
    outer loop
      vertex -5 0 3.51
      vertex -30.5678 -52.1979 3.51
      vertex -30.4488 -52.2383 3.51
    endloop
  endfacet
  facet normal -0 0 1
    outer loop
      vertex -64.2507 26.6135 3.51
      vertex -4.6194 1.91342 3.51
      vertex -61.9645 31.5725 3.51
    endloop
  endfacet
  facet normal 0 -0 1
    outer loop
      vertex -69.33 -5.45639 3.51
      vertex -5 0 3.51
      vertex -69.5444 0 3.51
    endloop
  endfacet
  facet normal 0 0 1
    outer loop
      vertex -4.6194 1.91342 3.51
      vertex -64.2507 26.6135 3.51
      vertex -4.75528 1.54508 3.51
    endloop
  endfacet
  facet normal 0 -0 1
    outer loop
      vertex -68.6882 -10.8791 3.51
      vertex -5 0 3.51
      vertex -69.33 -5.45639 3.51
    endloop
  endfacet
  facet normal -0 0 1
    outer loop
      vertex -66.1407 21.4904 3.51
      vertex -4.75528 1.54508 3.51
      vertex -64.2507 26.6135 3.51
    endloop
  endfacet
  facet normal 0 0 1
    outer loop
      vertex -5 0 3.51
      vertex -30.6896 -52.167 3.51
      vertex -30.5678 -52.1979 3.51
    endloop
  endfacet
  facet normal 0 0 1
    outer loop
      vertex -4.75528 1.54508 3.51
      vertex -66.1407 21.4904 3.51
      vertex -4.86185 1.16723 3.51
    endloop
  endfacet
  facet normal 0 -0 1
    outer loop
      vertex -67.6229 -16.2348 3.51
      vertex -5 0 3.51
      vertex -68.6882 -10.8791 3.51
    endloop
  endfacet
  facet normal 0 0 1
    outer loop
      vertex -56.2626 40.8772 3.51
      vertex -31.0641 52.1326 3.51
      vertex -31.1895 52.1408 3.51
    endloop
  endfacet
  facet normal 0 -0 1
    outer loop
      vertex -66.1407 -21.4904 3.51
      vertex -5 0 3.51
      vertex -67.6229 -16.2348 3.51
    endloop
  endfacet
  facet normal 0 0 1
    outer loop
      vertex -56.2626 40.8772 3.51
      vertex -31.1895 52.1408 3.51
      vertex -31.3138 52.1588 3.51
    endloop
  endfacet
  facet normal 0 -0 1
    outer loop
      vertex -64.2507 -26.6135 3.51
      vertex -5 0 3.51
      vertex -66.1407 -21.4904 3.51
    endloop
  endfacet
  facet normal 0 0 1
    outer loop
      vertex -52.882 45.1655 3.51
      vertex -31.3138 52.1588 3.51
      vertex -31.4363 52.1866 3.51
    endloop
  endfacet
  facet normal 0 0 1
    outer loop
      vertex -5 0 3.51
      vertex -30.8134 -52.1457 3.51
      vertex -30.6896 -52.167 3.51
    endloop
  endfacet
  facet normal 0 0 1
    outer loop
      vertex -52.882 45.1655 3.51
      vertex -31.4363 52.1866 3.51
      vertex -31.5563 52.2238 3.51
    endloop
  endfacet
  facet normal 0 -0 1
    outer loop
      vertex -61.9645 -31.5725 3.51
      vertex -5 0 3.51
      vertex -64.2507 -26.6135 3.51
    endloop
  endfacet
  facet normal 0 0 1
    outer loop
      vertex -49.1753 49.1753 3.51
      vertex -31.5563 52.2238 3.51
      vertex -31.673 52.2704 3.51
    endloop
  endfacet
  facet normal 0 0 1
    outer loop
      vertex -5 0 3.51
      vertex -30.9385 -52.1342 3.51
      vertex -30.8134 -52.1457 3.51
    endloop
  endfacet
  facet normal 0 0 1
    outer loop
      vertex -49.1753 49.1753 3.51
      vertex -31.673 52.2704 3.51
      vertex -31.7857 52.3259 3.51
    endloop
  endfacet
  facet normal 0 -0 1
    outer loop
      vertex -59.2964 -36.3369 3.51
      vertex -5 0 3.51
      vertex -61.9645 -31.5725 3.51
    endloop
  endfacet
  facet normal 0 0 1
    outer loop
      vertex -49.1753 49.1753 3.51
      vertex -31.7857 52.3259 3.51
      vertex -31.8936 52.3902 3.51
    endloop
  endfacet
  facet normal 0 -0 1
    outer loop
      vertex -31.0641 -52.1326 3.51
      vertex -5 0 3.51
      vertex -59.2964 -36.3369 3.51
    endloop
  endfacet
  facet normal 0 0 1
    outer loop
      vertex -45.1655 52.882 3.51
      vertex -31.8936 52.3902 3.51
      vertex -31.9962 52.4627 3.51
    endloop
  endfacet
  facet normal 0 0 1
    outer loop
      vertex -5 0 3.51
      vertex -31.0641 -52.1326 3.51
      vertex -30.9385 -52.1342 3.51
    endloop
  endfacet
  facet normal 0 0 1
    outer loop
      vertex -45.1655 52.882 3.51
      vertex -31.9962 52.4627 3.51
      vertex -32.0928 52.543 3.51
    endloop
  endfacet
  facet normal -0 -0 1
    outer loop
      vertex -56.2626 -40.8772 3.51
      vertex -31.0641 -52.1326 3.51
      vertex -59.2964 -36.3369 3.51
    endloop
  endfacet
  facet normal 0 0 1
    outer loop
      vertex -45.1655 52.882 3.51
      vertex -32.0928 52.543 3.51
      vertex -32.1828 52.6307 3.51
    endloop
  endfacet
  facet normal 0 0 1
    outer loop
      vertex -31.0641 -52.1326 3.51
      vertex -56.2626 -40.8772 3.51
      vertex -31.1895 -52.1408 3.51
    endloop
  endfacet
  facet normal 0 0 1
    outer loop
      vertex -45.1655 52.882 3.51
      vertex -32.1828 52.6307 3.51
      vertex -32.2656 52.7251 3.51
    endloop
  endfacet
  facet normal 0 0 1
    outer loop
      vertex -31.1895 -52.1408 3.51
      vertex -56.2626 -40.8772 3.51
      vertex -31.3138 -52.1588 3.51
    endloop
  endfacet
  facet normal 0 0 1
    outer loop
      vertex -45.1655 52.882 3.51
      vertex -32.2656 52.7251 3.51
      vertex -32.3408 52.8258 3.51
    endloop
  endfacet
  facet normal -0 -0 1
    outer loop
      vertex -52.882 -45.1655 3.51
      vertex -31.3138 -52.1588 3.51
      vertex -56.2626 -40.8772 3.51
    endloop
  endfacet
  facet normal -0 0 1
    outer loop
      vertex -45.1655 52.882 3.51
      vertex -32.3408 52.8258 3.51
      vertex -32.4079 52.9321 3.51
    endloop
  endfacet
  facet normal 0 0 1
    outer loop
      vertex -5 0 3.51
      vertex -69.33 5.45639 3.51
      vertex -69.5444 0 3.51
    endloop
  endfacet
  facet normal 0 0 1
    outer loop
      vertex -40.8772 56.2626 3.51
      vertex -32.4079 52.9321 3.51
      vertex -32.4664 53.0432 3.51
    endloop
  endfacet
  facet normal 0 0 1
    outer loop
      vertex -31.3138 -52.1588 3.51
      vertex -52.882 -45.1655 3.51
      vertex -31.4363 -52.1866 3.51
    endloop
  endfacet
  facet normal 0 0 1
    outer loop
      vertex -40.8772 56.2626 3.51
      vertex -32.4664 53.0432 3.51
      vertex -32.5159 53.1587 3.51
    endloop
  endfacet
  facet normal 0 0 1
    outer loop
      vertex -31.4363 -52.1866 3.51
      vertex -52.882 -45.1655 3.51
      vertex -31.5563 -52.2238 3.51
    endloop
  endfacet
  facet normal 0 0 1
    outer loop
      vertex -40.8772 56.2626 3.51
      vertex -32.5159 53.1587 3.51
      vertex -32.5563 53.2776 3.51
    endloop
  endfacet
  facet normal -0 -0 1
    outer loop
      vertex -49.1753 -49.1753 3.51
      vertex -31.5563 -52.2238 3.51
      vertex -52.882 -45.1655 3.51
    endloop
  endfacet
  facet normal 0 0 1
    outer loop
      vertex -40.8772 56.2626 3.51
      vertex -32.5563 53.2776 3.51
      vertex -32.5872 53.3994 3.51
    endloop
  endfacet
  facet normal 0 0 1
    outer loop
      vertex -31.5563 -52.2238 3.51
      vertex -49.1753 -49.1753 3.51
      vertex -31.673 -52.2704 3.51
    endloop
  endfacet
  facet normal 0 0 1
    outer loop
      vertex -40.8772 56.2626 3.51
      vertex -32.5872 53.3994 3.51
      vertex -32.6085 53.5232 3.51
    endloop
  endfacet
  facet normal 0 0 1
    outer loop
      vertex -31.673 -52.2704 3.51
      vertex -49.1753 -49.1753 3.51
      vertex -31.7857 -52.3259 3.51
    endloop
  endfacet
  facet normal 0 0 1
    outer loop
      vertex -40.8772 56.2626 3.51
      vertex -32.6085 53.5232 3.51
      vertex -32.62 53.6483 3.51
    endloop
  endfacet
  facet normal 0 0 1
    outer loop
      vertex -31.7857 -52.3259 3.51
      vertex -49.1753 -49.1753 3.51
      vertex -31.8936 -52.3902 3.51
    endloop
  endfacet
  facet normal 0 0 1
    outer loop
      vertex -40.8772 56.2626 3.51
      vertex -32.62 53.6483 3.51
      vertex -32.6217 53.7739 3.51
    endloop
  endfacet
  facet normal 0 -0 1
    outer loop
      vertex -45.1655 -52.882 3.51
      vertex -31.8936 -52.3902 3.51
      vertex -49.1753 -49.1753 3.51
    endloop
  endfacet
  facet normal -0 0 1
    outer loop
      vertex -29.4244 -53.8158 3.51
      vertex -21.4904 -66.1407 3.51
      vertex -29.4228 -53.6902 3.51
    endloop
  endfacet
  facet normal -0 0 1
    outer loop
      vertex -29.4359 -53.9409 3.51
      vertex -21.4904 -66.1407 3.51
      vertex -29.4244 -53.8158 3.51
    endloop
  endfacet
  facet normal -0 0 1
    outer loop
      vertex -29.4572 -54.0647 3.51
      vertex -21.4904 -66.1407 3.51
      vertex -29.4359 -53.9409 3.51
    endloop
  endfacet
  facet normal -0 0 1
    outer loop
      vertex -29.4881 -54.1865 3.51
      vertex -21.4904 -66.1407 3.51
      vertex -29.4572 -54.0647 3.51
    endloop
  endfacet
  facet normal -0 0 1
    outer loop
      vertex -29.5285 -54.3054 3.51
      vertex -21.4904 -66.1407 3.51
      vertex -29.4881 -54.1865 3.51
    endloop
  endfacet
  facet normal 0 0 1
    outer loop
      vertex -21.4904 -66.1407 3.51
      vertex -29.5285 -54.3054 3.51
      vertex -26.6135 -64.2507 3.51
    endloop
  endfacet
  facet normal -0 0 1
    outer loop
      vertex -29.5781 -54.4209 3.51
      vertex -26.6135 -64.2507 3.51
      vertex -29.5285 -54.3054 3.51
    endloop
  endfacet
  facet normal -0 0 1
    outer loop
      vertex -29.6366 -54.5321 3.51
      vertex -26.6135 -64.2507 3.51
      vertex -29.5781 -54.4209 3.51
    endloop
  endfacet
  facet normal -0 0 1
    outer loop
      vertex -29.7036 -54.6383 3.51
      vertex -26.6135 -64.2507 3.51
      vertex -29.6366 -54.5321 3.51
    endloop
  endfacet
  facet normal -0 0 1
    outer loop
      vertex -29.7788 -54.739 3.51
      vertex -26.6135 -64.2507 3.51
      vertex -29.7036 -54.6383 3.51
    endloop
  endfacet
  facet normal -0 0 1
    outer loop
      vertex -29.8616 -54.8334 3.51
      vertex -26.6135 -64.2507 3.51
      vertex -29.7788 -54.739 3.51
    endloop
  endfacet
  facet normal -0 0 1
    outer loop
      vertex -29.9516 -54.9211 3.51
      vertex -26.6135 -64.2507 3.51
      vertex -29.8616 -54.8334 3.51
    endloop
  endfacet
  facet normal -0 0 1
    outer loop
      vertex -30.0482 -55.0014 3.51
      vertex -26.6135 -64.2507 3.51
      vertex -29.9516 -54.9211 3.51
    endloop
  endfacet
  facet normal -0 0 1
    outer loop
      vertex -30.1508 -55.0739 3.51
      vertex -26.6135 -64.2507 3.51
      vertex -30.0482 -55.0014 3.51
    endloop
  endfacet
  facet normal 0 0 1
    outer loop
      vertex -31.5725 -61.9645 3.51
      vertex -30.1508 -55.0739 3.51
      vertex -30.2588 -55.1382 3.51
    endloop
  endfacet
  facet normal 0 0 1
    outer loop
      vertex -31.5725 -61.9645 3.51
      vertex -30.2588 -55.1382 3.51
      vertex -30.3714 -55.1937 3.51
    endloop
  endfacet
  facet normal 0 0 1
    outer loop
      vertex -31.5725 -61.9645 3.51
      vertex -30.3714 -55.1937 3.51
      vertex -30.4881 -55.2403 3.51
    endloop
  endfacet
  facet normal 0 0 1
    outer loop
      vertex -31.5725 -61.9645 3.51
      vertex -30.4881 -55.2403 3.51
      vertex -30.6081 -55.2775 3.51
    endloop
  endfacet
  facet normal 0 0 1
    outer loop
      vertex -31.5725 -61.9645 3.51
      vertex -30.6081 -55.2775 3.51
      vertex -30.7306 -55.3053 3.51
    endloop
  endfacet
  facet normal 0 0 1
    outer loop
      vertex -31.5725 -61.9645 3.51
      vertex -30.7306 -55.3053 3.51
      vertex -30.855 -55.3233 3.51
    endloop
  endfacet
  facet normal 0 0 1
    outer loop
      vertex -31.5725 -61.9645 3.51
      vertex -30.855 -55.3233 3.51
      vertex -30.9803 -55.3315 3.51
    endloop
  endfacet
  facet normal 0 0 1
    outer loop
      vertex -31.5725 -61.9645 3.51
      vertex -30.9803 -55.3315 3.51
      vertex -31.106 -55.3299 3.51
    endloop
  endfacet
  facet normal 0 0 1
    outer loop
      vertex -31.5725 -61.9645 3.51
      vertex -31.106 -55.3299 3.51
      vertex -31.2311 -55.3184 3.51
    endloop
  endfacet
  facet normal 0 0 1
    outer loop
      vertex -31.5725 -61.9645 3.51
      vertex -31.2311 -55.3184 3.51
      vertex -31.3549 -55.2971 3.51
    endloop
  endfacet
  facet normal 0 0 1
    outer loop
      vertex -31.5725 -61.9645 3.51
      vertex -31.3549 -55.2971 3.51
      vertex -31.4766 -55.2662 3.51
    endloop
  endfacet
  facet normal 0 0 1
    outer loop
      vertex -30.1508 -55.0739 3.51
      vertex -31.5725 -61.9645 3.51
      vertex -26.6135 -64.2507 3.51
    endloop
  endfacet
  facet normal 0 0 1
    outer loop
      vertex -31.5956 -55.2258 3.51
      vertex -31.5725 -61.9645 3.51
      vertex -31.4766 -55.2662 3.51
    endloop
  endfacet
  facet normal 0 0 1
    outer loop
      vertex -36.3369 -59.2964 3.51
      vertex -31.5956 -55.2258 3.51
      vertex -31.711 -55.1762 3.51
    endloop
  endfacet
  facet normal 0 0 1
    outer loop
      vertex -36.3369 -59.2964 3.51
      vertex -31.711 -55.1762 3.51
      vertex -31.8222 -55.1177 3.51
    endloop
  endfacet
  facet normal 0 0 1
    outer loop
      vertex -36.3369 -59.2964 3.51
      vertex -31.8222 -55.1177 3.51
      vertex -31.9285 -55.0507 3.51
    endloop
  endfacet
  facet normal 0 0 1
    outer loop
      vertex -36.3369 -59.2964 3.51
      vertex -31.9285 -55.0507 3.51
      vertex -32.0291 -54.9755 3.51
    endloop
  endfacet
  facet normal 0 0 1
    outer loop
      vertex -36.3369 -59.2964 3.51
      vertex -32.0291 -54.9755 3.51
      vertex -32.1236 -54.8927 3.51
    endloop
  endfacet
  facet normal 0 0 1
    outer loop
      vertex -36.3369 -59.2964 3.51
      vertex -32.1236 -54.8927 3.51
      vertex -32.2112 -54.8027 3.51
    endloop
  endfacet
  facet normal 0 0 1
    outer loop
      vertex -36.3369 -59.2964 3.51
      vertex -32.2112 -54.8027 3.51
      vertex -32.2916 -54.7061 3.51
    endloop
  endfacet
  facet normal 0 0 1
    outer loop
      vertex -36.3369 -59.2964 3.51
      vertex -32.2916 -54.7061 3.51
      vertex -32.3641 -54.6035 3.51
    endloop
  endfacet
  facet normal 0 0 1
    outer loop
      vertex -36.3369 -59.2964 3.51
      vertex -32.3641 -54.6035 3.51
      vertex -32.4283 -54.4955 3.51
    endloop
  endfacet
  facet normal 0 0 1
    outer loop
      vertex -36.3369 -59.2964 3.51
      vertex -32.4283 -54.4955 3.51
      vertex -32.4839 -54.3828 3.51
    endloop
  endfacet
  facet normal 0 0 1
    outer loop
      vertex -36.3369 -59.2964 3.51
      vertex -32.4839 -54.3828 3.51
      vertex -32.5304 -54.2661 3.51
    endloop
  endfacet
  facet normal 0 0 1
    outer loop
      vertex -36.3369 -59.2964 3.51
      vertex -32.5304 -54.2661 3.51
      vertex -32.5677 -54.1462 3.51
    endloop
  endfacet
  facet normal 0 0 1
    outer loop
      vertex -36.3369 -59.2964 3.51
      vertex -32.5677 -54.1462 3.51
      vertex -32.5954 -54.0236 3.51
    endloop
  endfacet
  facet normal 0 0 1
    outer loop
      vertex -40.8772 -56.2626 3.51
      vertex -32.5954 -54.0236 3.51
      vertex -32.6134 -53.8993 3.51
    endloop
  endfacet
  facet normal 0 0 1
    outer loop
      vertex -31.5956 -55.2258 3.51
      vertex -36.3369 -59.2964 3.51
      vertex -31.5725 -61.9645 3.51
    endloop
  endfacet
  facet normal 0 0 1
    outer loop
      vertex -40.8772 -56.2626 3.51
      vertex -32.6134 -53.8993 3.51
      vertex -32.6217 -53.7739 3.51
    endloop
  endfacet
  facet normal 0 0 1
    outer loop
      vertex -32.4079 52.9321 3.51
      vertex -40.8772 56.2626 3.51
      vertex -45.1655 52.882 3.51
    endloop
  endfacet
  facet normal 0 0 1
    outer loop
      vertex -31.8936 52.3902 3.51
      vertex -45.1655 52.882 3.51
      vertex -49.1753 49.1753 3.51
    endloop
  endfacet
  facet normal 0 0 1
    outer loop
      vertex -32.5954 -54.0236 3.51
      vertex -40.8772 -56.2626 3.51
      vertex -36.3369 -59.2964 3.51
    endloop
  endfacet
  facet normal 0 0 1
    outer loop
      vertex -31.5563 52.2238 3.51
      vertex -49.1753 49.1753 3.51
      vertex -52.882 45.1655 3.51
    endloop
  endfacet
  facet normal 0 0 1
    outer loop
      vertex -32.62 -53.6483 3.51
      vertex -40.8772 -56.2626 3.51
      vertex -32.6217 -53.7739 3.51
    endloop
  endfacet
  facet normal 0 0 1
    outer loop
      vertex -31.3138 52.1588 3.51
      vertex -52.882 45.1655 3.51
      vertex -56.2626 40.8772 3.51
    endloop
  endfacet
  facet normal 0 0 1
    outer loop
      vertex -32.6085 -53.5232 3.51
      vertex -40.8772 -56.2626 3.51
      vertex -32.62 -53.6483 3.51
    endloop
  endfacet
  facet normal 0 0 1
    outer loop
      vertex -31.0641 52.1326 3.51
      vertex -56.2626 40.8772 3.51
      vertex -59.2964 36.3369 3.51
    endloop
  endfacet
  facet normal 0 0 1
    outer loop
      vertex -32.5872 -53.3994 3.51
      vertex -40.8772 -56.2626 3.51
      vertex -32.6085 -53.5232 3.51
    endloop
  endfacet
  facet normal -0 0 1
    outer loop
      vertex -67.6229 16.2348 3.51
      vertex -4.86185 1.16723 3.51
      vertex -66.1407 21.4904 3.51
    endloop
  endfacet
  facet normal 0 0 1
    outer loop
      vertex -32.5563 -53.2776 3.51
      vertex -40.8772 -56.2626 3.51
      vertex -32.5872 -53.3994 3.51
    endloop
  endfacet
  facet normal 0 0 1
    outer loop
      vertex -4.86185 1.16723 3.51
      vertex -67.6229 16.2348 3.51
      vertex -4.93844 0.782172 3.51
    endloop
  endfacet
  facet normal 0 0 1
    outer loop
      vertex -32.5159 -53.1587 3.51
      vertex -40.8772 -56.2626 3.51
      vertex -32.5563 -53.2776 3.51
    endloop
  endfacet
  facet normal -0 0 1
    outer loop
      vertex -68.6882 10.8791 3.51
      vertex -4.93844 0.782172 3.51
      vertex -67.6229 16.2348 3.51
    endloop
  endfacet
  facet normal 0 0 1
    outer loop
      vertex -32.4664 -53.0432 3.51
      vertex -40.8772 -56.2626 3.51
      vertex -32.5159 -53.1587 3.51
    endloop
  endfacet
  facet normal 0 0 1
    outer loop
      vertex -4.93844 0.782172 3.51
      vertex -68.6882 10.8791 3.51
      vertex -4.98459 0.392295 3.51
    endloop
  endfacet
  facet normal 0 0 1
    outer loop
      vertex -32.4079 -52.9321 3.51
      vertex -40.8772 -56.2626 3.51
      vertex -32.4664 -53.0432 3.51
    endloop
  endfacet
  facet normal -0 0 1
    outer loop
      vertex -69.33 5.45639 3.51
      vertex -4.98459 0.392295 3.51
      vertex -68.6882 10.8791 3.51
    endloop
  endfacet
  facet normal 0 -0 1
    outer loop
      vertex -40.8772 -56.2626 3.51
      vertex -32.4079 -52.9321 3.51
      vertex -45.1655 -52.882 3.51
    endloop
  endfacet
  facet normal 0 0 1
    outer loop
      vertex -4.98459 0.392295 3.51
      vertex -69.33 5.45639 3.51
      vertex -5 0 3.51
    endloop
  endfacet
  facet normal 0 0 1
    outer loop
      vertex -32.3408 -52.8258 3.51
      vertex -45.1655 -52.882 3.51
      vertex -32.4079 -52.9321 3.51
    endloop
  endfacet
  facet normal 0 0 1
    outer loop
      vertex -31.8936 -52.3902 3.51
      vertex -45.1655 -52.882 3.51
      vertex -31.9962 -52.4627 3.51
    endloop
  endfacet
  facet normal 0 0 1
    outer loop
      vertex -32.2656 -52.7251 3.51
      vertex -45.1655 -52.882 3.51
      vertex -32.3408 -52.8258 3.51
    endloop
  endfacet
  facet normal 0 0 1
    outer loop
      vertex -31.9962 -52.4627 3.51
      vertex -45.1655 -52.882 3.51
      vertex -32.0928 -52.543 3.51
    endloop
  endfacet
  facet normal 0 0 1
    outer loop
      vertex -32.1828 -52.6307 3.51
      vertex -45.1655 -52.882 3.51
      vertex -32.2656 -52.7251 3.51
    endloop
  endfacet
  facet normal 0 0 1
    outer loop
      vertex -32.0928 -52.543 3.51
      vertex -45.1655 -52.882 3.51
      vertex -32.1828 -52.6307 3.51
    endloop
  endfacet
  facet normal -0 0 1
    outer loop
      vertex 3.53553 -3.53553 3.51
      vertex 49.1753 -49.1753 3.51
      vertex 3.80203 -3.24724 3.51
    endloop
  endfacet
  facet normal 0 0 1
    outer loop
      vertex 49.1753 -49.1753 3.51
      vertex 3.53553 -3.53553 3.51
      vertex 45.1655 -52.882 3.51
    endloop
  endfacet
  facet normal -0 0 1
    outer loop
      vertex 3.24724 -3.80203 3.51
      vertex 45.1655 -52.882 3.51
      vertex 3.53553 -3.53553 3.51
    endloop
  endfacet
  facet normal 0 0 1
    outer loop
      vertex 45.1655 -52.882 3.51
      vertex 3.24724 -3.80203 3.51
      vertex 40.8772 -56.2626 3.51
    endloop
  endfacet
  facet normal -0 0 1
    outer loop
      vertex 2.93893 -4.04508 3.51
      vertex 40.8772 -56.2626 3.51
      vertex 3.24724 -3.80203 3.51
    endloop
  endfacet
  facet normal 0 0 1
    outer loop
      vertex 40.8772 -56.2626 3.51
      vertex 2.93893 -4.04508 3.51
      vertex 36.3369 -59.2964 3.51
    endloop
  endfacet
  facet normal -0 0 1
    outer loop
      vertex 2.61249 -4.2632 3.51
      vertex 36.3369 -59.2964 3.51
      vertex 2.93893 -4.04508 3.51
    endloop
  endfacet
  facet normal 0 0 1
    outer loop
      vertex 36.3369 -59.2964 3.51
      vertex 2.61249 -4.2632 3.51
      vertex 31.5725 -61.9645 3.51
    endloop
  endfacet
  facet normal -0 0 1
    outer loop
      vertex 2.26995 -4.45503 3.51
      vertex 31.5725 -61.9645 3.51
      vertex 2.61249 -4.2632 3.51
    endloop
  endfacet
  facet normal 0 0 1
    outer loop
      vertex 31.5725 -61.9645 3.51
      vertex 2.26995 -4.45503 3.51
      vertex 26.6135 -64.2507 3.51
    endloop
  endfacet
  facet normal -0 0 1
    outer loop
      vertex 1.91342 -4.6194 3.51
      vertex 26.6135 -64.2507 3.51
      vertex 2.26995 -4.45503 3.51
    endloop
  endfacet
  facet normal 0 0 1
    outer loop
      vertex 26.6135 -64.2507 3.51
      vertex 1.91342 -4.6194 3.51
      vertex 21.4904 -66.1407 3.51
    endloop
  endfacet
  facet normal -0 0 1
    outer loop
      vertex 1.54508 -4.75528 3.51
      vertex 21.4904 -66.1407 3.51
      vertex 1.91342 -4.6194 3.51
    endloop
  endfacet
  facet normal 0 0 1
    outer loop
      vertex 21.4904 -66.1407 3.51
      vertex 1.54508 -4.75528 3.51
      vertex 16.2348 -67.6229 3.51
    endloop
  endfacet
  facet normal -0 0 1
    outer loop
      vertex 1.16723 -4.86185 3.51
      vertex 16.2348 -67.6229 3.51
      vertex 1.54508 -4.75528 3.51
    endloop
  endfacet
  facet normal 0 0 1
    outer loop
      vertex 16.2348 -67.6229 3.51
      vertex 1.16723 -4.86185 3.51
      vertex 10.8791 -68.6882 3.51
    endloop
  endfacet
  facet normal -0 0 1
    outer loop
      vertex 0.782172 -4.93844 3.51
      vertex 10.8791 -68.6882 3.51
      vertex 1.16723 -4.86185 3.51
    endloop
  endfacet
  facet normal 0 0 1
    outer loop
      vertex 10.8791 -68.6882 3.51
      vertex 0.782172 -4.93844 3.51
      vertex 5.45639 -69.33 3.51
    endloop
  endfacet
  facet normal -0 0 1
    outer loop
      vertex 0.392295 -4.98459 3.51
      vertex 5.45639 -69.33 3.51
      vertex 0.782172 -4.93844 3.51
    endloop
  endfacet
  facet normal -0 0 1
    outer loop
      vertex 0 -5 3.51
      vertex 5.45639 -69.33 3.51
      vertex 0.392295 -4.98459 3.51
    endloop
  endfacet
  facet normal 0 0 1
    outer loop
      vertex 0 -5 3.51
      vertex 0 -69.5444 3.51
      vertex 5.45639 -69.33 3.51
    endloop
  endfacet
  facet normal 0 0 1
    outer loop
      vertex -0.392295 -4.98459 3.51
      vertex 0 -69.5444 3.51
      vertex 0 -5 3.51
    endloop
  endfacet
  facet normal 0 0 1
    outer loop
      vertex -29.4228 -53.6902 3.51
      vertex -0.392295 -4.98459 3.51
      vertex -0.782172 -4.93844 3.51
    endloop
  endfacet
  facet normal 0 0 1
    outer loop
      vertex -29.4228 -53.6902 3.51
      vertex -0.782172 -4.93844 3.51
      vertex -1.16723 -4.86185 3.51
    endloop
  endfacet
  facet normal 0 0 1
    outer loop
      vertex -29.4228 -53.6902 3.51
      vertex -1.16723 -4.86185 3.51
      vertex -1.54508 -4.75528 3.51
    endloop
  endfacet
  facet normal 0 0 1
    outer loop
      vertex -29.4228 -53.6902 3.51
      vertex -1.54508 -4.75528 3.51
      vertex -1.91342 -4.6194 3.51
    endloop
  endfacet
  facet normal 0 0 1
    outer loop
      vertex -29.4228 -53.6902 3.51
      vertex -1.91342 -4.6194 3.51
      vertex -2.26995 -4.45503 3.51
    endloop
  endfacet
  facet normal 0 0 1
    outer loop
      vertex -29.4228 -53.6902 3.51
      vertex -2.26995 -4.45503 3.51
      vertex -2.61249 -4.2632 3.51
    endloop
  endfacet
  facet normal 0 0 1
    outer loop
      vertex -29.4228 -53.6902 3.51
      vertex -2.61249 -4.2632 3.51
      vertex -2.93893 -4.04508 3.51
    endloop
  endfacet
  facet normal 0 0 1
    outer loop
      vertex -29.4228 -53.6902 3.51
      vertex -2.93893 -4.04508 3.51
      vertex -3.24724 -3.80203 3.51
    endloop
  endfacet
  facet normal 0 0 1
    outer loop
      vertex -29.4228 -53.6902 3.51
      vertex -3.24724 -3.80203 3.51
      vertex -3.53553 -3.53553 3.51
    endloop
  endfacet
  facet normal 0 0 1
    outer loop
      vertex -29.4228 -53.6902 3.51
      vertex -3.53553 -3.53553 3.51
      vertex -3.80203 -3.24724 3.51
    endloop
  endfacet
  facet normal 0 0 1
    outer loop
      vertex -29.4228 -53.6902 3.51
      vertex -3.80203 -3.24724 3.51
      vertex -4.04508 -2.93893 3.51
    endloop
  endfacet
  facet normal 0 0 1
    outer loop
      vertex -29.4228 -53.6902 3.51
      vertex -4.04508 -2.93893 3.51
      vertex -4.2632 -2.61249 3.51
    endloop
  endfacet
  facet normal 0 0 1
    outer loop
      vertex -29.4228 -53.6902 3.51
      vertex -4.2632 -2.61249 3.51
      vertex -4.45503 -2.26995 3.51
    endloop
  endfacet
  facet normal 0 0 1
    outer loop
      vertex -29.4228 -53.6902 3.51
      vertex -4.45503 -2.26995 3.51
      vertex -4.6194 -1.91342 3.51
    endloop
  endfacet
  facet normal 0 0 1
    outer loop
      vertex -29.4228 -53.6902 3.51
      vertex -4.6194 -1.91342 3.51
      vertex -4.75528 -1.54508 3.51
    endloop
  endfacet
  facet normal 0 0 1
    outer loop
      vertex -29.4228 -53.6902 3.51
      vertex -4.75528 -1.54508 3.51
      vertex -4.86185 -1.16723 3.51
    endloop
  endfacet
  facet normal 0 0 1
    outer loop
      vertex -29.4228 -53.6902 3.51
      vertex -4.86185 -1.16723 3.51
      vertex -4.93844 -0.782172 3.51
    endloop
  endfacet
  facet normal 0 0 1
    outer loop
      vertex -29.4228 -53.6902 3.51
      vertex -4.93844 -0.782172 3.51
      vertex -4.98459 -0.392295 3.51
    endloop
  endfacet
  facet normal 0 0 1
    outer loop
      vertex -0.392295 -4.98459 3.51
      vertex -5.45639 -69.33 3.51
      vertex 0 -69.5444 3.51
    endloop
  endfacet
  facet normal -0 0 1
    outer loop
      vertex -30.3334 52.2879 3.51
      vertex -2.61249 4.2632 3.51
      vertex -30.2222 52.3464 3.51
    endloop
  endfacet
  facet normal 0 0 1
    outer loop
      vertex -2.26995 4.45503 3.51
      vertex -30.2222 52.3464 3.51
      vertex -2.61249 4.2632 3.51
    endloop
  endfacet
  facet normal 0 0 1
    outer loop
      vertex -29.449 53.4405 3.51
      vertex -16.2348 67.6229 3.51
      vertex -29.431 53.5648 3.51
    endloop
  endfacet
  facet normal 0 0 1
    outer loop
      vertex -5 0 3.51
      vertex -29.4228 -53.6902 3.51
      vertex -4.98459 -0.392295 3.51
    endloop
  endfacet
  facet normal 0 0 1
    outer loop
      vertex -29.431 53.5648 3.51
      vertex -16.2348 67.6229 3.51
      vertex -29.4228 53.6902 3.51
    endloop
  endfacet
  facet normal 0 0 1
    outer loop
      vertex -0.392295 -4.98459 3.51
      vertex -29.4228 -53.6902 3.51
      vertex -5.45639 -69.33 3.51
    endloop
  endfacet
  facet normal 0 0 1
    outer loop
      vertex -29.4228 53.6902 3.51
      vertex -16.2348 67.6229 3.51
      vertex -21.4904 66.1407 3.51
    endloop
  endfacet
  facet normal 0 0 1
    outer loop
      vertex -5.45639 -69.33 3.51
      vertex -29.4228 -53.6902 3.51
      vertex -10.8791 -68.6882 3.51
    endloop
  endfacet
  facet normal 0 0 1
    outer loop
      vertex -29.5285 54.3054 3.51
      vertex -21.4904 66.1407 3.51
      vertex -26.6135 64.2507 3.51
    endloop
  endfacet
  facet normal 0 0 1
    outer loop
      vertex -10.8791 -68.6882 3.51
      vertex -29.4228 -53.6902 3.51
      vertex -16.2348 -67.6229 3.51
    endloop
  endfacet
  facet normal 0 0 1
    outer loop
      vertex -16.2348 -67.6229 3.51
      vertex -29.4228 -53.6902 3.51
      vertex -21.4904 -66.1407 3.51
    endloop
  endfacet
  facet normal 0 0 1
    outer loop
      vertex -21.4904 66.1407 3.51
      vertex -29.4244 53.8158 3.51
      vertex -29.4228 53.6902 3.51
    endloop
  endfacet
  facet normal 0 0 1
    outer loop
      vertex -21.4904 66.1407 3.51
      vertex -29.4359 53.9409 3.51
      vertex -29.4244 53.8158 3.51
    endloop
  endfacet
  facet normal 0 0 1
    outer loop
      vertex -21.4904 66.1407 3.51
      vertex -29.4572 54.0647 3.51
      vertex -29.4359 53.9409 3.51
    endloop
  endfacet
  facet normal 0 0 1
    outer loop
      vertex -21.4904 66.1407 3.51
      vertex -29.4881 54.1865 3.51
      vertex -29.4572 54.0647 3.51
    endloop
  endfacet
  facet normal 0 0 1
    outer loop
      vertex -21.4904 66.1407 3.51
      vertex -29.5285 54.3054 3.51
      vertex -29.4881 54.1865 3.51
    endloop
  endfacet
  facet normal 0 0 1
    outer loop
      vertex -26.6135 64.2507 3.51
      vertex -29.5781 54.4209 3.51
      vertex -29.5285 54.3054 3.51
    endloop
  endfacet
  facet normal 0 0 1
    outer loop
      vertex -26.6135 64.2507 3.51
      vertex -29.6366 54.5321 3.51
      vertex -29.5781 54.4209 3.51
    endloop
  endfacet
  facet normal 0 0 1
    outer loop
      vertex -26.6135 64.2507 3.51
      vertex -29.7036 54.6383 3.51
      vertex -29.6366 54.5321 3.51
    endloop
  endfacet
  facet normal 0 0 1
    outer loop
      vertex -26.6135 64.2507 3.51
      vertex -29.7788 54.739 3.51
      vertex -29.7036 54.6383 3.51
    endloop
  endfacet
  facet normal 0 0 1
    outer loop
      vertex -26.6135 64.2507 3.51
      vertex -29.8616 54.8334 3.51
      vertex -29.7788 54.739 3.51
    endloop
  endfacet
  facet normal 0 0 1
    outer loop
      vertex -26.6135 64.2507 3.51
      vertex -29.9516 54.9211 3.51
      vertex -29.8616 54.8334 3.51
    endloop
  endfacet
  facet normal 0 0 1
    outer loop
      vertex -26.6135 64.2507 3.51
      vertex -30.0482 55.0014 3.51
      vertex -29.9516 54.9211 3.51
    endloop
  endfacet
  facet normal 0 0 1
    outer loop
      vertex -26.6135 64.2507 3.51
      vertex -30.1508 55.0739 3.51
      vertex -30.0482 55.0014 3.51
    endloop
  endfacet
  facet normal -0 0 1
    outer loop
      vertex -31.5725 61.9645 3.51
      vertex -30.1508 55.0739 3.51
      vertex -26.6135 64.2507 3.51
    endloop
  endfacet
  facet normal 0 0 1
    outer loop
      vertex -30.1508 55.0739 3.51
      vertex -31.5725 61.9645 3.51
      vertex -30.2588 55.1382 3.51
    endloop
  endfacet
  facet normal 0 0 1
    outer loop
      vertex -30.2588 55.1382 3.51
      vertex -31.5725 61.9645 3.51
      vertex -30.3714 55.1937 3.51
    endloop
  endfacet
  facet normal 0 0 1
    outer loop
      vertex -30.3714 55.1937 3.51
      vertex -31.5725 61.9645 3.51
      vertex -30.4881 55.2403 3.51
    endloop
  endfacet
  facet normal 0 0 1
    outer loop
      vertex -30.4881 55.2403 3.51
      vertex -31.5725 61.9645 3.51
      vertex -30.6081 55.2775 3.51
    endloop
  endfacet
  facet normal 0 0 1
    outer loop
      vertex -30.6081 55.2775 3.51
      vertex -31.5725 61.9645 3.51
      vertex -30.7306 55.3053 3.51
    endloop
  endfacet
  facet normal 0 0 1
    outer loop
      vertex -30.7306 55.3053 3.51
      vertex -31.5725 61.9645 3.51
      vertex -30.855 55.3233 3.51
    endloop
  endfacet
  facet normal 0 0 1
    outer loop
      vertex -30.855 55.3233 3.51
      vertex -31.5725 61.9645 3.51
      vertex -30.9803 55.3315 3.51
    endloop
  endfacet
  facet normal 0 0 1
    outer loop
      vertex -30.9803 55.3315 3.51
      vertex -31.5725 61.9645 3.51
      vertex -31.106 55.3299 3.51
    endloop
  endfacet
  facet normal 0 0 1
    outer loop
      vertex -31.106 55.3299 3.51
      vertex -31.5725 61.9645 3.51
      vertex -31.2311 55.3184 3.51
    endloop
  endfacet
  facet normal 0 0 1
    outer loop
      vertex -31.2311 55.3184 3.51
      vertex -31.5725 61.9645 3.51
      vertex -31.3549 55.2971 3.51
    endloop
  endfacet
  facet normal 0 0 1
    outer loop
      vertex -31.3549 55.2971 3.51
      vertex -31.5725 61.9645 3.51
      vertex -31.4766 55.2662 3.51
    endloop
  endfacet
  facet normal 0 0 1
    outer loop
      vertex -31.5725 61.9645 3.51
      vertex -31.5956 55.2258 3.51
      vertex -31.4766 55.2662 3.51
    endloop
  endfacet
  facet normal -0 0 1
    outer loop
      vertex -36.3369 59.2964 3.51
      vertex -31.5956 55.2258 3.51
      vertex -31.5725 61.9645 3.51
    endloop
  endfacet
  facet normal 0 0 1
    outer loop
      vertex -31.5956 55.2258 3.51
      vertex -36.3369 59.2964 3.51
      vertex -31.711 55.1762 3.51
    endloop
  endfacet
  facet normal 0 0 1
    outer loop
      vertex -31.711 55.1762 3.51
      vertex -36.3369 59.2964 3.51
      vertex -31.8222 55.1177 3.51
    endloop
  endfacet
  facet normal 0 0 1
    outer loop
      vertex -31.8222 55.1177 3.51
      vertex -36.3369 59.2964 3.51
      vertex -31.9285 55.0507 3.51
    endloop
  endfacet
  facet normal 0 0 1
    outer loop
      vertex -31.9285 55.0507 3.51
      vertex -36.3369 59.2964 3.51
      vertex -32.0291 54.9755 3.51
    endloop
  endfacet
  facet normal 0 0 1
    outer loop
      vertex -32.0291 54.9755 3.51
      vertex -36.3369 59.2964 3.51
      vertex -32.1236 54.8927 3.51
    endloop
  endfacet
  facet normal 0 0 1
    outer loop
      vertex -32.1236 54.8927 3.51
      vertex -36.3369 59.2964 3.51
      vertex -32.2112 54.8027 3.51
    endloop
  endfacet
  facet normal 0 0 1
    outer loop
      vertex -32.2112 54.8027 3.51
      vertex -36.3369 59.2964 3.51
      vertex -32.2916 54.7061 3.51
    endloop
  endfacet
  facet normal 0 0 1
    outer loop
      vertex -32.2916 54.7061 3.51
      vertex -36.3369 59.2964 3.51
      vertex -32.3641 54.6035 3.51
    endloop
  endfacet
  facet normal 0 0 1
    outer loop
      vertex -32.3641 54.6035 3.51
      vertex -36.3369 59.2964 3.51
      vertex -32.4283 54.4955 3.51
    endloop
  endfacet
  facet normal 0 0 1
    outer loop
      vertex -32.4283 54.4955 3.51
      vertex -36.3369 59.2964 3.51
      vertex -32.4839 54.3828 3.51
    endloop
  endfacet
  facet normal 0 0 1
    outer loop
      vertex -32.4839 54.3828 3.51
      vertex -36.3369 59.2964 3.51
      vertex -32.5304 54.2661 3.51
    endloop
  endfacet
  facet normal 0 0 1
    outer loop
      vertex -32.5304 54.2661 3.51
      vertex -36.3369 59.2964 3.51
      vertex -32.5677 54.1462 3.51
    endloop
  endfacet
  facet normal 0 0 1
    outer loop
      vertex -32.5677 54.1462 3.51
      vertex -36.3369 59.2964 3.51
      vertex -32.5954 54.0236 3.51
    endloop
  endfacet
  facet normal 0 0 1
    outer loop
      vertex -32.6134 53.8993 3.51
      vertex -40.8772 56.2626 3.51
      vertex -32.6217 53.7739 3.51
    endloop
  endfacet
  facet normal 0 0 1
    outer loop
      vertex -32.5954 54.0236 3.51
      vertex -40.8772 56.2626 3.51
      vertex -32.6134 53.8993 3.51
    endloop
  endfacet
  facet normal -0 0 1
    outer loop
      vertex -40.8772 56.2626 3.51
      vertex -32.5954 54.0236 3.51
      vertex -36.3369 59.2964 3.51
    endloop
  endfacet
  facet normal -0 0 1
    outer loop
      vertex 63.47 0.726384 3.51
      vertex 69.5444 0 3.51
      vertex 69.33 5.45639 3.51
    endloop
  endfacet
  facet normal 0 0 1
    outer loop
      vertex 62.4179 1.55579 3.51
      vertex 69.33 5.45639 3.51
      vertex 68.6882 10.8791 3.51
    endloop
  endfacet
  facet normal 0 0 1
    outer loop
      vertex 69.5444 0 3.51
      vertex 63.6002 0.373512 3.51
      vertex 63.6247 0.250295 3.51
    endloop
  endfacet
  facet normal 0 0 1
    outer loop
      vertex 61.55 1.52169 3.51
      vertex 68.6882 10.8791 3.51
      vertex 67.6229 16.2348 3.51
    endloop
  endfacet
  facet normal 0 0 1
    outer loop
      vertex 69.5444 0 3.51
      vertex 63.6395 0.125534 3.51
      vertex 63.6444 0 3.51
    endloop
  endfacet
  facet normal 0 0 1
    outer loop
      vertex 61.104 1.29443 3.51
      vertex 67.6229 16.2348 3.51
      vertex 66.1407 21.4904 3.51
    endloop
  endfacet
  facet normal 0 0 1
    outer loop
      vertex 63.6247 -0.250295 3.51
      vertex 69.5444 0 3.51
      vertex 63.6395 -0.125534 3.51
    endloop
  endfacet
  facet normal 0 0 1
    outer loop
      vertex 60.9131 1.13137 3.51
      vertex 66.1407 21.4904 3.51
      vertex 64.2507 26.6135 3.51
    endloop
  endfacet
  facet normal 0 0 1
    outer loop
      vertex 63.6002 -0.373512 3.51
      vertex 69.5444 0 3.51
      vertex 63.6247 -0.250295 3.51
    endloop
  endfacet
  facet normal 0 0 1
    outer loop
      vertex 63.5226 -0.612293 3.51
      vertex 69.5444 0 3.51
      vertex 63.5661 -0.494427 3.51
    endloop
  endfacet
  facet normal 0 0 1
    outer loop
      vertex 63.5661 -0.494427 3.51
      vertex 69.5444 0 3.51
      vertex 63.6002 -0.373512 3.51
    endloop
  endfacet
  facet normal 0 0 1
    outer loop
      vertex 63.6395 -0.125534 3.51
      vertex 69.5444 0 3.51
      vertex 63.6444 0 3.51
    endloop
  endfacet
  facet normal 0 0 1
    outer loop
      vertex 69.5444 0 3.51
      vertex 63.6247 0.250295 3.51
      vertex 63.6395 0.125534 3.51
    endloop
  endfacet
  facet normal 0 0 1
    outer loop
      vertex 69.5444 0 3.51
      vertex 63.5661 0.494427 3.51
      vertex 63.6002 0.373512 3.51
    endloop
  endfacet
  facet normal 0 0 1
    outer loop
      vertex 69.5444 0 3.51
      vertex 63.5226 0.612293 3.51
      vertex 63.5661 0.494427 3.51
    endloop
  endfacet
  facet normal 0 0 1
    outer loop
      vertex 69.5444 0 3.51
      vertex 63.47 0.726384 3.51
      vertex 63.5226 0.612293 3.51
    endloop
  endfacet
  facet normal 0 0 1
    outer loop
      vertex 69.33 5.45639 3.51
      vertex 63.4087 0.835998 3.51
      vertex 63.47 0.726384 3.51
    endloop
  endfacet
  facet normal 0 0 1
    outer loop
      vertex 69.33 5.45639 3.51
      vertex 63.3389 0.940456 3.51
      vertex 63.4087 0.835998 3.51
    endloop
  endfacet
  facet normal 0 0 1
    outer loop
      vertex 69.33 5.45639 3.51
      vertex 63.2611 1.03912 3.51
      vertex 63.3389 0.940456 3.51
    endloop
  endfacet
  facet normal 0 0 1
    outer loop
      vertex 69.33 5.45639 3.51
      vertex 63.1758 1.13137 3.51
      vertex 63.2611 1.03912 3.51
    endloop
  endfacet
  facet normal 0 0 1
    outer loop
      vertex 69.33 5.45639 3.51
      vertex 63.0835 1.21665 3.51
      vertex 63.1758 1.13137 3.51
    endloop
  endfacet
  facet normal 0 0 1
    outer loop
      vertex 69.33 5.45639 3.51
      vertex 62.9849 1.29443 3.51
      vertex 63.0835 1.21665 3.51
    endloop
  endfacet
  facet normal 0 0 1
    outer loop
      vertex 69.33 5.45639 3.51
      vertex 62.8804 1.36422 3.51
      vertex 62.9849 1.29443 3.51
    endloop
  endfacet
  facet normal 0 0 1
    outer loop
      vertex 69.33 5.45639 3.51
      vertex 62.7708 1.42561 3.51
      vertex 62.8804 1.36422 3.51
    endloop
  endfacet
  facet normal 0 0 1
    outer loop
      vertex 69.33 5.45639 3.51
      vertex 62.6567 1.47821 3.51
      vertex 62.7708 1.42561 3.51
    endloop
  endfacet
  facet normal 0 0 1
    outer loop
      vertex 69.33 5.45639 3.51
      vertex 62.5389 1.52169 3.51
      vertex 62.6567 1.47821 3.51
    endloop
  endfacet
  facet normal 0 0 1
    outer loop
      vertex 69.33 5.45639 3.51
      vertex 62.4179 1.55579 3.51
      vertex 62.5389 1.52169 3.51
    endloop
  endfacet
  facet normal 0 0 1
    outer loop
      vertex 68.6882 10.8791 3.51
      vertex 62.2947 1.5803 3.51
      vertex 62.4179 1.55579 3.51
    endloop
  endfacet
  facet normal 0 0 1
    outer loop
      vertex 68.6882 10.8791 3.51
      vertex 62.17 1.59507 3.51
      vertex 62.2947 1.5803 3.51
    endloop
  endfacet
  facet normal 0 0 1
    outer loop
      vertex 68.6882 10.8791 3.51
      vertex 62.0444 1.6 3.51
      vertex 62.17 1.59507 3.51
    endloop
  endfacet
  facet normal 0 0 1
    outer loop
      vertex 60.75 0.940456 3.51
      vertex 64.2507 26.6135 3.51
      vertex 61.9645 31.5725 3.51
    endloop
  endfacet
  facet normal 0 0 1
    outer loop
      vertex 68.6882 10.8791 3.51
      vertex 61.9189 1.59507 3.51
      vertex 62.0444 1.6 3.51
    endloop
  endfacet
  facet normal 0 0 1
    outer loop
      vertex 68.6882 10.8791 3.51
      vertex 61.7941 1.5803 3.51
      vertex 61.9189 1.59507 3.51
    endloop
  endfacet
  facet normal 0 0 1
    outer loop
      vertex 68.6882 10.8791 3.51
      vertex 61.6709 1.55579 3.51
      vertex 61.7941 1.5803 3.51
    endloop
  endfacet
  facet normal 0 0 1
    outer loop
      vertex 68.6882 10.8791 3.51
      vertex 61.55 1.52169 3.51
      vertex 61.6709 1.55579 3.51
    endloop
  endfacet
  facet normal 0 0 1
    outer loop
      vertex 67.6229 16.2348 3.51
      vertex 61.4321 1.47821 3.51
      vertex 61.55 1.52169 3.51
    endloop
  endfacet
  facet normal 0 0 1
    outer loop
      vertex 67.6229 16.2348 3.51
      vertex 61.318 1.42561 3.51
      vertex 61.4321 1.47821 3.51
    endloop
  endfacet
  facet normal 0 0 1
    outer loop
      vertex 67.6229 16.2348 3.51
      vertex 61.2084 1.36422 3.51
      vertex 61.318 1.42561 3.51
    endloop
  endfacet
  facet normal 0 0 1
    outer loop
      vertex 67.6229 16.2348 3.51
      vertex 61.104 1.29443 3.51
      vertex 61.2084 1.36422 3.51
    endloop
  endfacet
  facet normal 0 0 1
    outer loop
      vertex 66.1407 21.4904 3.51
      vertex 61.0053 1.21665 3.51
      vertex 61.104 1.29443 3.51
    endloop
  endfacet
  facet normal 0 0 1
    outer loop
      vertex 66.1407 21.4904 3.51
      vertex 60.9131 1.13137 3.51
      vertex 61.0053 1.21665 3.51
    endloop
  endfacet
  facet normal 0 0 1
    outer loop
      vertex 64.2507 26.6135 3.51
      vertex 60.8278 1.03912 3.51
      vertex 60.9131 1.13137 3.51
    endloop
  endfacet
  facet normal 0 0 1
    outer loop
      vertex 64.2507 26.6135 3.51
      vertex 60.75 0.940456 3.51
      vertex 60.8278 1.03912 3.51
    endloop
  endfacet
  facet normal 0 0 1
    outer loop
      vertex 61.9645 31.5725 3.51
      vertex 60.6802 0.835998 3.51
      vertex 60.75 0.940456 3.51
    endloop
  endfacet
  facet normal -0 0 1
    outer loop
      vertex 4.45503 2.26995 3.51
      vertex 60.6802 0.835998 3.51
      vertex 61.9645 31.5725 3.51
    endloop
  endfacet
  facet normal 0 0 1
    outer loop
      vertex 60.6802 0.835998 3.51
      vertex 4.45503 2.26995 3.51
      vertex 60.6188 0.726384 3.51
    endloop
  endfacet
  facet normal -0 -0 1
    outer loop
      vertex 4.6194 1.91342 3.51
      vertex 60.6188 0.726384 3.51
      vertex 4.45503 2.26995 3.51
    endloop
  endfacet
  facet normal 0 0 1
    outer loop
      vertex 60.6188 0.726384 3.51
      vertex 4.6194 1.91342 3.51
      vertex 60.5662 0.612293 3.51
    endloop
  endfacet
  facet normal -0 -0 1
    outer loop
      vertex 4.75528 1.54508 3.51
      vertex 60.5662 0.612293 3.51
      vertex 4.6194 1.91342 3.51
    endloop
  endfacet
  facet normal 0 0 1
    outer loop
      vertex 60.5662 0.612293 3.51
      vertex 4.75528 1.54508 3.51
      vertex 60.5227 0.494427 3.51
    endloop
  endfacet
  facet normal -0 -0 1
    outer loop
      vertex 4.86185 1.16723 3.51
      vertex 60.5227 0.494427 3.51
      vertex 4.75528 1.54508 3.51
    endloop
  endfacet
  facet normal 0 0 1
    outer loop
      vertex 4.45503 2.26995 3.51
      vertex 61.9645 31.5725 3.51
      vertex 59.2964 36.3369 3.51
    endloop
  endfacet
  facet normal 0 0 1
    outer loop
      vertex 63.47 -0.726384 3.51
      vertex 69.5444 0 3.51
      vertex 63.5226 -0.612293 3.51
    endloop
  endfacet
  facet normal 0 0 1
    outer loop
      vertex 69.5444 0 3.51
      vertex 63.47 -0.726384 3.51
      vertex 69.33 -5.45639 3.51
    endloop
  endfacet
  facet normal -0 0 1
    outer loop
      vertex 63.4087 -0.835998 3.51
      vertex 69.33 -5.45639 3.51
      vertex 63.47 -0.726384 3.51
    endloop
  endfacet
  facet normal -0 0 1
    outer loop
      vertex 63.3389 -0.940456 3.51
      vertex 69.33 -5.45639 3.51
      vertex 63.4087 -0.835998 3.51
    endloop
  endfacet
  facet normal -0 0 1
    outer loop
      vertex 63.2611 -1.03912 3.51
      vertex 69.33 -5.45639 3.51
      vertex 63.3389 -0.940456 3.51
    endloop
  endfacet
  facet normal -0 0 1
    outer loop
      vertex 63.1758 -1.13137 3.51
      vertex 69.33 -5.45639 3.51
      vertex 63.2611 -1.03912 3.51
    endloop
  endfacet
  facet normal -0 0 1
    outer loop
      vertex 63.0835 -1.21665 3.51
      vertex 69.33 -5.45639 3.51
      vertex 63.1758 -1.13137 3.51
    endloop
  endfacet
  facet normal -0 0 1
    outer loop
      vertex 62.9849 -1.29443 3.51
      vertex 69.33 -5.45639 3.51
      vertex 63.0835 -1.21665 3.51
    endloop
  endfacet
  facet normal -0 0 1
    outer loop
      vertex 62.8804 -1.36422 3.51
      vertex 69.33 -5.45639 3.51
      vertex 62.9849 -1.29443 3.51
    endloop
  endfacet
  facet normal -0 0 1
    outer loop
      vertex 62.7708 -1.42561 3.51
      vertex 69.33 -5.45639 3.51
      vertex 62.8804 -1.36422 3.51
    endloop
  endfacet
  facet normal -0 0 1
    outer loop
      vertex 62.6567 -1.47821 3.51
      vertex 69.33 -5.45639 3.51
      vertex 62.7708 -1.42561 3.51
    endloop
  endfacet
  facet normal -0 0 1
    outer loop
      vertex 62.5389 -1.52169 3.51
      vertex 69.33 -5.45639 3.51
      vertex 62.6567 -1.47821 3.51
    endloop
  endfacet
  facet normal -0 0 1
    outer loop
      vertex 62.4179 -1.55579 3.51
      vertex 69.33 -5.45639 3.51
      vertex 62.5389 -1.52169 3.51
    endloop
  endfacet
  facet normal 0 0 1
    outer loop
      vertex 69.33 -5.45639 3.51
      vertex 62.4179 -1.55579 3.51
      vertex 68.6882 -10.8791 3.51
    endloop
  endfacet
  facet normal -0 0 1
    outer loop
      vertex 62.2947 -1.5803 3.51
      vertex 68.6882 -10.8791 3.51
      vertex 62.4179 -1.55579 3.51
    endloop
  endfacet
  facet normal -0 0 1
    outer loop
      vertex 62.17 -1.59507 3.51
      vertex 68.6882 -10.8791 3.51
      vertex 62.2947 -1.5803 3.51
    endloop
  endfacet
  facet normal -0 0 1
    outer loop
      vertex 62.0444 -1.6 3.51
      vertex 68.6882 -10.8791 3.51
      vertex 62.17 -1.59507 3.51
    endloop
  endfacet
  facet normal 0 0 1
    outer loop
      vertex 61.9189 -1.59507 3.51
      vertex 68.6882 -10.8791 3.51
      vertex 62.0444 -1.6 3.51
    endloop
  endfacet
  facet normal 0 0 1
    outer loop
      vertex 61.7941 -1.5803 3.51
      vertex 68.6882 -10.8791 3.51
      vertex 61.9189 -1.59507 3.51
    endloop
  endfacet
  facet normal 0 0 1
    outer loop
      vertex 61.6709 -1.55579 3.51
      vertex 68.6882 -10.8791 3.51
      vertex 61.7941 -1.5803 3.51
    endloop
  endfacet
  facet normal 0 0 1
    outer loop
      vertex 61.55 -1.52169 3.51
      vertex 68.6882 -10.8791 3.51
      vertex 61.6709 -1.55579 3.51
    endloop
  endfacet
  facet normal 0 0 1
    outer loop
      vertex 68.6882 -10.8791 3.51
      vertex 61.55 -1.52169 3.51
      vertex 67.6229 -16.2348 3.51
    endloop
  endfacet
  facet normal 0 0 1
    outer loop
      vertex 61.4321 -1.47821 3.51
      vertex 67.6229 -16.2348 3.51
      vertex 61.55 -1.52169 3.51
    endloop
  endfacet
  facet normal 0 0 1
    outer loop
      vertex 61.318 -1.42561 3.51
      vertex 67.6229 -16.2348 3.51
      vertex 61.4321 -1.47821 3.51
    endloop
  endfacet
  facet normal 0 0 1
    outer loop
      vertex 61.2084 -1.36422 3.51
      vertex 67.6229 -16.2348 3.51
      vertex 61.318 -1.42561 3.51
    endloop
  endfacet
  facet normal 0 0 1
    outer loop
      vertex 61.104 -1.29443 3.51
      vertex 67.6229 -16.2348 3.51
      vertex 61.2084 -1.36422 3.51
    endloop
  endfacet
  facet normal 0 0 1
    outer loop
      vertex 67.6229 -16.2348 3.51
      vertex 61.104 -1.29443 3.51
      vertex 66.1407 -21.4904 3.51
    endloop
  endfacet
  facet normal 0 0 1
    outer loop
      vertex 61.0053 -1.21665 3.51
      vertex 66.1407 -21.4904 3.51
      vertex 61.104 -1.29443 3.51
    endloop
  endfacet
  facet normal 0 0 1
    outer loop
      vertex 60.9131 -1.13137 3.51
      vertex 66.1407 -21.4904 3.51
      vertex 61.0053 -1.21665 3.51
    endloop
  endfacet
  facet normal 0 0 1
    outer loop
      vertex 66.1407 -21.4904 3.51
      vertex 60.9131 -1.13137 3.51
      vertex 64.2507 -26.6135 3.51
    endloop
  endfacet
  facet normal 0 0 1
    outer loop
      vertex 60.8278 -1.03912 3.51
      vertex 64.2507 -26.6135 3.51
      vertex 60.9131 -1.13137 3.51
    endloop
  endfacet
  facet normal 0 0 1
    outer loop
      vertex 60.75 -0.940456 3.51
      vertex 64.2507 -26.6135 3.51
      vertex 60.8278 -1.03912 3.51
    endloop
  endfacet
  facet normal 0 0 1
    outer loop
      vertex 64.2507 -26.6135 3.51
      vertex 60.75 -0.940456 3.51
      vertex 61.9645 -31.5725 3.51
    endloop
  endfacet
  facet normal 0 0 1
    outer loop
      vertex 60.6802 -0.835998 3.51
      vertex 61.9645 -31.5725 3.51
      vertex 60.75 -0.940456 3.51
    endloop
  endfacet
  facet normal 0 0 1
    outer loop
      vertex 60.4886 -0.373512 3.51
      vertex 4.86185 -1.16723 3.51
      vertex 60.5227 -0.494427 3.51
    endloop
  endfacet
  facet normal 0 0 1
    outer loop
      vertex 4.86185 -1.16723 3.51
      vertex 60.4886 -0.373512 3.51
      vertex 4.93844 -0.782172 3.51
    endloop
  endfacet
  facet normal 0 0 1
    outer loop
      vertex 60.4641 -0.250295 3.51
      vertex 4.93844 -0.782172 3.51
      vertex 60.4886 -0.373512 3.51
    endloop
  endfacet
  facet normal 0 0 1
    outer loop
      vertex 4.93844 -0.782172 3.51
      vertex 60.4641 -0.250295 3.51
      vertex 4.98459 -0.392295 3.51
    endloop
  endfacet
  facet normal 0 0 1
    outer loop
      vertex 60.4494 -0.125534 3.51
      vertex 4.98459 -0.392295 3.51
      vertex 60.4641 -0.250295 3.51
    endloop
  endfacet
  facet normal 0 0 1
    outer loop
      vertex 4.98459 -0.392295 3.51
      vertex 60.4494 -0.125534 3.51
      vertex 5 0 3.51
    endloop
  endfacet
  facet normal 0 0 1
    outer loop
      vertex 4.75528 -1.54508 3.51
      vertex 60.5227 -0.494427 3.51
      vertex 4.86185 -1.16723 3.51
    endloop
  endfacet
  facet normal -0 0 1
    outer loop
      vertex 5 0 3.51
      vertex 60.4494 -0.125534 3.51
      vertex 60.4444 0 3.51
    endloop
  endfacet
  facet normal 0 0 1
    outer loop
      vertex 60.5227 0.494427 3.51
      vertex 4.86185 1.16723 3.51
      vertex 60.4886 0.373512 3.51
    endloop
  endfacet
  facet normal 0 0 1
    outer loop
      vertex 4.2632 2.61249 3.51
      vertex 59.2964 36.3369 3.51
      vertex 56.2626 40.8772 3.51
    endloop
  endfacet
  facet normal 0 0 1
    outer loop
      vertex 60.5227 -0.494427 3.51
      vertex 4.75528 -1.54508 3.51
      vertex 60.5662 -0.612293 3.51
    endloop
  endfacet
  facet normal 0 0 1
    outer loop
      vertex 4.04508 2.93893 3.51
      vertex 56.2626 40.8772 3.51
      vertex 52.882 45.1655 3.51
    endloop
  endfacet
  facet normal 0 0 1
    outer loop
      vertex 4.6194 -1.91342 3.51
      vertex 60.5662 -0.612293 3.51
      vertex 4.75528 -1.54508 3.51
    endloop
  endfacet
  facet normal 0 0 1
    outer loop
      vertex 3.80203 3.24724 3.51
      vertex 52.882 45.1655 3.51
      vertex 49.1753 49.1753 3.51
    endloop
  endfacet
  facet normal 0 0 1
    outer loop
      vertex 60.5662 -0.612293 3.51
      vertex 4.6194 -1.91342 3.51
      vertex 60.6188 -0.726384 3.51
    endloop
  endfacet
  facet normal 0 0 1
    outer loop
      vertex 3.53553 3.53553 3.51
      vertex 49.1753 49.1753 3.51
      vertex 45.1655 52.882 3.51
    endloop
  endfacet
  facet normal 0 0 1
    outer loop
      vertex 4.45503 -2.26995 3.51
      vertex 60.6188 -0.726384 3.51
      vertex 4.6194 -1.91342 3.51
    endloop
  endfacet
  facet normal 0 0 1
    outer loop
      vertex 3.24724 3.80203 3.51
      vertex 45.1655 52.882 3.51
      vertex 40.8772 56.2626 3.51
    endloop
  endfacet
  facet normal 0 0 1
    outer loop
      vertex 60.6188 -0.726384 3.51
      vertex 4.45503 -2.26995 3.51
      vertex 60.6802 -0.835998 3.51
    endloop
  endfacet
  facet normal 0 0 1
    outer loop
      vertex 2.93893 4.04508 3.51
      vertex 40.8772 56.2626 3.51
      vertex 36.3369 59.2964 3.51
    endloop
  endfacet
  facet normal 0 0 1
    outer loop
      vertex 60.6802 -0.835998 3.51
      vertex 4.45503 -2.26995 3.51
      vertex 61.9645 -31.5725 3.51
    endloop
  endfacet
  facet normal 0 0 1
    outer loop
      vertex 2.61249 4.2632 3.51
      vertex 36.3369 59.2964 3.51
      vertex 31.5725 61.9645 3.51
    endloop
  endfacet
  facet normal 0 0 1
    outer loop
      vertex 61.9645 -31.5725 3.51
      vertex 4.45503 -2.26995 3.51
      vertex 59.2964 -36.3369 3.51
    endloop
  endfacet
  facet normal 0 0 1
    outer loop
      vertex 2.26995 4.45503 3.51
      vertex 31.5725 61.9645 3.51
      vertex 26.6135 64.2507 3.51
    endloop
  endfacet
  facet normal -0 0 1
    outer loop
      vertex 4.2632 -2.61249 3.51
      vertex 59.2964 -36.3369 3.51
      vertex 4.45503 -2.26995 3.51
    endloop
  endfacet
  facet normal 0 0 1
    outer loop
      vertex 1.91342 4.6194 3.51
      vertex 26.6135 64.2507 3.51
      vertex 21.4904 66.1407 3.51
    endloop
  endfacet
  facet normal 0 0 1
    outer loop
      vertex 59.2964 -36.3369 3.51
      vertex 4.2632 -2.61249 3.51
      vertex 56.2626 -40.8772 3.51
    endloop
  endfacet
  facet normal 0 0 1
    outer loop
      vertex 1.54508 4.75528 3.51
      vertex 21.4904 66.1407 3.51
      vertex 16.2348 67.6229 3.51
    endloop
  endfacet
  facet normal -0 0 1
    outer loop
      vertex 4.04508 -2.93893 3.51
      vertex 56.2626 -40.8772 3.51
      vertex 4.2632 -2.61249 3.51
    endloop
  endfacet
  facet normal 0 0 1
    outer loop
      vertex 1.16723 4.86185 3.51
      vertex 16.2348 67.6229 3.51
      vertex 10.8791 68.6882 3.51
    endloop
  endfacet
  facet normal 0 0 1
    outer loop
      vertex 56.2626 -40.8772 3.51
      vertex 4.04508 -2.93893 3.51
      vertex 52.882 -45.1655 3.51
    endloop
  endfacet
  facet normal 0 0 1
    outer loop
      vertex 0.782172 4.93844 3.51
      vertex 10.8791 68.6882 3.51
      vertex 5.45639 69.33 3.51
    endloop
  endfacet
  facet normal -0 0 1
    outer loop
      vertex 3.80203 -3.24724 3.51
      vertex 52.882 -45.1655 3.51
      vertex 4.04508 -2.93893 3.51
    endloop
  endfacet
  facet normal 0 0 1
    outer loop
      vertex 52.882 -45.1655 3.51
      vertex 3.80203 -3.24724 3.51
      vertex 49.1753 -49.1753 3.51
    endloop
  endfacet
  facet normal 0 0 1
    outer loop
      vertex 60.4444 0 3.51
      vertex 4.98459 0.392295 3.51
      vertex 5 0 3.51
    endloop
  endfacet
  facet normal 0 0 1
    outer loop
      vertex 60.4494 0.125534 3.51
      vertex 4.98459 0.392295 3.51
      vertex 60.4444 0 3.51
    endloop
  endfacet
  facet normal 0 0 1
    outer loop
      vertex 60.4641 0.250295 3.51
      vertex 4.98459 0.392295 3.51
      vertex 60.4494 0.125534 3.51
    endloop
  endfacet
  facet normal -0 -0 1
    outer loop
      vertex 4.98459 0.392295 3.51
      vertex 60.4641 0.250295 3.51
      vertex 4.93844 0.782172 3.51
    endloop
  endfacet
  facet normal 0 0 1
    outer loop
      vertex 60.4886 0.373512 3.51
      vertex 4.93844 0.782172 3.51
      vertex 60.4641 0.250295 3.51
    endloop
  endfacet
  facet normal -0 -0 1
    outer loop
      vertex 4.93844 0.782172 3.51
      vertex 60.4886 0.373512 3.51
      vertex 4.86185 1.16723 3.51
    endloop
  endfacet
  facet normal 0 0 1
    outer loop
      vertex 59.2964 36.3369 3.51
      vertex 4.2632 2.61249 3.51
      vertex 4.45503 2.26995 3.51
    endloop
  endfacet
  facet normal 0 0 1
    outer loop
      vertex 56.2626 40.8772 3.51
      vertex 4.04508 2.93893 3.51
      vertex 4.2632 2.61249 3.51
    endloop
  endfacet
  facet normal 0 0 1
    outer loop
      vertex 52.882 45.1655 3.51
      vertex 3.80203 3.24724 3.51
      vertex 4.04508 2.93893 3.51
    endloop
  endfacet
  facet normal 0 0 1
    outer loop
      vertex 49.1753 49.1753 3.51
      vertex 3.53553 3.53553 3.51
      vertex 3.80203 3.24724 3.51
    endloop
  endfacet
  facet normal 0 0 1
    outer loop
      vertex 45.1655 52.882 3.51
      vertex 3.24724 3.80203 3.51
      vertex 3.53553 3.53553 3.51
    endloop
  endfacet
  facet normal 0 0 1
    outer loop
      vertex 40.8772 56.2626 3.51
      vertex 2.93893 4.04508 3.51
      vertex 3.24724 3.80203 3.51
    endloop
  endfacet
  facet normal 0 0 1
    outer loop
      vertex 36.3369 59.2964 3.51
      vertex 2.61249 4.2632 3.51
      vertex 2.93893 4.04508 3.51
    endloop
  endfacet
  facet normal 0 0 1
    outer loop
      vertex 31.5725 61.9645 3.51
      vertex 2.26995 4.45503 3.51
      vertex 2.61249 4.2632 3.51
    endloop
  endfacet
  facet normal 0 0 1
    outer loop
      vertex 26.6135 64.2507 3.51
      vertex 1.91342 4.6194 3.51
      vertex 2.26995 4.45503 3.51
    endloop
  endfacet
  facet normal 0 0 1
    outer loop
      vertex 21.4904 66.1407 3.51
      vertex 1.54508 4.75528 3.51
      vertex 1.91342 4.6194 3.51
    endloop
  endfacet
  facet normal 0 0 1
    outer loop
      vertex 16.2348 67.6229 3.51
      vertex 1.16723 4.86185 3.51
      vertex 1.54508 4.75528 3.51
    endloop
  endfacet
  facet normal 0 0 1
    outer loop
      vertex 10.8791 68.6882 3.51
      vertex 0.782172 4.93844 3.51
      vertex 1.16723 4.86185 3.51
    endloop
  endfacet
  facet normal 0 0 1
    outer loop
      vertex 5.45639 69.33 3.51
      vertex 0.392295 4.98459 3.51
      vertex 0.782172 4.93844 3.51
    endloop
  endfacet
  facet normal 0 0 1
    outer loop
      vertex 0 69.5444 3.51
      vertex 0.392295 4.98459 3.51
      vertex 5.45639 69.33 3.51
    endloop
  endfacet
  facet normal 0 0 1
    outer loop
      vertex 0 69.5444 3.51
      vertex 0 5 3.51
      vertex 0.392295 4.98459 3.51
    endloop
  endfacet
  facet normal 0 0 1
    outer loop
      vertex 0 69.5444 3.51
      vertex -0.392295 4.98459 3.51
      vertex 0 5 3.51
    endloop
  endfacet
  facet normal -0 0 1
    outer loop
      vertex -5.45639 69.33 3.51
      vertex -0.392295 4.98459 3.51
      vertex 0 69.5444 3.51
    endloop
  endfacet
  facet normal 0 0 1
    outer loop
      vertex -29.4767 53.3179 3.51
      vertex -16.2348 67.6229 3.51
      vertex -29.449 53.4405 3.51
    endloop
  endfacet
  facet normal -0 0 1
    outer loop
      vertex -16.2348 67.6229 3.51
      vertex -29.4767 53.3179 3.51
      vertex -10.8791 68.6882 3.51
    endloop
  endfacet
  facet normal 0 0 1
    outer loop
      vertex -29.514 53.198 3.51
      vertex -10.8791 68.6882 3.51
      vertex -29.4767 53.3179 3.51
    endloop
  endfacet
  facet normal 0 0 1
    outer loop
      vertex -29.5605 53.0813 3.51
      vertex -10.8791 68.6882 3.51
      vertex -29.514 53.198 3.51
    endloop
  endfacet
  facet normal -0 0 1
    outer loop
      vertex -10.8791 68.6882 3.51
      vertex -29.5605 53.0813 3.51
      vertex -5.45639 69.33 3.51
    endloop
  endfacet
  facet normal 0 0 1
    outer loop
      vertex -29.6161 52.9686 3.51
      vertex -5.45639 69.33 3.51
      vertex -29.5605 53.0813 3.51
    endloop
  endfacet
  facet normal 0 0 1
    outer loop
      vertex -5.45639 69.33 3.51
      vertex -29.6161 52.9686 3.51
      vertex -0.392295 4.98459 3.51
    endloop
  endfacet
  facet normal -0 0 1
    outer loop
      vertex -29.6803 52.8606 3.51
      vertex -0.392295 4.98459 3.51
      vertex -29.6161 52.9686 3.51
    endloop
  endfacet
  facet normal 0 0 1
    outer loop
      vertex -0.392295 4.98459 3.51
      vertex -29.6803 52.8606 3.51
      vertex -0.782172 4.93844 3.51
    endloop
  endfacet
  facet normal -0 0 1
    outer loop
      vertex -29.7528 52.758 3.51
      vertex -0.782172 4.93844 3.51
      vertex -29.6803 52.8606 3.51
    endloop
  endfacet
  facet normal 0 0 1
    outer loop
      vertex -0.782172 4.93844 3.51
      vertex -29.7528 52.758 3.51
      vertex -1.16723 4.86185 3.51
    endloop
  endfacet
  facet normal -0 0 1
    outer loop
      vertex -29.8332 52.6614 3.51
      vertex -1.16723 4.86185 3.51
      vertex -29.7528 52.758 3.51
    endloop
  endfacet
  facet normal 0 0 1
    outer loop
      vertex -1.16723 4.86185 3.51
      vertex -29.8332 52.6614 3.51
      vertex -1.54508 4.75528 3.51
    endloop
  endfacet
  facet normal -0 0 1
    outer loop
      vertex -29.9208 52.5714 3.51
      vertex -1.54508 4.75528 3.51
      vertex -29.8332 52.6614 3.51
    endloop
  endfacet
  facet normal 0 0 1
    outer loop
      vertex -1.54508 4.75528 3.51
      vertex -29.9208 52.5714 3.51
      vertex -1.91342 4.6194 3.51
    endloop
  endfacet
  facet normal -0 0 1
    outer loop
      vertex -30.0153 52.4886 3.51
      vertex -1.91342 4.6194 3.51
      vertex -29.9208 52.5714 3.51
    endloop
  endfacet
  facet normal -0 0 1
    outer loop
      vertex -30.116 52.4134 3.51
      vertex -1.91342 4.6194 3.51
      vertex -30.0153 52.4886 3.51
    endloop
  endfacet
  facet normal -0 0 1
    outer loop
      vertex -30.2222 52.3464 3.51
      vertex -2.26995 4.45503 3.51
      vertex -30.116 52.4134 3.51
    endloop
  endfacet
  facet normal 0 0 1
    outer loop
      vertex -1.91342 4.6194 3.51
      vertex -30.116 52.4134 3.51
      vertex -2.26995 4.45503 3.51
    endloop
  endfacet
  facet normal 0.00247824 -0.00314355 0.999992
    outer loop
      vertex 46.7891 -54.783 3.5
      vertex 40.8772 -56.2626 3.51
      vertex 42.3467 -58.2852 3.5
    endloop
  endfacet
  facet normal 0.619104 -0.785309 0
    outer loop
      vertex 42.3467 -58.2852 0
      vertex 46.7891 -54.783 3.5
      vertex 42.3467 -58.2852 3.5
    endloop
  endfacet
  facet normal 0.619104 -0.785309 0
    outer loop
      vertex 46.7891 -54.783 3.5
      vertex 42.3467 -58.2852 0
      vertex 46.7891 -54.783 0
    endloop
  endfacet
  facet normal 0.00247828 -0.00314371 0.999992
    outer loop
      vertex 45.1655 -52.882 3.51
      vertex 40.8772 -56.2626 3.51
      vertex 46.7891 -54.783 3.5
    endloop
  endfacet
  facet normal -0.938198 0.3461 0
    outer loop
      vertex 4.6194 -1.91342 0
      vertex 4.75528 -1.54508 3.51
      vertex 4.75528 -1.54508 0
    endloop
  endfacet
  facet normal -0.938198 0.3461 0
    outer loop
      vertex 4.75528 -1.54508 3.51
      vertex 4.6194 -1.91342 0
      vertex 4.6194 -1.91342 3.51
    endloop
  endfacet
  facet normal -0.993067 -0.11755 0
    outer loop
      vertex 4.98459 0.392295 0
      vertex 4.93844 0.782172 3.51
      vertex 4.93844 0.782172 0
    endloop
  endfacet
  facet normal -0.993067 -0.11755 0
    outer loop
      vertex 4.93844 0.782172 3.51
      vertex 4.98459 0.392295 0
      vertex 4.98459 0.392295 3.51
    endloop
  endfacet
  facet normal -0.999229 -0.0392514 0
    outer loop
      vertex 5 0 0
      vertex 4.98459 0.392295 3.51
      vertex 4.98459 0.392295 0
    endloop
  endfacet
  facet normal -0.999229 -0.0392514 0
    outer loop
      vertex 4.98459 0.392295 3.51
      vertex 5 0 0
      vertex 5 0 3.51
    endloop
  endfacet
  facet normal -0.980787 -0.195083 0
    outer loop
      vertex 4.93844 0.782172 0
      vertex 4.86185 1.16723 3.51
      vertex 4.86185 1.16723 0
    endloop
  endfacet
  facet normal -0.980787 -0.195083 0
    outer loop
      vertex 4.86185 1.16723 3.51
      vertex 4.93844 0.782172 0
      vertex 4.93844 0.782172 3.51
    endloop
  endfacet
  facet normal 0.83147 -0.55557 0
    outer loop
      vertex -4.2632 2.61249 3.51
      vertex -4.04508 2.93893 0
      vertex -4.04508 2.93893 3.51
    endloop
  endfacet
  facet normal 0.83147 -0.55557 0
    outer loop
      vertex -4.04508 2.93893 0
      vertex -4.2632 2.61249 3.51
      vertex -4.2632 2.61249 0
    endloop
  endfacet
  facet normal -0.785319 0.619091 0
    outer loop
      vertex 3.80203 -3.24724 0
      vertex 4.04508 -2.93893 3.51
      vertex 4.04508 -2.93893 0
    endloop
  endfacet
  facet normal -0.785319 0.619091 0
    outer loop
      vertex 4.04508 -2.93893 3.51
      vertex 3.80203 -3.24724 0
      vertex 3.80203 -3.24724 3.51
    endloop
  endfacet
  facet normal -0.619091 -0.785319 0
    outer loop
      vertex 2.93893 4.04508 0
      vertex 3.24724 3.80203 3.51
      vertex 2.93893 4.04508 3.51
    endloop
  endfacet
  facet normal -0.619091 -0.785319 -0
    outer loop
      vertex 3.24724 3.80203 3.51
      vertex 2.93893 4.04508 0
      vertex 3.24724 3.80203 0
    endloop
  endfacet
  facet normal -0.908136 0.418675 0
    outer loop
      vertex 4.45503 -2.26995 0
      vertex 4.6194 -1.91342 3.51
      vertex 4.6194 -1.91342 0
    endloop
  endfacet
  facet normal -0.908136 0.418675 0
    outer loop
      vertex 4.6194 -1.91342 3.51
      vertex 4.45503 -2.26995 0
      vertex 4.45503 -2.26995 3.51
    endloop
  endfacet
  facet normal -0.271453 -0.962452 0
    outer loop
      vertex 1.16723 4.86185 0
      vertex 1.54508 4.75528 3.51
      vertex 1.16723 4.86185 3.51
    endloop
  endfacet
  facet normal -0.271453 -0.962452 -0
    outer loop
      vertex 1.54508 4.75528 3.51
      vertex 1.16723 4.86185 0
      vertex 1.54508 4.75528 0
    endloop
  endfacet
  facet normal 0.678811 0.734313 -0
    outer loop
      vertex -3.24724 -3.80203 0
      vertex -3.53553 -3.53553 3.51
      vertex -3.24724 -3.80203 3.51
    endloop
  endfacet
  facet normal 0.678811 0.734313 0
    outer loop
      vertex -3.53553 -3.53553 3.51
      vertex -3.24724 -3.80203 0
      vertex -3.53553 -3.53553 0
    endloop
  endfacet
  facet normal 0.271453 -0.962452 0
    outer loop
      vertex -1.54508 4.75528 0
      vertex -1.16723 4.86185 3.51
      vertex -1.54508 4.75528 3.51
    endloop
  endfacet
  facet normal 0.271453 -0.962452 0
    outer loop
      vertex -1.16723 4.86185 3.51
      vertex -1.54508 4.75528 0
      vertex -1.16723 4.86185 0
    endloop
  endfacet
  facet normal 0.619091 0.785319 -0
    outer loop
      vertex -2.93893 -4.04508 0
      vertex -3.24724 -3.80203 3.51
      vertex -2.93893 -4.04508 3.51
    endloop
  endfacet
  facet normal 0.619091 0.785319 0
    outer loop
      vertex -3.24724 -3.80203 3.51
      vertex -2.93893 -4.04508 0
      vertex -3.24724 -3.80203 0
    endloop
  endfacet
  facet normal -0.55557 0.83147 0
    outer loop
      vertex 2.93893 -4.04508 0
      vertex 2.61249 -4.2632 3.51
      vertex 2.93893 -4.04508 3.51
    endloop
  endfacet
  facet normal -0.55557 0.83147 0
    outer loop
      vertex 2.61249 -4.2632 3.51
      vertex 2.93893 -4.04508 0
      vertex 2.61249 -4.2632 0
    endloop
  endfacet
  facet normal -0.734313 0.678811 0
    outer loop
      vertex 3.53553 -3.53553 0
      vertex 3.80203 -3.24724 3.51
      vertex 3.80203 -3.24724 0
    endloop
  endfacet
  facet normal -0.734313 0.678811 0
    outer loop
      vertex 3.80203 -3.24724 3.51
      vertex 3.53553 -3.53553 0
      vertex 3.53553 -3.53553 3.51
    endloop
  endfacet
  facet normal -0.11755 0.993067 0
    outer loop
      vertex 0.782172 -4.93844 0
      vertex 0.392295 -4.98459 3.51
      vertex 0.782172 -4.93844 3.51
    endloop
  endfacet
  facet normal -0.11755 0.993067 0
    outer loop
      vertex 0.392295 -4.98459 3.51
      vertex 0.782172 -4.93844 0
      vertex 0.392295 -4.98459 0
    endloop
  endfacet
  facet normal 0.488618 -0.872498 0
    outer loop
      vertex -2.61249 4.2632 0
      vertex -2.26995 4.45503 3.51
      vertex -2.61249 4.2632 3.51
    endloop
  endfacet
  facet normal 0.488618 -0.872498 0
    outer loop
      vertex -2.26995 4.45503 3.51
      vertex -2.61249 4.2632 0
      vertex -2.26995 4.45503 0
    endloop
  endfacet
  facet normal 0.908136 -0.418675 0
    outer loop
      vertex -4.6194 1.91342 3.51
      vertex -4.45503 2.26995 0
      vertex -4.45503 2.26995 3.51
    endloop
  endfacet
  facet normal 0.908136 -0.418675 0
    outer loop
      vertex -4.45503 2.26995 0
      vertex -4.6194 1.91342 3.51
      vertex -4.6194 1.91342 0
    endloop
  endfacet
  facet normal 0.678811 -0.734313 0
    outer loop
      vertex -3.53553 3.53553 0
      vertex -3.24724 3.80203 3.51
      vertex -3.53553 3.53553 3.51
    endloop
  endfacet
  facet normal 0.678811 -0.734313 0
    outer loop
      vertex -3.24724 3.80203 3.51
      vertex -3.53553 3.53553 0
      vertex -3.24724 3.80203 0
    endloop
  endfacet
  facet normal 0.938198 0.3461 0
    outer loop
      vertex -4.6194 -1.91342 3.51
      vertex -4.75528 -1.54508 0
      vertex -4.75528 -1.54508 3.51
    endloop
  endfacet
  facet normal 0.938198 0.3461 0
    outer loop
      vertex -4.75528 -1.54508 0
      vertex -4.6194 -1.91342 3.51
      vertex -4.6194 -1.91342 0
    endloop
  endfacet
  facet normal -0.980787 0.195083 0
    outer loop
      vertex 4.86185 -1.16723 0
      vertex 4.93844 -0.782172 3.51
      vertex 4.93844 -0.782172 0
    endloop
  endfacet
  facet normal -0.980787 0.195083 0
    outer loop
      vertex 4.93844 -0.782172 3.51
      vertex 4.86185 -1.16723 0
      vertex 4.86185 -1.16723 3.51
    endloop
  endfacet
  facet normal -0.999229 0.0392514 0
    outer loop
      vertex 4.98459 -0.392295 0
      vertex 5 0 3.51
      vertex 5 0 0
    endloop
  endfacet
  facet normal -0.999229 0.0392514 0
    outer loop
      vertex 5 0 3.51
      vertex 4.98459 -0.392295 0
      vertex 4.98459 -0.392295 3.51
    endloop
  endfacet
  facet normal -0.962452 -0.271453 0
    outer loop
      vertex 4.86185 1.16723 0
      vertex 4.75528 1.54508 3.51
      vertex 4.75528 1.54508 0
    endloop
  endfacet
  facet normal -0.962452 -0.271453 0
    outer loop
      vertex 4.75528 1.54508 3.51
      vertex 4.86185 1.16723 0
      vertex 4.86185 1.16723 3.51
    endloop
  endfacet
  facet normal 0.993067 0.11755 0
    outer loop
      vertex -4.93844 -0.782172 3.51
      vertex -4.98459 -0.392295 0
      vertex -4.98459 -0.392295 3.51
    endloop
  endfacet
  facet normal 0.993067 0.11755 0
    outer loop
      vertex -4.98459 -0.392295 0
      vertex -4.93844 -0.782172 3.51
      vertex -4.93844 -0.782172 0
    endloop
  endfacet
  facet normal -0.11755 -0.993067 0
    outer loop
      vertex 0.392295 4.98459 0
      vertex 0.782172 4.93844 3.51
      vertex 0.392295 4.98459 3.51
    endloop
  endfacet
  facet normal -0.11755 -0.993067 -0
    outer loop
      vertex 0.782172 4.93844 3.51
      vertex 0.392295 4.98459 0
      vertex 0.782172 4.93844 0
    endloop
  endfacet
  facet normal 0.11755 0.993067 -0
    outer loop
      vertex -0.392295 -4.98459 0
      vertex -0.782172 -4.93844 3.51
      vertex -0.392295 -4.98459 3.51
    endloop
  endfacet
  facet normal 0.11755 0.993067 0
    outer loop
      vertex -0.782172 -4.93844 3.51
      vertex -0.392295 -4.98459 0
      vertex -0.782172 -4.93844 0
    endloop
  endfacet
  facet normal 0.872498 0.488618 0
    outer loop
      vertex -4.2632 -2.61249 3.51
      vertex -4.45503 -2.26995 0
      vertex -4.45503 -2.26995 3.51
    endloop
  endfacet
  facet normal 0.872498 0.488618 0
    outer loop
      vertex -4.45503 -2.26995 0
      vertex -4.2632 -2.61249 3.51
      vertex -4.2632 -2.61249 0
    endloop
  endfacet
  facet normal -0.872498 -0.488618 0
    outer loop
      vertex 4.45503 2.26995 0
      vertex 4.2632 2.61249 3.51
      vertex 4.2632 2.61249 0
    endloop
  endfacet
  facet normal -0.872498 -0.488618 0
    outer loop
      vertex 4.2632 2.61249 3.51
      vertex 4.45503 2.26995 0
      vertex 4.45503 2.26995 3.51
    endloop
  endfacet
  facet normal -0.962452 0.271453 0
    outer loop
      vertex 4.75528 -1.54508 0
      vertex 4.86185 -1.16723 3.51
      vertex 4.86185 -1.16723 0
    endloop
  endfacet
  facet normal -0.962452 0.271453 0
    outer loop
      vertex 4.86185 -1.16723 3.51
      vertex 4.75528 -1.54508 0
      vertex 4.75528 -1.54508 3.51
    endloop
  endfacet
  facet normal -0.418675 0.908136 0
    outer loop
      vertex 2.26995 -4.45503 0
      vertex 1.91342 -4.6194 3.51
      vertex 2.26995 -4.45503 3.51
    endloop
  endfacet
  facet normal -0.418675 0.908136 0
    outer loop
      vertex 1.91342 -4.6194 3.51
      vertex 2.26995 -4.45503 0
      vertex 1.91342 -4.6194 0
    endloop
  endfacet
  facet normal -0.678811 0.734313 0
    outer loop
      vertex 3.53553 -3.53553 0
      vertex 3.24724 -3.80203 3.51
      vertex 3.53553 -3.53553 3.51
    endloop
  endfacet
  facet normal -0.678811 0.734313 0
    outer loop
      vertex 3.24724 -3.80203 3.51
      vertex 3.53553 -3.53553 0
      vertex 3.24724 -3.80203 0
    endloop
  endfacet
  facet normal 0.55557 -0.83147 0
    outer loop
      vertex -2.93893 4.04508 0
      vertex -2.61249 4.2632 3.51
      vertex -2.93893 4.04508 3.51
    endloop
  endfacet
  facet normal 0.55557 -0.83147 0
    outer loop
      vertex -2.61249 4.2632 3.51
      vertex -2.93893 4.04508 0
      vertex -2.61249 4.2632 0
    endloop
  endfacet
  facet normal 0.785319 0.619091 0
    outer loop
      vertex -3.80203 -3.24724 3.51
      vertex -4.04508 -2.93893 0
      vertex -4.04508 -2.93893 3.51
    endloop
  endfacet
  facet normal 0.785319 0.619091 0
    outer loop
      vertex -4.04508 -2.93893 0
      vertex -3.80203 -3.24724 3.51
      vertex -3.80203 -3.24724 0
    endloop
  endfacet
  facet normal 0.55557 0.83147 -0
    outer loop
      vertex -2.61249 -4.2632 0
      vertex -2.93893 -4.04508 3.51
      vertex -2.61249 -4.2632 3.51
    endloop
  endfacet
  facet normal 0.55557 0.83147 0
    outer loop
      vertex -2.93893 -4.04508 3.51
      vertex -2.61249 -4.2632 0
      vertex -2.93893 -4.04508 0
    endloop
  endfacet
  facet normal 0.0392514 -0.999229 0
    outer loop
      vertex -0.392295 4.98459 0
      vertex 0 5 3.51
      vertex -0.392295 4.98459 3.51
    endloop
  endfacet
  facet normal 0.0392514 -0.999229 0
    outer loop
      vertex 0 5 3.51
      vertex -0.392295 4.98459 0
      vertex 0 5 0
    endloop
  endfacet
  facet normal -0.418675 -0.908136 0
    outer loop
      vertex 1.91342 4.6194 0
      vertex 2.26995 4.45503 3.51
      vertex 1.91342 4.6194 3.51
    endloop
  endfacet
  facet normal -0.418675 -0.908136 -0
    outer loop
      vertex 2.26995 4.45503 3.51
      vertex 1.91342 4.6194 0
      vertex 2.26995 4.45503 0
    endloop
  endfacet
  facet normal 0.195083 0.980787 -0
    outer loop
      vertex -0.782172 -4.93844 0
      vertex -1.16723 -4.86185 3.51
      vertex -0.782172 -4.93844 3.51
    endloop
  endfacet
  facet normal 0.195083 0.980787 0
    outer loop
      vertex -1.16723 -4.86185 3.51
      vertex -0.782172 -4.93844 0
      vertex -1.16723 -4.86185 0
    endloop
  endfacet
  facet normal -0.488618 0.872498 0
    outer loop
      vertex 2.61249 -4.2632 0
      vertex 2.26995 -4.45503 3.51
      vertex 2.61249 -4.2632 3.51
    endloop
  endfacet
  facet normal -0.488618 0.872498 0
    outer loop
      vertex 2.26995 -4.45503 3.51
      vertex 2.61249 -4.2632 0
      vertex 2.26995 -4.45503 0
    endloop
  endfacet
  facet normal -0.55557 -0.83147 0
    outer loop
      vertex 2.61249 4.2632 0
      vertex 2.93893 4.04508 3.51
      vertex 2.61249 4.2632 3.51
    endloop
  endfacet
  facet normal -0.55557 -0.83147 -0
    outer loop
      vertex 2.93893 4.04508 3.51
      vertex 2.61249 4.2632 0
      vertex 2.93893 4.04508 0
    endloop
  endfacet
  facet normal 0.980787 -0.195083 0
    outer loop
      vertex -4.93844 0.782172 3.51
      vertex -4.86185 1.16723 0
      vertex -4.86185 1.16723 3.51
    endloop
  endfacet
  facet normal 0.980787 -0.195083 0
    outer loop
      vertex -4.86185 1.16723 0
      vertex -4.93844 0.782172 3.51
      vertex -4.93844 0.782172 0
    endloop
  endfacet
  facet normal -0.488618 -0.872498 0
    outer loop
      vertex 2.26995 4.45503 0
      vertex 2.61249 4.2632 3.51
      vertex 2.26995 4.45503 3.51
    endloop
  endfacet
  facet normal -0.488618 -0.872498 -0
    outer loop
      vertex 2.61249 4.2632 3.51
      vertex 2.26995 4.45503 0
      vertex 2.61249 4.2632 0
    endloop
  endfacet
  facet normal -0.0392514 0.999229 0
    outer loop
      vertex 0.392295 -4.98459 0
      vertex 0 -5 3.51
      vertex 0.392295 -4.98459 3.51
    endloop
  endfacet
  facet normal -0.0392514 0.999229 0
    outer loop
      vertex 0 -5 3.51
      vertex 0.392295 -4.98459 0
      vertex 0 -5 0
    endloop
  endfacet
  facet normal -0.83147 0.55557 0
    outer loop
      vertex 4.04508 -2.93893 0
      vertex 4.2632 -2.61249 3.51
      vertex 4.2632 -2.61249 0
    endloop
  endfacet
  facet normal -0.83147 0.55557 0
    outer loop
      vertex 4.2632 -2.61249 3.51
      vertex 4.04508 -2.93893 0
      vertex 4.04508 -2.93893 3.51
    endloop
  endfacet
  facet normal -0.195083 0.980787 0
    outer loop
      vertex 1.16723 -4.86185 0
      vertex 0.782172 -4.93844 3.51
      vertex 1.16723 -4.86185 3.51
    endloop
  endfacet
  facet normal -0.195083 0.980787 0
    outer loop
      vertex 0.782172 -4.93844 3.51
      vertex 1.16723 -4.86185 0
      vertex 0.782172 -4.93844 0
    endloop
  endfacet
  facet normal 0.3461 -0.938198 0
    outer loop
      vertex -1.91342 4.6194 0
      vertex -1.54508 4.75528 3.51
      vertex -1.91342 4.6194 3.51
    endloop
  endfacet
  facet normal 0.3461 -0.938198 0
    outer loop
      vertex -1.54508 4.75528 3.51
      vertex -1.91342 4.6194 0
      vertex -1.54508 4.75528 0
    endloop
  endfacet
  facet normal -0.993067 0.11755 0
    outer loop
      vertex 4.93844 -0.782172 0
      vertex 4.98459 -0.392295 3.51
      vertex 4.98459 -0.392295 0
    endloop
  endfacet
  facet normal -0.993067 0.11755 0
    outer loop
      vertex 4.98459 -0.392295 3.51
      vertex 4.93844 -0.782172 0
      vertex 4.93844 -0.782172 3.51
    endloop
  endfacet
  facet normal -0.678811 -0.734313 0
    outer loop
      vertex 3.24724 3.80203 0
      vertex 3.53553 3.53553 3.51
      vertex 3.24724 3.80203 3.51
    endloop
  endfacet
  facet normal -0.678811 -0.734313 -0
    outer loop
      vertex 3.53553 3.53553 3.51
      vertex 3.24724 3.80203 0
      vertex 3.53553 3.53553 0
    endloop
  endfacet
  facet normal -0.938198 -0.3461 0
    outer loop
      vertex 4.75528 1.54508 0
      vertex 4.6194 1.91342 3.51
      vertex 4.6194 1.91342 0
    endloop
  endfacet
  facet normal -0.938198 -0.3461 0
    outer loop
      vertex 4.6194 1.91342 3.51
      vertex 4.75528 1.54508 0
      vertex 4.75528 1.54508 3.51
    endloop
  endfacet
  facet normal 0.908136 0.418675 0
    outer loop
      vertex -4.45503 -2.26995 3.51
      vertex -4.6194 -1.91342 0
      vertex -4.6194 -1.91342 3.51
    endloop
  endfacet
  facet normal 0.908136 0.418675 0
    outer loop
      vertex -4.6194 -1.91342 0
      vertex -4.45503 -2.26995 3.51
      vertex -4.45503 -2.26995 0
    endloop
  endfacet
  facet normal -0.908136 -0.418675 0
    outer loop
      vertex 4.6194 1.91342 0
      vertex 4.45503 2.26995 3.51
      vertex 4.45503 2.26995 0
    endloop
  endfacet
  facet normal -0.908136 -0.418675 0
    outer loop
      vertex 4.45503 2.26995 3.51
      vertex 4.6194 1.91342 0
      vertex 4.6194 1.91342 3.51
    endloop
  endfacet
  facet normal 0.195083 -0.980787 0
    outer loop
      vertex -1.16723 4.86185 0
      vertex -0.782172 4.93844 3.51
      vertex -1.16723 4.86185 3.51
    endloop
  endfacet
  facet normal 0.195083 -0.980787 0
    outer loop
      vertex -0.782172 4.93844 3.51
      vertex -1.16723 4.86185 0
      vertex -0.782172 4.93844 0
    endloop
  endfacet
  facet normal -0.734313 -0.678811 0
    outer loop
      vertex 3.80203 3.24724 0
      vertex 3.53553 3.53553 3.51
      vertex 3.53553 3.53553 0
    endloop
  endfacet
  facet normal -0.734313 -0.678811 0
    outer loop
      vertex 3.53553 3.53553 3.51
      vertex 3.80203 3.24724 0
      vertex 3.80203 3.24724 3.51
    endloop
  endfacet
  facet normal 0.83147 0.55557 0
    outer loop
      vertex -4.04508 -2.93893 3.51
      vertex -4.2632 -2.61249 0
      vertex -4.2632 -2.61249 3.51
    endloop
  endfacet
  facet normal 0.83147 0.55557 0
    outer loop
      vertex -4.2632 -2.61249 0
      vertex -4.04508 -2.93893 3.51
      vertex -4.04508 -2.93893 0
    endloop
  endfacet
  facet normal -0.785319 -0.619091 0
    outer loop
      vertex 4.04508 2.93893 0
      vertex 3.80203 3.24724 3.51
      vertex 3.80203 3.24724 0
    endloop
  endfacet
  facet normal -0.785319 -0.619091 0
    outer loop
      vertex 3.80203 3.24724 3.51
      vertex 4.04508 2.93893 0
      vertex 4.04508 2.93893 3.51
    endloop
  endfacet
  facet normal 0.734313 0.678811 0
    outer loop
      vertex -3.53553 -3.53553 3.51
      vertex -3.80203 -3.24724 0
      vertex -3.80203 -3.24724 3.51
    endloop
  endfacet
  facet normal 0.734313 0.678811 0
    outer loop
      vertex -3.80203 -3.24724 0
      vertex -3.53553 -3.53553 3.51
      vertex -3.53553 -3.53553 0
    endloop
  endfacet
  facet normal 0.999229 0.0392514 0
    outer loop
      vertex -4.98459 -0.392295 3.51
      vertex -5 0 0
      vertex -5 0 3.51
    endloop
  endfacet
  facet normal 0.999229 0.0392514 0
    outer loop
      vertex -5 0 0
      vertex -4.98459 -0.392295 3.51
      vertex -4.98459 -0.392295 0
    endloop
  endfacet
  facet normal 0.11755 -0.993067 0
    outer loop
      vertex -0.782172 4.93844 0
      vertex -0.392295 4.98459 3.51
      vertex -0.782172 4.93844 3.51
    endloop
  endfacet
  facet normal 0.11755 -0.993067 0
    outer loop
      vertex -0.392295 4.98459 3.51
      vertex -0.782172 4.93844 0
      vertex -0.392295 4.98459 0
    endloop
  endfacet
  facet normal 0.938198 -0.3461 0
    outer loop
      vertex -4.75528 1.54508 3.51
      vertex -4.6194 1.91342 0
      vertex -4.6194 1.91342 3.51
    endloop
  endfacet
  facet normal 0.938198 -0.3461 0
    outer loop
      vertex -4.6194 1.91342 0
      vertex -4.75528 1.54508 3.51
      vertex -4.75528 1.54508 0
    endloop
  endfacet
  facet normal -0.3461 0.938198 0
    outer loop
      vertex 1.91342 -4.6194 0
      vertex 1.54508 -4.75528 3.51
      vertex 1.91342 -4.6194 3.51
    endloop
  endfacet
  facet normal -0.3461 0.938198 0
    outer loop
      vertex 1.54508 -4.75528 3.51
      vertex 1.91342 -4.6194 0
      vertex 1.54508 -4.75528 0
    endloop
  endfacet
  facet normal 0.619091 -0.785319 0
    outer loop
      vertex -3.24724 3.80203 0
      vertex -2.93893 4.04508 3.51
      vertex -3.24724 3.80203 3.51
    endloop
  endfacet
  facet normal 0.619091 -0.785319 0
    outer loop
      vertex -2.93893 4.04508 3.51
      vertex -3.24724 3.80203 0
      vertex -2.93893 4.04508 0
    endloop
  endfacet
  facet normal 0.993067 -0.11755 0
    outer loop
      vertex -4.98459 0.392295 3.51
      vertex -4.93844 0.782172 0
      vertex -4.93844 0.782172 3.51
    endloop
  endfacet
  facet normal 0.993067 -0.11755 0
    outer loop
      vertex -4.93844 0.782172 0
      vertex -4.98459 0.392295 3.51
      vertex -4.98459 0.392295 0
    endloop
  endfacet
  facet normal -0.0392514 -0.999229 0
    outer loop
      vertex 0 5 0
      vertex 0.392295 4.98459 3.51
      vertex 0 5 3.51
    endloop
  endfacet
  facet normal -0.0392514 -0.999229 -0
    outer loop
      vertex 0.392295 4.98459 3.51
      vertex 0 5 0
      vertex 0.392295 4.98459 0
    endloop
  endfacet
  facet normal 0.418675 -0.908136 0
    outer loop
      vertex -2.26995 4.45503 0
      vertex -1.91342 4.6194 3.51
      vertex -2.26995 4.45503 3.51
    endloop
  endfacet
  facet normal 0.418675 -0.908136 0
    outer loop
      vertex -1.91342 4.6194 3.51
      vertex -2.26995 4.45503 0
      vertex -1.91342 4.6194 0
    endloop
  endfacet
  facet normal -0.872498 0.488618 0
    outer loop
      vertex 4.2632 -2.61249 0
      vertex 4.45503 -2.26995 3.51
      vertex 4.45503 -2.26995 0
    endloop
  endfacet
  facet normal -0.872498 0.488618 0
    outer loop
      vertex 4.45503 -2.26995 3.51
      vertex 4.2632 -2.61249 0
      vertex 4.2632 -2.61249 3.51
    endloop
  endfacet
  facet normal 0.418675 0.908136 -0
    outer loop
      vertex -1.91342 -4.6194 0
      vertex -2.26995 -4.45503 3.51
      vertex -1.91342 -4.6194 3.51
    endloop
  endfacet
  facet normal 0.418675 0.908136 0
    outer loop
      vertex -2.26995 -4.45503 3.51
      vertex -1.91342 -4.6194 0
      vertex -2.26995 -4.45503 0
    endloop
  endfacet
  facet normal -0.83147 -0.55557 0
    outer loop
      vertex 4.2632 2.61249 0
      vertex 4.04508 2.93893 3.51
      vertex 4.04508 2.93893 0
    endloop
  endfacet
  facet normal -0.83147 -0.55557 0
    outer loop
      vertex 4.04508 2.93893 3.51
      vertex 4.2632 2.61249 0
      vertex 4.2632 2.61249 3.51
    endloop
  endfacet
  facet normal 0.3461 0.938198 -0
    outer loop
      vertex -1.54508 -4.75528 0
      vertex -1.91342 -4.6194 3.51
      vertex -1.54508 -4.75528 3.51
    endloop
  endfacet
  facet normal 0.3461 0.938198 0
    outer loop
      vertex -1.91342 -4.6194 3.51
      vertex -1.54508 -4.75528 0
      vertex -1.91342 -4.6194 0
    endloop
  endfacet
  facet normal -0.271453 0.962452 0
    outer loop
      vertex 1.54508 -4.75528 0
      vertex 1.16723 -4.86185 3.51
      vertex 1.54508 -4.75528 3.51
    endloop
  endfacet
  facet normal -0.271453 0.962452 0
    outer loop
      vertex 1.16723 -4.86185 3.51
      vertex 1.54508 -4.75528 0
      vertex 1.16723 -4.86185 0
    endloop
  endfacet
  facet normal 0.962452 0.271453 0
    outer loop
      vertex -4.75528 -1.54508 3.51
      vertex -4.86185 -1.16723 0
      vertex -4.86185 -1.16723 3.51
    endloop
  endfacet
  facet normal 0.962452 0.271453 0
    outer loop
      vertex -4.86185 -1.16723 0
      vertex -4.75528 -1.54508 3.51
      vertex -4.75528 -1.54508 0
    endloop
  endfacet
  facet normal -0.3461 -0.938198 0
    outer loop
      vertex 1.54508 4.75528 0
      vertex 1.91342 4.6194 3.51
      vertex 1.54508 4.75528 3.51
    endloop
  endfacet
  facet normal -0.3461 -0.938198 -0
    outer loop
      vertex 1.91342 4.6194 3.51
      vertex 1.54508 4.75528 0
      vertex 1.91342 4.6194 0
    endloop
  endfacet
  facet normal 0.0392514 0.999229 -0
    outer loop
      vertex 0 -5 0
      vertex -0.392295 -4.98459 3.51
      vertex 0 -5 3.51
    endloop
  endfacet
  facet normal 0.0392514 0.999229 0
    outer loop
      vertex -0.392295 -4.98459 3.51
      vertex 0 -5 0
      vertex -0.392295 -4.98459 0
    endloop
  endfacet
  facet normal 0.872498 -0.488618 0
    outer loop
      vertex -4.45503 2.26995 3.51
      vertex -4.2632 2.61249 0
      vertex -4.2632 2.61249 3.51
    endloop
  endfacet
  facet normal 0.872498 -0.488618 0
    outer loop
      vertex -4.2632 2.61249 0
      vertex -4.45503 2.26995 3.51
      vertex -4.45503 2.26995 0
    endloop
  endfacet
  facet normal 0.999229 -0.0392514 0
    outer loop
      vertex -5 0 3.51
      vertex -4.98459 0.392295 0
      vertex -4.98459 0.392295 3.51
    endloop
  endfacet
  facet normal 0.999229 -0.0392514 0
    outer loop
      vertex -4.98459 0.392295 0
      vertex -5 0 3.51
      vertex -5 0 0
    endloop
  endfacet
  facet normal 0.980787 0.195083 0
    outer loop
      vertex -4.86185 -1.16723 3.51
      vertex -4.93844 -0.782172 0
      vertex -4.93844 -0.782172 3.51
    endloop
  endfacet
  facet normal 0.980787 0.195083 0
    outer loop
      vertex -4.93844 -0.782172 0
      vertex -4.86185 -1.16723 3.51
      vertex -4.86185 -1.16723 0
    endloop
  endfacet
  facet normal 0.962452 -0.271453 0
    outer loop
      vertex -4.86185 1.16723 3.51
      vertex -4.75528 1.54508 0
      vertex -4.75528 1.54508 3.51
    endloop
  endfacet
  facet normal 0.962452 -0.271453 0
    outer loop
      vertex -4.75528 1.54508 0
      vertex -4.86185 1.16723 3.51
      vertex -4.86185 1.16723 0
    endloop
  endfacet
  facet normal 0.271453 0.962452 -0
    outer loop
      vertex -1.16723 -4.86185 0
      vertex -1.54508 -4.75528 3.51
      vertex -1.16723 -4.86185 3.51
    endloop
  endfacet
  facet normal 0.271453 0.962452 0
    outer loop
      vertex -1.54508 -4.75528 3.51
      vertex -1.16723 -4.86185 0
      vertex -1.54508 -4.75528 0
    endloop
  endfacet
  facet normal 0.734313 -0.678811 0
    outer loop
      vertex -3.80203 3.24724 3.51
      vertex -3.53553 3.53553 0
      vertex -3.53553 3.53553 3.51
    endloop
  endfacet
  facet normal 0.734313 -0.678811 0
    outer loop
      vertex -3.53553 3.53553 0
      vertex -3.80203 3.24724 3.51
      vertex -3.80203 3.24724 0
    endloop
  endfacet
  facet normal 0.785319 -0.619091 0
    outer loop
      vertex -4.04508 2.93893 3.51
      vertex -3.80203 3.24724 0
      vertex -3.80203 3.24724 3.51
    endloop
  endfacet
  facet normal 0.785319 -0.619091 0
    outer loop
      vertex -3.80203 3.24724 0
      vertex -4.04508 2.93893 3.51
      vertex -4.04508 2.93893 0
    endloop
  endfacet
  facet normal 0.488618 0.872498 -0
    outer loop
      vertex -2.26995 -4.45503 0
      vertex -2.61249 -4.2632 3.51
      vertex -2.26995 -4.45503 3.51
    endloop
  endfacet
  facet normal 0.488618 0.872498 0
    outer loop
      vertex -2.61249 -4.2632 3.51
      vertex -2.26995 -4.45503 0
      vertex -2.61249 -4.2632 0
    endloop
  endfacet
  facet normal -0.195083 -0.980787 0
    outer loop
      vertex 0.782172 4.93844 0
      vertex 1.16723 4.86185 3.51
      vertex 0.782172 4.93844 3.51
    endloop
  endfacet
  facet normal -0.195083 -0.980787 -0
    outer loop
      vertex 1.16723 4.86185 3.51
      vertex 0.782172 4.93844 0
      vertex 1.16723 4.86185 0
    endloop
  endfacet
  facet normal -0.619091 0.785319 0
    outer loop
      vertex 3.24724 -3.80203 0
      vertex 2.93893 -4.04508 3.51
      vertex 3.24724 -3.80203 3.51
    endloop
  endfacet
  facet normal -0.619091 0.785319 0
    outer loop
      vertex 2.93893 -4.04508 3.51
      vertex 3.24724 -3.80203 0
      vertex 2.93893 -4.04508 0
    endloop
  endfacet
  facet normal -0.5 -0.866026 0
    outer loop
      vertex -52 -30.0222 6
      vertex 0 -60.0444 58
      vertex -52 -30.0222 58
    endloop
  endfacet
  facet normal -0.5 -0.866026 -0
    outer loop
      vertex 0 -60.0444 58
      vertex -52 -30.0222 6
      vertex 0 -60.0444 6
    endloop
  endfacet
  facet normal -0.5 0.866026 0
    outer loop
      vertex 0 60.0444 6
      vertex -52 30.0222 58
      vertex 0 60.0444 58
    endloop
  endfacet
  facet normal -0.5 0.866026 0
    outer loop
      vertex -52 30.0222 58
      vertex 0 60.0444 6
      vertex -52 30.0222 6
    endloop
  endfacet
  facet normal 0.5 0.866026 -0
    outer loop
      vertex 52 30.0222 6
      vertex 0 60.0444 58
      vertex 52 30.0222 58
    endloop
  endfacet
  facet normal 0.5 0.866026 0
    outer loop
      vertex 0 60.0444 58
      vertex 52 30.0222 6
      vertex 0 60.0444 6
    endloop
  endfacet
  facet normal 0 0 -1
    outer loop
      vertex 52 -30.0222 6
      vertex 48 0 6
      vertex 52 30.0222 6
    endloop
  endfacet
  facet normal 0 0 -1
    outer loop
      vertex 52 -30.0222 6
      vertex 47.852 -3.76604 6
      vertex 48 0 6
    endloop
  endfacet
  facet normal 0 0 -1
    outer loop
      vertex 52 -30.0222 6
      vertex 47.409 -7.50885 6
      vertex 47.852 -3.76604 6
    endloop
  endfacet
  facet normal 0 0 -1
    outer loop
      vertex 52 -30.0222 6
      vertex 46.6738 -11.2054 6
      vertex 47.409 -7.50885 6
    endloop
  endfacet
  facet normal 0 0 -1
    outer loop
      vertex 52 -30.0222 6
      vertex 45.6507 -14.8328 6
      vertex 46.6738 -11.2054 6
    endloop
  endfacet
  facet normal 0 0 -1
    outer loop
      vertex 52 -30.0222 6
      vertex 44.3462 -18.3688 6
      vertex 45.6507 -14.8328 6
    endloop
  endfacet
  facet normal 0 0 -1
    outer loop
      vertex 52 -30.0222 6
      vertex 42.7683 -21.7915 6
      vertex 44.3462 -18.3688 6
    endloop
  endfacet
  facet normal 0 0 -1
    outer loop
      vertex 52 -30.0222 6
      vertex 40.9267 -25.0799 6
      vertex 42.7683 -21.7915 6
    endloop
  endfacet
  facet normal 0 0 -1
    outer loop
      vertex 52 -30.0222 6
      vertex 38.8328 -28.2137 6
      vertex 40.9267 -25.0799 6
    endloop
  endfacet
  facet normal -0 0 -1
    outer loop
      vertex 52 -30.0222 6
      vertex 36.4995 -31.1735 6
      vertex 38.8328 -28.2137 6
    endloop
  endfacet
  facet normal 0 0 -1
    outer loop
      vertex 52 -30.0222 6
      vertex 33.9411 -33.9411 6
      vertex 36.4995 -31.1735 6
    endloop
  endfacet
  facet normal 0 0 -1
    outer loop
      vertex 52 -30.0222 6
      vertex 31.1735 -36.4995 6
      vertex 33.9411 -33.9411 6
    endloop
  endfacet
  facet normal 0 0 -1
    outer loop
      vertex 52 -30.0222 6
      vertex 28.2137 -38.8328 6
      vertex 31.1735 -36.4995 6
    endloop
  endfacet
  facet normal 0 0 -1
    outer loop
      vertex 52 -30.0222 6
      vertex 25.0799 -40.9267 6
      vertex 28.2137 -38.8328 6
    endloop
  endfacet
  facet normal 0 0 -1
    outer loop
      vertex 0 -60.0444 6
      vertex 25.0799 -40.9267 6
      vertex 52 -30.0222 6
    endloop
  endfacet
  facet normal 0 0 -1
    outer loop
      vertex 25.0799 -40.9267 6
      vertex 0 -60.0444 6
      vertex 21.7915 -42.7683 6
    endloop
  endfacet
  facet normal 0 0 -1
    outer loop
      vertex 21.7915 -42.7683 6
      vertex 0 -60.0444 6
      vertex 18.3688 -44.3462 6
    endloop
  endfacet
  facet normal 0 0 -1
    outer loop
      vertex 0 -60.0444 6
      vertex 14.8328 -45.6507 6
      vertex 18.3688 -44.3462 6
    endloop
  endfacet
  facet normal 0 0 -1
    outer loop
      vertex 0 -60.0444 6
      vertex 11.2054 -46.6738 6
      vertex 14.8328 -45.6507 6
    endloop
  endfacet
  facet normal 0 0 -1
    outer loop
      vertex 0 -60.0444 6
      vertex 7.50885 -47.409 6
      vertex 11.2054 -46.6738 6
    endloop
  endfacet
  facet normal 0 0 -1
    outer loop
      vertex 0 -60.0444 6
      vertex 3.76604 -47.852 6
      vertex 7.50885 -47.409 6
    endloop
  endfacet
  facet normal 0 0 -1
    outer loop
      vertex 0 -60.0444 6
      vertex 0 -48 6
      vertex 3.76604 -47.852 6
    endloop
  endfacet
  facet normal 0 0 -1
    outer loop
      vertex 0 -60.0444 6
      vertex -3.76604 -47.852 6
      vertex 0 -48 6
    endloop
  endfacet
  facet normal 0 0 -1
    outer loop
      vertex 0 -60.0444 6
      vertex -7.50885 -47.409 6
      vertex -3.76604 -47.852 6
    endloop
  endfacet
  facet normal 0 0 -1
    outer loop
      vertex 0 -60.0444 6
      vertex -11.2054 -46.6738 6
      vertex -7.50885 -47.409 6
    endloop
  endfacet
  facet normal 0 0 -1
    outer loop
      vertex 0 -60.0444 6
      vertex -14.8328 -45.6507 6
      vertex -11.2054 -46.6738 6
    endloop
  endfacet
  facet normal 0 0 -1
    outer loop
      vertex 0 -60.0444 6
      vertex -18.3688 -44.3462 6
      vertex -14.8328 -45.6507 6
    endloop
  endfacet
  facet normal 0 0 -1
    outer loop
      vertex 0 -60.0444 6
      vertex -21.7915 -42.7683 6
      vertex -18.3688 -44.3462 6
    endloop
  endfacet
  facet normal 0 0 -1
    outer loop
      vertex 0 -60.0444 6
      vertex -25.0799 -40.9267 6
      vertex -21.7915 -42.7683 6
    endloop
  endfacet
  facet normal 0 0 -1
    outer loop
      vertex -52 -30.0222 6
      vertex -25.0799 -40.9267 6
      vertex 0 -60.0444 6
    endloop
  endfacet
  facet normal -0 0 -1
    outer loop
      vertex -47.852 -3.76604 6
      vertex -52 -30.0222 6
      vertex -48 0 6
    endloop
  endfacet
  facet normal -0 0 -1
    outer loop
      vertex -47.409 -7.50885 6
      vertex -52 -30.0222 6
      vertex -47.852 -3.76604 6
    endloop
  endfacet
  facet normal -0 0 -1
    outer loop
      vertex -46.6738 -11.2054 6
      vertex -52 -30.0222 6
      vertex -47.409 -7.50885 6
    endloop
  endfacet
  facet normal -0 0 -1
    outer loop
      vertex -45.6507 -14.8328 6
      vertex -52 -30.0222 6
      vertex -46.6738 -11.2054 6
    endloop
  endfacet
  facet normal -0 0 -1
    outer loop
      vertex -44.3462 -18.3688 6
      vertex -52 -30.0222 6
      vertex -45.6507 -14.8328 6
    endloop
  endfacet
  facet normal -0 0 -1
    outer loop
      vertex -42.7683 -21.7915 6
      vertex -52 -30.0222 6
      vertex -44.3462 -18.3688 6
    endloop
  endfacet
  facet normal -0 0 -1
    outer loop
      vertex -40.9267 -25.0799 6
      vertex -52 -30.0222 6
      vertex -42.7683 -21.7915 6
    endloop
  endfacet
  facet normal -0 0 -1
    outer loop
      vertex -38.8328 -28.2137 6
      vertex -52 -30.0222 6
      vertex -40.9267 -25.0799 6
    endloop
  endfacet
  facet normal 0 0 -1
    outer loop
      vertex -36.4995 -31.1735 6
      vertex -52 -30.0222 6
      vertex -38.8328 -28.2137 6
    endloop
  endfacet
  facet normal 0 0 -1
    outer loop
      vertex -33.9411 -33.9411 6
      vertex -52 -30.0222 6
      vertex -36.4995 -31.1735 6
    endloop
  endfacet
  facet normal 0 0 -1
    outer loop
      vertex -31.1735 -36.4995 6
      vertex -52 -30.0222 6
      vertex -33.9411 -33.9411 6
    endloop
  endfacet
  facet normal 0 0 -1
    outer loop
      vertex -28.2137 -38.8328 6
      vertex -52 -30.0222 6
      vertex -31.1735 -36.4995 6
    endloop
  endfacet
  facet normal 0 0 -1
    outer loop
      vertex -25.0799 -40.9267 6
      vertex -52 -30.0222 6
      vertex -28.2137 -38.8328 6
    endloop
  endfacet
  facet normal 0 0 -1
    outer loop
      vertex 47.852 3.76604 6
      vertex 52 30.0222 6
      vertex 48 0 6
    endloop
  endfacet
  facet normal 0 0 -1
    outer loop
      vertex 47.409 7.50885 6
      vertex 52 30.0222 6
      vertex 47.852 3.76604 6
    endloop
  endfacet
  facet normal 0 0 -1
    outer loop
      vertex 46.6738 11.2054 6
      vertex 52 30.0222 6
      vertex 47.409 7.50885 6
    endloop
  endfacet
  facet normal 0 0 -1
    outer loop
      vertex 45.6507 14.8328 6
      vertex 52 30.0222 6
      vertex 46.6738 11.2054 6
    endloop
  endfacet
  facet normal 0 0 -1
    outer loop
      vertex 44.3462 18.3688 6
      vertex 52 30.0222 6
      vertex 45.6507 14.8328 6
    endloop
  endfacet
  facet normal 0 0 -1
    outer loop
      vertex 42.7683 21.7915 6
      vertex 52 30.0222 6
      vertex 44.3462 18.3688 6
    endloop
  endfacet
  facet normal 0 0 -1
    outer loop
      vertex 40.9267 25.0799 6
      vertex 52 30.0222 6
      vertex 42.7683 21.7915 6
    endloop
  endfacet
  facet normal 0 0 -1
    outer loop
      vertex 38.8328 28.2137 6
      vertex 52 30.0222 6
      vertex 40.9267 25.0799 6
    endloop
  endfacet
  facet normal 0 0 -1
    outer loop
      vertex 36.4995 31.1735 6
      vertex 52 30.0222 6
      vertex 38.8328 28.2137 6
    endloop
  endfacet
  facet normal 0 0 -1
    outer loop
      vertex 33.9411 33.9411 6
      vertex 52 30.0222 6
      vertex 36.4995 31.1735 6
    endloop
  endfacet
  facet normal 0 0 -1
    outer loop
      vertex 31.1735 36.4995 6
      vertex 52 30.0222 6
      vertex 33.9411 33.9411 6
    endloop
  endfacet
  facet normal 0 0 -1
    outer loop
      vertex 28.2137 38.8328 6
      vertex 52 30.0222 6
      vertex 31.1735 36.4995 6
    endloop
  endfacet
  facet normal 0 0 -1
    outer loop
      vertex 25.0799 40.9267 6
      vertex 52 30.0222 6
      vertex 28.2137 38.8328 6
    endloop
  endfacet
  facet normal 0 0 -1
    outer loop
      vertex 0 60.0444 6
      vertex 25.0799 40.9267 6
      vertex 21.7915 42.7683 6
    endloop
  endfacet
  facet normal 0 0 -1
    outer loop
      vertex 0 60.0444 6
      vertex 21.7915 42.7683 6
      vertex 18.3688 44.3462 6
    endloop
  endfacet
  facet normal 0 0 -1
    outer loop
      vertex 25.0799 40.9267 6
      vertex 0 60.0444 6
      vertex 52 30.0222 6
    endloop
  endfacet
  facet normal 0 0 -1
    outer loop
      vertex 14.8328 45.6507 6
      vertex 0 60.0444 6
      vertex 18.3688 44.3462 6
    endloop
  endfacet
  facet normal 0 0 -1
    outer loop
      vertex 11.2054 46.6738 6
      vertex 0 60.0444 6
      vertex 14.8328 45.6507 6
    endloop
  endfacet
  facet normal 0 0 -1
    outer loop
      vertex 7.50885 47.409 6
      vertex 0 60.0444 6
      vertex 11.2054 46.6738 6
    endloop
  endfacet
  facet normal 0 0 -1
    outer loop
      vertex 3.76604 47.852 6
      vertex 0 60.0444 6
      vertex 7.50885 47.409 6
    endloop
  endfacet
  facet normal 0 0 -1
    outer loop
      vertex 0 48 6
      vertex 0 60.0444 6
      vertex 3.76604 47.852 6
    endloop
  endfacet
  facet normal 0 0 -1
    outer loop
      vertex -3.76604 47.852 6
      vertex 0 60.0444 6
      vertex 0 48 6
    endloop
  endfacet
  facet normal 0 0 -1
    outer loop
      vertex -7.50885 47.409 6
      vertex 0 60.0444 6
      vertex -3.76604 47.852 6
    endloop
  endfacet
  facet normal 0 0 -1
    outer loop
      vertex -11.2054 46.6738 6
      vertex 0 60.0444 6
      vertex -7.50885 47.409 6
    endloop
  endfacet
  facet normal 0 0 -1
    outer loop
      vertex -14.8328 45.6507 6
      vertex 0 60.0444 6
      vertex -11.2054 46.6738 6
    endloop
  endfacet
  facet normal 0 0 -1
    outer loop
      vertex -18.3688 44.3462 6
      vertex 0 60.0444 6
      vertex -14.8328 45.6507 6
    endloop
  endfacet
  facet normal 0 0 -1
    outer loop
      vertex -21.7915 42.7683 6
      vertex 0 60.0444 6
      vertex -18.3688 44.3462 6
    endloop
  endfacet
  facet normal 0 0 -1
    outer loop
      vertex -25.0799 40.9267 6
      vertex 0 60.0444 6
      vertex -21.7915 42.7683 6
    endloop
  endfacet
  facet normal 0 0 -1
    outer loop
      vertex -52 30.0222 6
      vertex -25.0799 40.9267 6
      vertex -28.2137 38.8328 6
    endloop
  endfacet
  facet normal 0 0 -1
    outer loop
      vertex -52 30.0222 6
      vertex -48 0 6
      vertex -52 -30.0222 6
    endloop
  endfacet
  facet normal 0 0 -1
    outer loop
      vertex -48 0 6
      vertex -52 30.0222 6
      vertex -47.852 3.76604 6
    endloop
  endfacet
  facet normal -0 0 -1
    outer loop
      vertex -25.0799 40.9267 6
      vertex -52 30.0222 6
      vertex 0 60.0444 6
    endloop
  endfacet
  facet normal -0 0 -1
    outer loop
      vertex -31.1735 36.4995 6
      vertex -52 30.0222 6
      vertex -28.2137 38.8328 6
    endloop
  endfacet
  facet normal -0 0 -1
    outer loop
      vertex -33.9411 33.9411 6
      vertex -52 30.0222 6
      vertex -31.1735 36.4995 6
    endloop
  endfacet
  facet normal -0 0 -1
    outer loop
      vertex -36.4995 31.1735 6
      vertex -52 30.0222 6
      vertex -33.9411 33.9411 6
    endloop
  endfacet
  facet normal 0 0 -1
    outer loop
      vertex -38.8328 28.2137 6
      vertex -52 30.0222 6
      vertex -36.4995 31.1735 6
    endloop
  endfacet
  facet normal 0 0 -1
    outer loop
      vertex -40.9267 25.0799 6
      vertex -52 30.0222 6
      vertex -38.8328 28.2137 6
    endloop
  endfacet
  facet normal 0 0 -1
    outer loop
      vertex -42.7683 21.7915 6
      vertex -52 30.0222 6
      vertex -40.9267 25.0799 6
    endloop
  endfacet
  facet normal 0 0 -1
    outer loop
      vertex -44.3462 18.3688 6
      vertex -52 30.0222 6
      vertex -42.7683 21.7915 6
    endloop
  endfacet
  facet normal 0 0 -1
    outer loop
      vertex -45.6507 14.8328 6
      vertex -52 30.0222 6
      vertex -44.3462 18.3688 6
    endloop
  endfacet
  facet normal 0 0 -1
    outer loop
      vertex -46.6738 11.2054 6
      vertex -52 30.0222 6
      vertex -45.6507 14.8328 6
    endloop
  endfacet
  facet normal 0 0 -1
    outer loop
      vertex -47.409 7.50885 6
      vertex -52 30.0222 6
      vertex -46.6738 11.2054 6
    endloop
  endfacet
  facet normal 0 0 -1
    outer loop
      vertex -47.852 3.76604 6
      vertex -52 30.0222 6
      vertex -47.409 7.50885 6
    endloop
  endfacet
  facet normal -0.000622494 0.00108253 0.999999
    outer loop
      vertex 0 60.0444 58
      vertex -9.48336 47.0163 58.0082
      vertex 0 50.8068 58.01
    endloop
  endfacet
  facet normal -0.000621684 0.00108194 0.999999
    outer loop
      vertex 0 60.0444 58
      vertex -11.2054 46.6738 58.0075
      vertex -9.48336 47.0163 58.0082
    endloop
  endfacet
  facet normal -0.000640398 0.00109763 0.999999
    outer loop
      vertex 0 60.0444 58
      vertex -14.8328 45.6507 58.0063
      vertex -11.2054 46.6738 58.0075
    endloop
  endfacet
  facet normal -0.000625526 0.0010823 0.999999
    outer loop
      vertex 0 60.0444 58
      vertex -18.3688 44.3462 58.0055
      vertex -14.8328 45.6507 58.0063
    endloop
  endfacet
  facet normal -0.000604448 0.00105764 0.999999
    outer loop
      vertex 0 60.0444 58
      vertex -21.7915 42.7683 58.0051
      vertex -18.3688 44.3462 58.0055
    endloop
  endfacet
  facet normal -0.000666672 0.00113612 0.999999
    outer loop
      vertex 0 60.0444 58
      vertex -25.0799 40.9267 58.005
      vertex -21.7915 42.7683 58.0051
    endloop
  endfacet
  facet normal -0.000622436 0.00107809 0.999999
    outer loop
      vertex -52 30.0222 58
      vertex -25.0799 40.9267 58.005
      vertex 0 60.0444 58
    endloop
  endfacet
  facet normal -0.000757978 0.00141271 0.999999
    outer loop
      vertex -25.0799 40.9267 58.005
      vertex -52 30.0222 58
      vertex -25.618 40.5672 58.0051
    endloop
  endfacet
  facet normal 0.5 -0.866026 0
    outer loop
      vertex 0 -60.0444 6
      vertex 52 -30.0222 58
      vertex 0 -60.0444 58
    endloop
  endfacet
  facet normal 0.5 -0.866026 0
    outer loop
      vertex 52 -30.0222 58
      vertex 0 -60.0444 6
      vertex 52 -30.0222 6
    endloop
  endfacet
  facet normal -1 0 0
    outer loop
      vertex -52 -30.0222 6
      vertex -52 30.0222 58
      vertex -52 30.0222 6
    endloop
  endfacet
  facet normal -1 -0 0
    outer loop
      vertex -52 30.0222 58
      vertex -52 -30.0222 6
      vertex -52 -30.0222 58
    endloop
  endfacet
  facet normal 1 -0 0
    outer loop
      vertex 52 -30.0222 58
      vertex 52 30.0222 6
      vertex 52 30.0222 58
    endloop
  endfacet
  facet normal 1 0 0
    outer loop
      vertex 52 30.0222 6
      vertex 52 -30.0222 58
      vertex 52 -30.0222 6
    endloop
  endfacet
  facet normal -0.000625 -0.00108253 0.999999
    outer loop
      vertex -52 -30.0222 58
      vertex -38.5825 -28.5312 58.01
      vertex -44 -25.4034 58.01
    endloop
  endfacet
  facet normal -0.000623395 -0.00109697 0.999999
    outer loop
      vertex -38.5825 -28.5312 58.01
      vertex -52 -30.0222 58
      vertex -36.4995 -31.1735 58.0084
    endloop
  endfacet
  facet normal -0.000622211 -0.00108103 0.999999
    outer loop
      vertex -36.4995 -31.1735 58.0084
      vertex -52 -30.0222 58
      vertex -33.9411 -33.9411 58.007
    endloop
  endfacet
  facet normal -0.000595826 -0.00100703 0.999999
    outer loop
      vertex -28.2137 -38.8328 58.0053
      vertex -52 -30.0222 58
      vertex -25.618 -40.5672 58.0051
    endloop
  endfacet
  facet normal -0.000629913 -0.00109905 0.999999
    outer loop
      vertex -31.1735 -36.4995 58.006
      vertex -52 -30.0222 58
      vertex -28.2137 -38.8328 58.0053
    endloop
  endfacet
  facet normal -0.00061737 -0.00105872 0.999999
    outer loop
      vertex -33.9411 -33.9411 58.007
      vertex -52 -30.0222 58
      vertex -31.1735 -36.4995 58.006
    endloop
  endfacet
  facet normal -0.000615913 -0.00106681 0.999999
    outer loop
      vertex -7.50885 -47.409 58.009
      vertex 0 -50.8068 58.01
      vertex -5.46643 -47.6508 58.01
    endloop
  endfacet
  facet normal -0.000618451 -0.00107242 0.999999
    outer loop
      vertex 0 -50.8068 58.01
      vertex -7.50885 -47.409 58.009
      vertex -9.48336 -47.0163 58.0082
    endloop
  endfacet
  facet normal -0.000615913 0.00106681 0.999999
    outer loop
      vertex 0 50.8068 58.01
      vertex -7.50885 47.409 58.009
      vertex -5.46643 47.6508 58.01
    endloop
  endfacet
  facet normal -0.000618451 0.00107242 0.999999
    outer loop
      vertex -7.50885 47.409 58.009
      vertex 0 50.8068 58.01
      vertex -9.48336 47.0163 58.0082
    endloop
  endfacet
  facet normal -0.000623395 0.00109697 0.999999
    outer loop
      vertex -52 30.0222 58
      vertex -38.5825 28.5312 58.01
      vertex -36.4995 31.1735 58.0084
    endloop
  endfacet
  facet normal -0.000622211 0.00108103 0.999999
    outer loop
      vertex -52 30.0222 58
      vertex -36.4995 31.1735 58.0084
      vertex -33.9411 33.9411 58.007
    endloop
  endfacet
  facet normal -0.00061737 0.00105872 0.999999
    outer loop
      vertex -52 30.0222 58
      vertex -33.9411 33.9411 58.007
      vertex -31.1735 36.4995 58.006
    endloop
  endfacet
  facet normal -0.000625 0.00108253 0.999999
    outer loop
      vertex -38.5825 28.5312 58.01
      vertex -52 30.0222 58
      vertex -44 25.4034 58.01
    endloop
  endfacet
  facet normal -0.000629913 0.00109905 0.999999
    outer loop
      vertex -28.2137 38.8328 58.0053
      vertex -52 30.0222 58
      vertex -31.1735 36.4995 58.006
    endloop
  endfacet
  facet normal -0.000595826 0.00100703 0.999999
    outer loop
      vertex -52 30.0222 58
      vertex -28.2137 38.8328 58.0053
      vertex -25.618 40.5672 58.0051
    endloop
  endfacet
  facet normal 0.00125 0 0.999999
    outer loop
      vertex 52 30.0222 58
      vertex 48 0 58.005
      vertex 52 -30.0222 58
    endloop
  endfacet
  facet normal 0.00127308 -3.07575e-06 0.999999
    outer loop
      vertex 52 30.0222 58
      vertex 47.852 3.76604 58.0052
      vertex 48 0 58.005
    endloop
  endfacet
  facet normal 0.0012001 8.45464e-06 0.999999
    outer loop
      vertex 52 30.0222 58
      vertex 47.409 7.50885 58.0057
      vertex 47.852 3.76604 58.0052
    endloop
  endfacet
  facet normal 0.00130012 -1.1943e-05 0.999999
    outer loop
      vertex 52 30.0222 58
      vertex 46.6738 11.2054 58.0067
      vertex 47.409 7.50885 58.0057
    endloop
  endfacet
  facet normal 0.00121549 1.20122e-05 0.999999
    outer loop
      vertex 52 30.0222 58
      vertex 45.6507 14.8328 58.0079
      vertex 46.6738 11.2054 58.0067
    endloop
  endfacet
  facet normal 0.00127187 -1.15521e-05 0.999999
    outer loop
      vertex 52 30.0222 58
      vertex 44.3462 18.3688 58.0096
      vertex 45.6507 14.8328 58.0079
    endloop
  endfacet
  facet normal 0.00125 -0 0.999999
    outer loop
      vertex 44 19.1198 58.01
      vertex 52 30.0222 58
      vertex 44 25.4034 58.01
    endloop
  endfacet
  facet normal 0.0012135 2.67827e-05 0.999999
    outer loop
      vertex 52 30.0222 58
      vertex 44 19.1198 58.01
      vertex 44.3462 18.3688 58.0096
    endloop
  endfacet
  facet normal 0.00127308 3.07575e-06 0.999999
    outer loop
      vertex 47.852 -3.76604 58.0052
      vertex 52 -30.0222 58
      vertex 48 0 58.005
    endloop
  endfacet
  facet normal 0.0012001 -8.45464e-06 0.999999
    outer loop
      vertex 47.409 -7.50885 58.0057
      vertex 52 -30.0222 58
      vertex 47.852 -3.76604 58.0052
    endloop
  endfacet
  facet normal 0.00130012 1.1943e-05 0.999999
    outer loop
      vertex 46.6738 -11.2054 58.0067
      vertex 52 -30.0222 58
      vertex 47.409 -7.50885 58.0057
    endloop
  endfacet
  facet normal 0.00121549 -1.20122e-05 0.999999
    outer loop
      vertex 45.6507 -14.8328 58.0079
      vertex 52 -30.0222 58
      vertex 46.6738 -11.2054 58.0067
    endloop
  endfacet
  facet normal 0.00127187 1.15521e-05 0.999999
    outer loop
      vertex 44.3462 -18.3688 58.0096
      vertex 52 -30.0222 58
      vertex 45.6507 -14.8328 58.0079
    endloop
  endfacet
  facet normal 0.0012135 -2.67827e-05 0.999999
    outer loop
      vertex 44 -19.1198 58.01
      vertex 52 -30.0222 58
      vertex 44.3462 -18.3688 58.0096
    endloop
  endfacet
  facet normal 0.00125 0 0.999999
    outer loop
      vertex 52 -30.0222 58
      vertex 44 -19.1198 58.01
      vertex 44 -25.4034 58.01
    endloop
  endfacet
  facet normal -0.00125 0 0.999999
    outer loop
      vertex -52 30.0222 58
      vertex -44 19.1198 58.01
      vertex -44 25.4034 58.01
    endloop
  endfacet
  facet normal -0.0012135 2.67827e-05 0.999999
    outer loop
      vertex -44 19.1198 58.01
      vertex -52 30.0222 58
      vertex -44.3462 18.3688 58.0096
    endloop
  endfacet
  facet normal -0.00127187 -1.15521e-05 0.999999
    outer loop
      vertex -44.3462 18.3688 58.0096
      vertex -52 30.0222 58
      vertex -45.6507 14.8328 58.0079
    endloop
  endfacet
  facet normal -0.00121549 1.20122e-05 0.999999
    outer loop
      vertex -45.6507 14.8328 58.0079
      vertex -52 30.0222 58
      vertex -46.6738 11.2054 58.0067
    endloop
  endfacet
  facet normal -0.00127308 -3.07575e-06 0.999999
    outer loop
      vertex -47.852 3.76604 58.0052
      vertex -52 30.0222 58
      vertex -48 0 58.005
    endloop
  endfacet
  facet normal -0.0012001 8.45464e-06 0.999999
    outer loop
      vertex -47.409 7.50885 58.0057
      vertex -52 30.0222 58
      vertex -47.852 3.76604 58.0052
    endloop
  endfacet
  facet normal -0.00130012 -1.1943e-05 0.999999
    outer loop
      vertex -46.6738 11.2054 58.0067
      vertex -52 30.0222 58
      vertex -47.409 7.50885 58.0057
    endloop
  endfacet
  facet normal -0.0012135 -2.67827e-05 0.999999
    outer loop
      vertex -52 -30.0222 58
      vertex -44 -19.1198 58.01
      vertex -44.3462 -18.3688 58.0096
    endloop
  endfacet
  facet normal -0.00127187 1.15521e-05 0.999999
    outer loop
      vertex -52 -30.0222 58
      vertex -44.3462 -18.3688 58.0096
      vertex -45.6507 -14.8328 58.0079
    endloop
  endfacet
  facet normal -0.00121549 -1.20122e-05 0.999999
    outer loop
      vertex -52 -30.0222 58
      vertex -45.6507 -14.8328 58.0079
      vertex -46.6738 -11.2054 58.0067
    endloop
  endfacet
  facet normal -0.00130012 1.1943e-05 0.999999
    outer loop
      vertex -52 -30.0222 58
      vertex -46.6738 -11.2054 58.0067
      vertex -47.409 -7.50885 58.0057
    endloop
  endfacet
  facet normal -0.00125 0 0.999999
    outer loop
      vertex -52 -30.0222 58
      vertex -48 0 58.005
      vertex -52 30.0222 58
    endloop
  endfacet
  facet normal -0.00127308 3.07575e-06 0.999999
    outer loop
      vertex -48 0 58.005
      vertex -52 -30.0222 58
      vertex -47.852 -3.76604 58.0052
    endloop
  endfacet
  facet normal -0.00125 0 0.999999
    outer loop
      vertex -44 -19.1198 58.01
      vertex -52 -30.0222 58
      vertex -44 -25.4034 58.01
    endloop
  endfacet
  facet normal -0.0012001 -8.45464e-06 0.999999
    outer loop
      vertex -47.852 -3.76604 58.0052
      vertex -52 -30.0222 58
      vertex -47.409 -7.50885 58.0057
    endloop
  endfacet
  facet normal 0.000625 0.00108253 0.999999
    outer loop
      vertex 52 30.0222 58
      vertex 38.5825 28.5312 58.01
      vertex 44 25.4034 58.01
    endloop
  endfacet
  facet normal 0.000623395 0.00109697 0.999999
    outer loop
      vertex 52 30.0222 58
      vertex 36.4995 31.1735 58.0084
      vertex 38.5825 28.5312 58.01
    endloop
  endfacet
  facet normal 0.000622211 0.00108103 0.999999
    outer loop
      vertex 52 30.0222 58
      vertex 33.9411 33.9411 58.007
      vertex 36.4995 31.1735 58.0084
    endloop
  endfacet
  facet normal 0.00061737 0.00105872 0.999999
    outer loop
      vertex 52 30.0222 58
      vertex 31.1735 36.4995 58.006
      vertex 33.9411 33.9411 58.007
    endloop
  endfacet
  facet normal 0.000629913 0.00109905 0.999999
    outer loop
      vertex 52 30.0222 58
      vertex 28.2137 38.8328 58.0053
      vertex 31.1735 36.4995 58.006
    endloop
  endfacet
  facet normal 0.000595826 0.00100703 0.999999
    outer loop
      vertex 28.2137 38.8328 58.0053
      vertex 52 30.0222 58
      vertex 25.618 40.5672 58.0051
    endloop
  endfacet
  facet normal 0.000615913 0.00106681 0.999999
    outer loop
      vertex 7.50885 47.409 58.009
      vertex 0 50.8068 58.01
      vertex 5.46643 47.6508 58.01
    endloop
  endfacet
  facet normal 0.000618451 0.00107242 0.999999
    outer loop
      vertex 0 50.8068 58.01
      vertex 7.50885 47.409 58.009
      vertex 9.48336 47.0163 58.0082
    endloop
  endfacet
  facet normal 0.000757978 0.00141271 0.999999
    outer loop
      vertex 52 30.0222 58
      vertex 25.0799 40.9267 58.005
      vertex 25.618 40.5672 58.0051
    endloop
  endfacet
  facet normal 0.000622436 0.00107809 0.999999
    outer loop
      vertex 0 60.0444 58
      vertex 25.0799 40.9267 58.005
      vertex 52 30.0222 58
    endloop
  endfacet
  facet normal 0.000666672 0.00113612 0.999999
    outer loop
      vertex 25.0799 40.9267 58.005
      vertex 0 60.0444 58
      vertex 21.7915 42.7683 58.0051
    endloop
  endfacet
  facet normal 0.000604448 0.00105764 0.999999
    outer loop
      vertex 21.7915 42.7683 58.0051
      vertex 0 60.0444 58
      vertex 18.3688 44.3462 58.0055
    endloop
  endfacet
  facet normal 0.000625526 0.0010823 0.999999
    outer loop
      vertex 0 60.0444 58
      vertex 14.8328 45.6507 58.0063
      vertex 18.3688 44.3462 58.0055
    endloop
  endfacet
  facet normal 0.000640398 0.00109763 0.999999
    outer loop
      vertex 0 60.0444 58
      vertex 11.2054 46.6738 58.0075
      vertex 14.8328 45.6507 58.0063
    endloop
  endfacet
  facet normal 0.000621684 0.00108194 0.999999
    outer loop
      vertex 0 60.0444 58
      vertex 9.48336 47.0163 58.0082
      vertex 11.2054 46.6738 58.0075
    endloop
  endfacet
  facet normal 0.000622494 0.00108253 0.999999
    outer loop
      vertex 9.48336 47.0163 58.0082
      vertex 0 60.0444 58
      vertex 0 50.8068 58.01
    endloop
  endfacet
  facet normal -0.000622494 -0.00108253 0.999999
    outer loop
      vertex -9.48336 -47.0163 58.0082
      vertex 0 -60.0444 58
      vertex 0 -50.8068 58.01
    endloop
  endfacet
  facet normal -0.000621684 -0.00108194 0.999999
    outer loop
      vertex -11.2054 -46.6738 58.0075
      vertex 0 -60.0444 58
      vertex -9.48336 -47.0163 58.0082
    endloop
  endfacet
  facet normal -0.000640398 -0.00109763 0.999999
    outer loop
      vertex -14.8328 -45.6507 58.0063
      vertex 0 -60.0444 58
      vertex -11.2054 -46.6738 58.0075
    endloop
  endfacet
  facet normal -0.000625526 -0.0010823 0.999999
    outer loop
      vertex -18.3688 -44.3462 58.0055
      vertex 0 -60.0444 58
      vertex -14.8328 -45.6507 58.0063
    endloop
  endfacet
  facet normal -0.000604448 -0.00105764 0.999999
    outer loop
      vertex -21.7915 -42.7683 58.0051
      vertex 0 -60.0444 58
      vertex -18.3688 -44.3462 58.0055
    endloop
  endfacet
  facet normal -0.000666672 -0.00113612 0.999999
    outer loop
      vertex -25.0799 -40.9267 58.005
      vertex 0 -60.0444 58
      vertex -21.7915 -42.7683 58.0051
    endloop
  endfacet
  facet normal -0.000757978 -0.00141271 0.999999
    outer loop
      vertex -52 -30.0222 58
      vertex -25.0799 -40.9267 58.005
      vertex -25.618 -40.5672 58.0051
    endloop
  endfacet
  facet normal -0.000622436 -0.00107809 0.999999
    outer loop
      vertex -25.0799 -40.9267 58.005
      vertex -52 -30.0222 58
      vertex 0 -60.0444 58
    endloop
  endfacet
  facet normal 0.000757978 -0.00141271 0.999999
    outer loop
      vertex 25.0799 -40.9267 58.005
      vertex 52 -30.0222 58
      vertex 25.618 -40.5672 58.0051
    endloop
  endfacet
  facet normal 0.000666672 -0.00113612 0.999999
    outer loop
      vertex 0 -60.0444 58
      vertex 25.0799 -40.9267 58.005
      vertex 21.7915 -42.7683 58.0051
    endloop
  endfacet
  facet normal 0.000604448 -0.00105764 0.999999
    outer loop
      vertex 0 -60.0444 58
      vertex 21.7915 -42.7683 58.0051
      vertex 18.3688 -44.3462 58.0055
    endloop
  endfacet
  facet normal 0.000622494 -0.00108253 0.999999
    outer loop
      vertex 0 -60.0444 58
      vertex 9.48336 -47.0163 58.0082
      vertex 0 -50.8068 58.01
    endloop
  endfacet
  facet normal 0.000621684 -0.00108194 0.999999
    outer loop
      vertex 9.48336 -47.0163 58.0082
      vertex 0 -60.0444 58
      vertex 11.2054 -46.6738 58.0075
    endloop
  endfacet
  facet normal 0.000622436 -0.00107809 0.999999
    outer loop
      vertex 25.0799 -40.9267 58.005
      vertex 0 -60.0444 58
      vertex 52 -30.0222 58
    endloop
  endfacet
  facet normal 0.000625526 -0.0010823 0.999999
    outer loop
      vertex 14.8328 -45.6507 58.0063
      vertex 0 -60.0444 58
      vertex 18.3688 -44.3462 58.0055
    endloop
  endfacet
  facet normal 0.000640398 -0.00109763 0.999999
    outer loop
      vertex 11.2054 -46.6738 58.0075
      vertex 0 -60.0444 58
      vertex 14.8328 -45.6507 58.0063
    endloop
  endfacet
  facet normal 0 0 1
    outer loop
      vertex 44 25.4034 58.01
      vertex 42.7683 21.7915 58.01
      vertex 44 19.1198 58.01
    endloop
  endfacet
  facet normal 0 0 1
    outer loop
      vertex 44 25.4034 58.01
      vertex 40.9267 25.0799 58.01
      vertex 42.7683 21.7915 58.01
    endloop
  endfacet
  facet normal 0 0 1
    outer loop
      vertex 44 25.4034 58.01
      vertex 38.8328 28.2137 58.01
      vertex 40.9267 25.0799 58.01
    endloop
  endfacet
  facet normal -0 -0 1
    outer loop
      vertex 38.8328 28.2137 58.01
      vertex 44 25.4034 58.01
      vertex 38.5825 28.5312 58.01
    endloop
  endfacet
  facet normal 0 0 1
    outer loop
      vertex -38.8328 -28.2137 58.01
      vertex -44 -25.4034 58.01
      vertex -38.5825 -28.5312 58.01
    endloop
  endfacet
  facet normal 0 0 1
    outer loop
      vertex -40.9267 -25.0799 58.01
      vertex -44 -25.4034 58.01
      vertex -38.8328 -28.2137 58.01
    endloop
  endfacet
  facet normal 0 0 1
    outer loop
      vertex -42.7683 -21.7915 58.01
      vertex -44 -25.4034 58.01
      vertex -40.9267 -25.0799 58.01
    endloop
  endfacet
  facet normal 0 0 1
    outer loop
      vertex -44 -25.4034 58.01
      vertex -42.7683 -21.7915 58.01
      vertex -44 -19.1198 58.01
    endloop
  endfacet
  facet normal 0 0 1
    outer loop
      vertex 0 50.8068 58.01
      vertex 3.76604 47.852 58.01
      vertex 5.46643 47.6508 58.01
    endloop
  endfacet
  facet normal 0 0 1
    outer loop
      vertex 0 50.8068 58.01
      vertex 0 48 58.01
      vertex 3.76604 47.852 58.01
    endloop
  endfacet
  facet normal 0 0 1
    outer loop
      vertex 0 50.8068 58.01
      vertex -3.76604 47.852 58.01
      vertex 0 48 58.01
    endloop
  endfacet
  facet normal 0 -0 1
    outer loop
      vertex -3.76604 47.852 58.01
      vertex 0 50.8068 58.01
      vertex -5.46643 47.6508 58.01
    endloop
  endfacet
  facet normal -0 0 1
    outer loop
      vertex 42.7683 -21.7915 58.01
      vertex 44 -25.4034 58.01
      vertex 44 -19.1198 58.01
    endloop
  endfacet
  facet normal -0 0 1
    outer loop
      vertex 40.9267 -25.0799 58.01
      vertex 44 -25.4034 58.01
      vertex 42.7683 -21.7915 58.01
    endloop
  endfacet
  facet normal 0 0 1
    outer loop
      vertex 38.8328 -28.2137 58.01
      vertex 44 -25.4034 58.01
      vertex 40.9267 -25.0799 58.01
    endloop
  endfacet
  facet normal 0 0 1
    outer loop
      vertex 44 -25.4034 58.01
      vertex 38.8328 -28.2137 58.01
      vertex 38.5825 -28.5312 58.01
    endloop
  endfacet
  facet normal 0 0 1
    outer loop
      vertex -44 25.4034 58.01
      vertex -38.8328 28.2137 58.01
      vertex -38.5825 28.5312 58.01
    endloop
  endfacet
  facet normal -0 0 1
    outer loop
      vertex -44 25.4034 58.01
      vertex -40.9267 25.0799 58.01
      vertex -38.8328 28.2137 58.01
    endloop
  endfacet
  facet normal 0 0 1
    outer loop
      vertex -44 25.4034 58.01
      vertex -42.7683 21.7915 58.01
      vertex -40.9267 25.0799 58.01
    endloop
  endfacet
  facet normal 0 0 1
    outer loop
      vertex -42.7683 21.7915 58.01
      vertex -44 25.4034 58.01
      vertex -44 19.1198 58.01
    endloop
  endfacet
  facet normal -0 0 1
    outer loop
      vertex 3.76604 -47.852 58.01
      vertex 0 -50.8068 58.01
      vertex 5.46643 -47.6508 58.01
    endloop
  endfacet
  facet normal -0 0 1
    outer loop
      vertex 0 -48 58.01
      vertex 0 -50.8068 58.01
      vertex 3.76604 -47.852 58.01
    endloop
  endfacet
  facet normal 0 0 1
    outer loop
      vertex -3.76604 -47.852 58.01
      vertex 0 -50.8068 58.01
      vertex 0 -48 58.01
    endloop
  endfacet
  facet normal 0 0 1
    outer loop
      vertex 0 -50.8068 58.01
      vertex -3.76604 -47.852 58.01
      vertex -5.46643 -47.6508 58.01
    endloop
  endfacet
  facet normal 0.000625 -0.00108253 0.999999
    outer loop
      vertex 38.5825 -28.5312 58.01
      vertex 52 -30.0222 58
      vertex 44 -25.4034 58.01
    endloop
  endfacet
  facet normal 0.000623395 -0.00109697 0.999999
    outer loop
      vertex 36.4995 -31.1735 58.0084
      vertex 52 -30.0222 58
      vertex 38.5825 -28.5312 58.01
    endloop
  endfacet
  facet normal 0.000622211 -0.00108103 0.999999
    outer loop
      vertex 33.9411 -33.9411 58.007
      vertex 52 -30.0222 58
      vertex 36.4995 -31.1735 58.0084
    endloop
  endfacet
  facet normal 0.00061737 -0.00105872 0.999999
    outer loop
      vertex 31.1735 -36.4995 58.006
      vertex 52 -30.0222 58
      vertex 33.9411 -33.9411 58.007
    endloop
  endfacet
  facet normal 0.000629913 -0.00109905 0.999999
    outer loop
      vertex 28.2137 -38.8328 58.0053
      vertex 52 -30.0222 58
      vertex 31.1735 -36.4995 58.006
    endloop
  endfacet
  facet normal 0.000595826 -0.00100703 0.999999
    outer loop
      vertex 52 -30.0222 58
      vertex 28.2137 -38.8328 58.0053
      vertex 25.618 -40.5672 58.0051
    endloop
  endfacet
  facet normal 0.000618451 -0.00107242 0.999999
    outer loop
      vertex 7.50885 -47.409 58.009
      vertex 0 -50.8068 58.01
      vertex 9.48336 -47.0163 58.0082
    endloop
  endfacet
  facet normal 0.000615913 -0.00106681 0.999999
    outer loop
      vertex 0 -50.8068 58.01
      vertex 7.50885 -47.409 58.009
      vertex 5.46643 -47.6508 58.01
    endloop
  endfacet
  facet normal -0.993068 -0.11754 0
    outer loop
      vertex 47.852 3.76604 6
      vertex 47.409 7.50885 58.0057
      vertex 47.409 7.50885 6
    endloop
  endfacet
  facet normal -0.993068 -0.11754 0
    outer loop
      vertex 47.409 7.50885 58.0057
      vertex 47.852 3.76604 6
      vertex 47.852 3.76604 58.0052
    endloop
  endfacet
  facet normal -0.999229 -0.0392683 0
    outer loop
      vertex 48 0 6
      vertex 47.852 3.76604 58.0052
      vertex 47.852 3.76604 6
    endloop
  endfacet
  facet normal -0.999229 -0.0392683 0
    outer loop
      vertex 47.852 3.76604 58.0052
      vertex 48 0 6
      vertex 48 0 58.005
    endloop
  endfacet
  facet normal -0.98079 -0.195067 0
    outer loop
      vertex 47.409 7.50885 6
      vertex 46.6738 11.2054 58.0067
      vertex 46.6738 11.2054 6
    endloop
  endfacet
  facet normal -0.98079 -0.195067 0
    outer loop
      vertex 46.6738 11.2054 58.0067
      vertex 47.409 7.50885 6
      vertex 47.409 7.50885 58.0057
    endloop
  endfacet
  facet normal 0.488623 -0.872495 0
    outer loop
      vertex -25.0799 40.9267 6
      vertex -21.7915 42.7683 58.0051
      vertex -25.0799 40.9267 58.005
    endloop
  endfacet
  facet normal 0.488623 -0.872495 0
    outer loop
      vertex -21.7915 42.7683 58.0051
      vertex -25.0799 40.9267 6
      vertex -21.7915 42.7683 6
    endloop
  endfacet
  facet normal -0.117568 0.993065 0
    outer loop
      vertex 7.50885 -47.409 6
      vertex 5.46643 -47.6508 58.01
      vertex 7.50885 -47.409 58.009
    endloop
  endfacet
  facet normal -0.11754 0.993068 1.11925e-06
    outer loop
      vertex 3.76604 -47.852 6
      vertex 5.46643 -47.6508 58.01
      vertex 7.50885 -47.409 6
    endloop
  endfacet
  facet normal -0.117506 0.993072 0
    outer loop
      vertex 5.46643 -47.6508 58.01
      vertex 3.76604 -47.852 6
      vertex 3.76604 -47.852 58.01
    endloop
  endfacet
  facet normal -0.678809 -0.734315 0
    outer loop
      vertex 31.1735 36.4995 6
      vertex 33.9411 33.9411 58.007
      vertex 31.1735 36.4995 58.006
    endloop
  endfacet
  facet normal -0.678809 -0.734315 -0
    outer loop
      vertex 33.9411 33.9411 58.007
      vertex 31.1735 36.4995 6
      vertex 33.9411 33.9411 6
    endloop
  endfacet
  facet normal -0.418663 -0.908142 0
    outer loop
      vertex 18.3688 44.3462 6
      vertex 21.7915 42.7683 58.0051
      vertex 18.3688 44.3462 58.0055
    endloop
  endfacet
  facet normal -0.418663 -0.908142 -0
    outer loop
      vertex 21.7915 42.7683 58.0051
      vertex 18.3688 44.3462 6
      vertex 21.7915 42.7683 6
    endloop
  endfacet
  facet normal -0.993068 0.11754 0
    outer loop
      vertex 47.409 -7.50885 6
      vertex 47.852 -3.76604 58.0052
      vertex 47.852 -3.76604 6
    endloop
  endfacet
  facet normal -0.993068 0.11754 0
    outer loop
      vertex 47.852 -3.76604 58.0052
      vertex 47.409 -7.50885 6
      vertex 47.409 -7.50885 58.0057
    endloop
  endfacet
  facet normal -0.117506 -0.993072 0
    outer loop
      vertex 3.76604 47.852 6
      vertex 5.46643 47.6508 58.01
      vertex 3.76604 47.852 58.01
    endloop
  endfacet
  facet normal -0.11754 -0.993068 1.11925e-06
    outer loop
      vertex 7.50885 47.409 6
      vertex 5.46643 47.6508 58.01
      vertex 3.76604 47.852 6
    endloop
  endfacet
  facet normal -0.117568 -0.993065 0
    outer loop
      vertex 5.46643 47.6508 58.01
      vertex 7.50885 47.409 6
      vertex 7.50885 47.409 58.009
    endloop
  endfacet
  facet normal 0.938191 0.346117 0
    outer loop
      vertex -44.3462 -18.3688 58.0096
      vertex -45.6507 -14.8328 6
      vertex -45.6507 -14.8328 58.0079
    endloop
  endfacet
  facet normal 0.938191 0.346117 0
    outer loop
      vertex -45.6507 -14.8328 6
      vertex -44.3462 -18.3688 58.0096
      vertex -44.3462 -18.3688 6
    endloop
  endfacet
  facet normal 0.938191 -0.346117 0
    outer loop
      vertex -45.6507 14.8328 58.0079
      vertex -44.3462 18.3688 6
      vertex -44.3462 18.3688 58.0096
    endloop
  endfacet
  facet normal 0.938191 -0.346117 0
    outer loop
      vertex -44.3462 18.3688 6
      vertex -45.6507 14.8328 58.0079
      vertex -45.6507 14.8328 6
    endloop
  endfacet
  facet normal 0.418663 -0.908142 0
    outer loop
      vertex -21.7915 42.7683 6
      vertex -18.3688 44.3462 58.0055
      vertex -21.7915 42.7683 58.0051
    endloop
  endfacet
  facet normal 0.418663 -0.908142 0
    outer loop
      vertex -18.3688 44.3462 58.0055
      vertex -21.7915 42.7683 6
      vertex -18.3688 44.3462 6
    endloop
  endfacet
  facet normal -0.938191 0.346117 0
    outer loop
      vertex 44.3462 -18.3688 6
      vertex 45.6507 -14.8328 58.0079
      vertex 45.6507 -14.8328 6
    endloop
  endfacet
  facet normal -0.938191 0.346117 0
    outer loop
      vertex 45.6507 -14.8328 58.0079
      vertex 44.3462 -18.3688 6
      vertex 44.3462 -18.3688 58.0096
    endloop
  endfacet
  facet normal -0.785313 0.619099 0
    outer loop
      vertex 38.8328 -28.2137 6
      vertex 38.5825 -28.5312 58.01
      vertex 38.8328 -28.2137 58.01
    endloop
  endfacet
  facet normal -0.785319 0.619091 -7.74916e-08
    outer loop
      vertex 36.4995 -31.1735 6
      vertex 38.5825 -28.5312 58.01
      vertex 38.8328 -28.2137 6
    endloop
  endfacet
  facet normal -0.78532 0.61909 0
    outer loop
      vertex 38.5825 -28.5312 58.01
      vertex 36.4995 -31.1735 6
      vertex 36.4995 -31.1735 58.0084
    endloop
  endfacet
  facet normal 0.619091 0.785319 -0
    outer loop
      vertex -28.2137 -38.8328 6
      vertex -31.1735 -36.4995 58.006
      vertex -28.2137 -38.8328 58.0053
    endloop
  endfacet
  facet normal 0.619091 0.785319 0
    outer loop
      vertex -31.1735 -36.4995 58.006
      vertex -28.2137 -38.8328 6
      vertex -31.1735 -36.4995 6
    endloop
  endfacet
  facet normal -0.488623 -0.872495 0
    outer loop
      vertex 21.7915 42.7683 6
      vertex 25.0799 40.9267 58.005
      vertex 21.7915 42.7683 58.0051
    endloop
  endfacet
  facet normal -0.488623 -0.872495 -0
    outer loop
      vertex 25.0799 40.9267 58.005
      vertex 21.7915 42.7683 6
      vertex 25.0799 40.9267 6
    endloop
  endfacet
  facet normal 0.993068 -0.11754 0
    outer loop
      vertex -47.852 3.76604 58.0052
      vertex -47.409 7.50885 6
      vertex -47.409 7.50885 58.0057
    endloop
  endfacet
  facet normal 0.993068 -0.11754 0
    outer loop
      vertex -47.409 7.50885 6
      vertex -47.852 3.76604 58.0052
      vertex -47.852 3.76604 6
    endloop
  endfacet
  facet normal 0.962451 0.271457 0
    outer loop
      vertex -45.6507 -14.8328 58.0079
      vertex -46.6738 -11.2054 6
      vertex -46.6738 -11.2054 58.0067
    endloop
  endfacet
  facet normal 0.962451 0.271457 0
    outer loop
      vertex -46.6738 -11.2054 6
      vertex -45.6507 -14.8328 58.0079
      vertex -45.6507 -14.8328 6
    endloop
  endfacet
  facet normal -0.962451 0.271457 0
    outer loop
      vertex 45.6507 -14.8328 6
      vertex 46.6738 -11.2054 58.0067
      vertex 46.6738 -11.2054 6
    endloop
  endfacet
  facet normal -0.962451 0.271457 0
    outer loop
      vertex 46.6738 -11.2054 58.0067
      vertex 45.6507 -14.8328 6
      vertex 45.6507 -14.8328 58.0079
    endloop
  endfacet
  facet normal 0.346117 -0.938191 0
    outer loop
      vertex -18.3688 44.3462 6
      vertex -14.8328 45.6507 58.0063
      vertex -18.3688 44.3462 58.0055
    endloop
  endfacet
  facet normal 0.346117 -0.938191 0
    outer loop
      vertex -14.8328 45.6507 58.0063
      vertex -18.3688 44.3462 6
      vertex -14.8328 45.6507 6
    endloop
  endfacet
  facet normal 0.619091 -0.785319 0
    outer loop
      vertex -31.1735 36.4995 6
      vertex -28.2137 38.8328 58.0053
      vertex -31.1735 36.4995 58.006
    endloop
  endfacet
  facet normal 0.619091 -0.785319 0
    outer loop
      vertex -28.2137 38.8328 58.0053
      vertex -31.1735 36.4995 6
      vertex -28.2137 38.8328 6
    endloop
  endfacet
  facet normal -0.872495 -0.488623 0
    outer loop
      vertex 42.7683 21.7915 6
      vertex 40.9267 25.0799 58.01
      vertex 40.9267 25.0799 6
    endloop
  endfacet
  facet normal -0.872495 -0.488623 0
    outer loop
      vertex 40.9267 25.0799 58.01
      vertex 42.7683 21.7915 6
      vertex 42.7683 21.7915 58.01
    endloop
  endfacet
  facet normal -0.271457 0.962451 0
    outer loop
      vertex 14.8328 -45.6507 6
      vertex 11.2054 -46.6738 58.0075
      vertex 14.8328 -45.6507 58.0063
    endloop
  endfacet
  facet normal -0.271457 0.962451 0
    outer loop
      vertex 11.2054 -46.6738 58.0075
      vertex 14.8328 -45.6507 6
      vertex 11.2054 -46.6738 6
    endloop
  endfacet
  facet normal 0.271457 -0.962451 0
    outer loop
      vertex -14.8328 45.6507 6
      vertex -11.2054 46.6738 58.0075
      vertex -14.8328 45.6507 58.0063
    endloop
  endfacet
  facet normal 0.271457 -0.962451 0
    outer loop
      vertex -11.2054 46.6738 58.0075
      vertex -14.8328 45.6507 6
      vertex -11.2054 46.6738 6
    endloop
  endfacet
  facet normal -0.78532 -0.61909 0
    outer loop
      vertex 36.4995 31.1735 6
      vertex 38.5825 28.5312 58.01
      vertex 36.4995 31.1735 58.0084
    endloop
  endfacet
  facet normal -0.785319 -0.619091 -7.74916e-08
    outer loop
      vertex 38.8328 28.2137 6
      vertex 38.5825 28.5312 58.01
      vertex 36.4995 31.1735 6
    endloop
  endfacet
  facet normal -0.785313 -0.619099 0
    outer loop
      vertex 38.5825 28.5312 58.01
      vertex 38.8328 28.2137 6
      vertex 38.8328 28.2137 58.01
    endloop
  endfacet
  facet normal -0.962451 -0.271457 0
    outer loop
      vertex 46.6738 11.2054 6
      vertex 45.6507 14.8328 58.0079
      vertex 45.6507 14.8328 6
    endloop
  endfacet
  facet normal -0.962451 -0.271457 0
    outer loop
      vertex 45.6507 14.8328 58.0079
      vertex 46.6738 11.2054 6
      vertex 46.6738 11.2054 58.0067
    endloop
  endfacet
  facet normal -0.346117 -0.938191 0
    outer loop
      vertex 14.8328 45.6507 6
      vertex 18.3688 44.3462 58.0055
      vertex 14.8328 45.6507 58.0063
    endloop
  endfacet
  facet normal -0.346117 -0.938191 -0
    outer loop
      vertex 18.3688 44.3462 58.0055
      vertex 14.8328 45.6507 6
      vertex 18.3688 44.3462 6
    endloop
  endfacet
  facet normal 0.962451 -0.271457 0
    outer loop
      vertex -46.6738 11.2054 58.0067
      vertex -45.6507 14.8328 6
      vertex -45.6507 14.8328 58.0079
    endloop
  endfacet
  facet normal 0.962451 -0.271457 0
    outer loop
      vertex -45.6507 14.8328 6
      vertex -46.6738 11.2054 58.0067
      vertex -46.6738 11.2054 6
    endloop
  endfacet
  facet normal -0.938191 -0.346117 0
    outer loop
      vertex 45.6507 14.8328 6
      vertex 44.3462 18.3688 58.0096
      vertex 44.3462 18.3688 6
    endloop
  endfacet
  facet normal -0.938191 -0.346117 0
    outer loop
      vertex 44.3462 18.3688 58.0096
      vertex 45.6507 14.8328 6
      vertex 45.6507 14.8328 58.0079
    endloop
  endfacet
  facet normal -0.999229 0.0392683 0
    outer loop
      vertex 47.852 -3.76604 6
      vertex 48 0 58.005
      vertex 48 0 6
    endloop
  endfacet
  facet normal -0.999229 0.0392683 0
    outer loop
      vertex 48 0 58.005
      vertex 47.852 -3.76604 6
      vertex 47.852 -3.76604 58.0052
    endloop
  endfacet
  facet normal -0.90815 0.418644 0
    outer loop
      vertex 44.3462 -18.3688 6
      vertex 44 -19.1198 58.01
      vertex 44.3462 -18.3688 58.0096
    endloop
  endfacet
  facet normal -0.908142 0.418663 3.27312e-07
    outer loop
      vertex 42.7683 -21.7915 6
      vertex 44 -19.1198 58.01
      vertex 44.3462 -18.3688 6
    endloop
  endfacet
  facet normal -0.908139 0.418668 0
    outer loop
      vertex 44 -19.1198 58.01
      vertex 42.7683 -21.7915 6
      vertex 42.7683 -21.7915 58.01
    endloop
  endfacet
  facet normal -0.271457 -0.962451 0
    outer loop
      vertex 11.2054 46.6738 6
      vertex 14.8328 45.6507 58.0063
      vertex 11.2054 46.6738 58.0075
    endloop
  endfacet
  facet normal -0.271457 -0.962451 -0
    outer loop
      vertex 14.8328 45.6507 58.0063
      vertex 11.2054 46.6738 6
      vertex 14.8328 45.6507 6
    endloop
  endfacet
  facet normal -0.346117 0.938191 0
    outer loop
      vertex 18.3688 -44.3462 6
      vertex 14.8328 -45.6507 58.0063
      vertex 18.3688 -44.3462 58.0055
    endloop
  endfacet
  facet normal -0.346117 0.938191 0
    outer loop
      vertex 14.8328 -45.6507 58.0063
      vertex 18.3688 -44.3462 6
      vertex 14.8328 -45.6507 6
    endloop
  endfacet
  facet normal 0.872495 -0.488623 0
    outer loop
      vertex -42.7683 21.7915 58.01
      vertex -40.9267 25.0799 6
      vertex -40.9267 25.0799 58.01
    endloop
  endfacet
  facet normal 0.872495 -0.488623 0
    outer loop
      vertex -40.9267 25.0799 6
      vertex -42.7683 21.7915 58.01
      vertex -42.7683 21.7915 6
    endloop
  endfacet
  facet normal -0.619091 -0.785319 0
    outer loop
      vertex 28.2137 38.8328 6
      vertex 31.1735 36.4995 58.006
      vertex 28.2137 38.8328 58.0053
    endloop
  endfacet
  facet normal -0.619091 -0.785319 -0
    outer loop
      vertex 31.1735 36.4995 58.006
      vertex 28.2137 38.8328 6
      vertex 31.1735 36.4995 6
    endloop
  endfacet
  facet normal 0.678809 0.734315 -0
    outer loop
      vertex -31.1735 -36.4995 6
      vertex -33.9411 -33.9411 58.007
      vertex -31.1735 -36.4995 58.006
    endloop
  endfacet
  facet normal 0.678809 0.734315 0
    outer loop
      vertex -33.9411 -33.9411 58.007
      vertex -31.1735 -36.4995 6
      vertex -33.9411 -33.9411 6
    endloop
  endfacet
  facet normal -0.55552 -0.831503 0
    outer loop
      vertex 25.0799 40.9267 6
      vertex 25.618 40.5672 58.0051
      vertex 25.0799 40.9267 58.005
    endloop
  endfacet
  facet normal -0.555563 -0.831474 6.45339e-07
    outer loop
      vertex 28.2137 38.8328 6
      vertex 25.618 40.5672 58.0051
      vertex 25.0799 40.9267 6
    endloop
  endfacet
  facet normal -0.555572 -0.831468 0
    outer loop
      vertex 25.618 40.5672 58.0051
      vertex 28.2137 38.8328 6
      vertex 28.2137 38.8328 58.0053
    endloop
  endfacet
  facet normal -0.0392683 0.999229 0
    outer loop
      vertex 3.76604 -47.852 6
      vertex 0 -48 58.01
      vertex 3.76604 -47.852 58.01
    endloop
  endfacet
  facet normal -0.0392683 0.999229 0
    outer loop
      vertex 0 -48 58.01
      vertex 3.76604 -47.852 6
      vertex 0 -48 6
    endloop
  endfacet
  facet normal 0.195071 -0.980789 0
    outer loop
      vertex -11.2054 46.6738 6
      vertex -9.48336 47.0163 58.0082
      vertex -11.2054 46.6738 58.0075
    endloop
  endfacet
  facet normal 0.195067 -0.98079 1.25331e-07
    outer loop
      vertex -7.50885 47.409 6
      vertex -9.48336 47.0163 58.0082
      vertex -11.2054 46.6738 6
    endloop
  endfacet
  facet normal 0.195064 -0.98079 0
    outer loop
      vertex -9.48336 47.0163 58.0082
      vertex -7.50885 47.409 6
      vertex -7.50885 47.409 58.009
    endloop
  endfacet
  facet normal 0.117568 -0.993065 0
    outer loop
      vertex -7.50885 47.409 6
      vertex -5.46643 47.6508 58.01
      vertex -7.50885 47.409 58.009
    endloop
  endfacet
  facet normal 0.11754 -0.993068 1.11925e-06
    outer loop
      vertex -3.76604 47.852 6
      vertex -5.46643 47.6508 58.01
      vertex -7.50885 47.409 6
    endloop
  endfacet
  facet normal 0.117506 -0.993072 0
    outer loop
      vertex -5.46643 47.6508 58.01
      vertex -3.76604 47.852 6
      vertex -3.76604 47.852 58.01
    endloop
  endfacet
  facet normal 0.98079 0.195067 0
    outer loop
      vertex -46.6738 -11.2054 58.0067
      vertex -47.409 -7.50885 6
      vertex -47.409 -7.50885 58.0057
    endloop
  endfacet
  facet normal 0.98079 0.195067 0
    outer loop
      vertex -47.409 -7.50885 6
      vertex -46.6738 -11.2054 58.0067
      vertex -46.6738 -11.2054 6
    endloop
  endfacet
  facet normal 0.98079 -0.195067 0
    outer loop
      vertex -47.409 7.50885 58.0057
      vertex -46.6738 11.2054 6
      vertex -46.6738 11.2054 58.0067
    endloop
  endfacet
  facet normal 0.98079 -0.195067 0
    outer loop
      vertex -46.6738 11.2054 6
      vertex -47.409 7.50885 58.0057
      vertex -47.409 7.50885 6
    endloop
  endfacet
  facet normal 0.0392683 -0.999229 0
    outer loop
      vertex -3.76604 47.852 6
      vertex 0 48 58.01
      vertex -3.76604 47.852 58.01
    endloop
  endfacet
  facet normal 0.0392683 -0.999229 0
    outer loop
      vertex 0 48 58.01
      vertex -3.76604 47.852 6
      vertex 0 48 6
    endloop
  endfacet
  facet normal -0.555572 0.831468 0
    outer loop
      vertex 28.2137 -38.8328 6
      vertex 25.618 -40.5672 58.0051
      vertex 28.2137 -38.8328 58.0053
    endloop
  endfacet
  facet normal -0.555563 0.831474 6.45339e-07
    outer loop
      vertex 25.0799 -40.9267 6
      vertex 25.618 -40.5672 58.0051
      vertex 28.2137 -38.8328 6
    endloop
  endfacet
  facet normal -0.55552 0.831503 0
    outer loop
      vertex 25.618 -40.5672 58.0051
      vertex 25.0799 -40.9267 6
      vertex 25.0799 -40.9267 58.005
    endloop
  endfacet
  facet normal 0.872495 0.488623 0
    outer loop
      vertex -40.9267 -25.0799 58.01
      vertex -42.7683 -21.7915 6
      vertex -42.7683 -21.7915 58.01
    endloop
  endfacet
  facet normal 0.872495 0.488623 0
    outer loop
      vertex -42.7683 -21.7915 6
      vertex -40.9267 -25.0799 58.01
      vertex -40.9267 -25.0799 6
    endloop
  endfacet
  facet normal 0.999229 -0.0392683 0
    outer loop
      vertex -48 0 58.005
      vertex -47.852 3.76604 6
      vertex -47.852 3.76604 58.0052
    endloop
  endfacet
  facet normal 0.999229 -0.0392683 0
    outer loop
      vertex -47.852 3.76604 6
      vertex -48 0 58.005
      vertex -48 0 6
    endloop
  endfacet
  facet normal -0.908139 -0.418668 0
    outer loop
      vertex 42.7683 21.7915 6
      vertex 44 19.1198 58.01
      vertex 42.7683 21.7915 58.01
    endloop
  endfacet
  facet normal -0.908142 -0.418663 3.27312e-07
    outer loop
      vertex 44.3462 18.3688 6
      vertex 44 19.1198 58.01
      vertex 42.7683 21.7915 6
    endloop
  endfacet
  facet normal -0.90815 -0.418644 0
    outer loop
      vertex 44 19.1198 58.01
      vertex 44.3462 18.3688 6
      vertex 44.3462 18.3688 58.0096
    endloop
  endfacet
  facet normal -0.0392683 -0.999229 0
    outer loop
      vertex 0 48 6
      vertex 3.76604 47.852 58.01
      vertex 0 48 58.01
    endloop
  endfacet
  facet normal -0.0392683 -0.999229 -0
    outer loop
      vertex 3.76604 47.852 58.01
      vertex 0 48 6
      vertex 3.76604 47.852 6
    endloop
  endfacet
  facet normal -0.195071 0.980789 0
    outer loop
      vertex 11.2054 -46.6738 6
      vertex 9.48336 -47.0163 58.0082
      vertex 11.2054 -46.6738 58.0075
    endloop
  endfacet
  facet normal -0.195067 0.98079 1.25331e-07
    outer loop
      vertex 7.50885 -47.409 6
      vertex 9.48336 -47.0163 58.0082
      vertex 11.2054 -46.6738 6
    endloop
  endfacet
  facet normal -0.195064 0.98079 0
    outer loop
      vertex 9.48336 -47.0163 58.0082
      vertex 7.50885 -47.409 6
      vertex 7.50885 -47.409 58.009
    endloop
  endfacet
  facet normal -0.831474 0.555563 0
    outer loop
      vertex 38.8328 -28.2137 6
      vertex 40.9267 -25.0799 58.01
      vertex 40.9267 -25.0799 6
    endloop
  endfacet
  facet normal -0.831474 0.555563 0
    outer loop
      vertex 40.9267 -25.0799 58.01
      vertex 38.8328 -28.2137 6
      vertex 38.8328 -28.2137 58.01
    endloop
  endfacet
  facet normal 0.555572 -0.831468 0
    outer loop
      vertex -28.2137 38.8328 6
      vertex -25.618 40.5672 58.0051
      vertex -28.2137 38.8328 58.0053
    endloop
  endfacet
  facet normal 0.555563 -0.831474 6.45339e-07
    outer loop
      vertex -25.0799 40.9267 6
      vertex -25.618 40.5672 58.0051
      vertex -28.2137 38.8328 6
    endloop
  endfacet
  facet normal 0.55552 -0.831503 0
    outer loop
      vertex -25.618 40.5672 58.0051
      vertex -25.0799 40.9267 6
      vertex -25.0799 40.9267 58.005
    endloop
  endfacet
  facet normal 0.678809 -0.734315 0
    outer loop
      vertex -33.9411 33.9411 6
      vertex -31.1735 36.4995 58.006
      vertex -33.9411 33.9411 58.007
    endloop
  endfacet
  facet normal 0.678809 -0.734315 0
    outer loop
      vertex -31.1735 36.4995 58.006
      vertex -33.9411 33.9411 6
      vertex -31.1735 36.4995 6
    endloop
  endfacet
  facet normal 0.488623 0.872495 -0
    outer loop
      vertex -21.7915 -42.7683 6
      vertex -25.0799 -40.9267 58.005
      vertex -21.7915 -42.7683 58.0051
    endloop
  endfacet
  facet normal 0.488623 0.872495 0
    outer loop
      vertex -25.0799 -40.9267 58.005
      vertex -21.7915 -42.7683 6
      vertex -25.0799 -40.9267 6
    endloop
  endfacet
  facet normal 0.117506 0.993072 -0
    outer loop
      vertex -3.76604 -47.852 6
      vertex -5.46643 -47.6508 58.01
      vertex -3.76604 -47.852 58.01
    endloop
  endfacet
  facet normal 0.11754 0.993068 1.11925e-06
    outer loop
      vertex -7.50885 -47.409 6
      vertex -5.46643 -47.6508 58.01
      vertex -3.76604 -47.852 6
    endloop
  endfacet
  facet normal 0.117568 0.993065 0
    outer loop
      vertex -5.46643 -47.6508 58.01
      vertex -7.50885 -47.409 6
      vertex -7.50885 -47.409 58.009
    endloop
  endfacet
  facet normal -0.98079 0.195067 0
    outer loop
      vertex 46.6738 -11.2054 6
      vertex 47.409 -7.50885 58.0057
      vertex 47.409 -7.50885 6
    endloop
  endfacet
  facet normal -0.98079 0.195067 0
    outer loop
      vertex 47.409 -7.50885 58.0057
      vertex 46.6738 -11.2054 6
      vertex 46.6738 -11.2054 58.0067
    endloop
  endfacet
  facet normal 0.734315 0.678809 0
    outer loop
      vertex -33.9411 -33.9411 58.007
      vertex -36.4995 -31.1735 6
      vertex -36.4995 -31.1735 58.0084
    endloop
  endfacet
  facet normal 0.734315 0.678809 0
    outer loop
      vertex -36.4995 -31.1735 6
      vertex -33.9411 -33.9411 58.007
      vertex -33.9411 -33.9411 6
    endloop
  endfacet
  facet normal 0.993068 0.11754 0
    outer loop
      vertex -47.409 -7.50885 58.0057
      vertex -47.852 -3.76604 6
      vertex -47.852 -3.76604 58.0052
    endloop
  endfacet
  facet normal 0.993068 0.11754 0
    outer loop
      vertex -47.852 -3.76604 6
      vertex -47.409 -7.50885 58.0057
      vertex -47.409 -7.50885 6
    endloop
  endfacet
  facet normal 0.785313 0.619099 0
    outer loop
      vertex -38.5825 -28.5312 58.01
      vertex -38.8328 -28.2137 6
      vertex -38.8328 -28.2137 58.01
    endloop
  endfacet
  facet normal 0.78532 0.61909 -8.68028e-08
    outer loop
      vertex -36.4995 -31.1735 58.0084
      vertex -38.8328 -28.2137 6
      vertex -38.5825 -28.5312 58.01
    endloop
  endfacet
  facet normal 0.785319 0.619091 0
    outer loop
      vertex -38.8328 -28.2137 6
      vertex -36.4995 -31.1735 58.0084
      vertex -36.4995 -31.1735 6
    endloop
  endfacet
  facet normal -0.418663 0.908142 0
    outer loop
      vertex 21.7915 -42.7683 6
      vertex 18.3688 -44.3462 58.0055
      vertex 21.7915 -42.7683 58.0051
    endloop
  endfacet
  facet normal -0.418663 0.908142 0
    outer loop
      vertex 18.3688 -44.3462 58.0055
      vertex 21.7915 -42.7683 6
      vertex 18.3688 -44.3462 6
    endloop
  endfacet
  facet normal 0.999229 0.0392683 0
    outer loop
      vertex -47.852 -3.76604 58.0052
      vertex -48 0 6
      vertex -48 0 58.005
    endloop
  endfacet
  facet normal 0.999229 0.0392683 0
    outer loop
      vertex -48 0 6
      vertex -47.852 -3.76604 58.0052
      vertex -47.852 -3.76604 6
    endloop
  endfacet
  facet normal -0.619091 0.785319 0
    outer loop
      vertex 31.1735 -36.4995 6
      vertex 28.2137 -38.8328 58.0053
      vertex 31.1735 -36.4995 58.006
    endloop
  endfacet
  facet normal -0.619091 0.785319 0
    outer loop
      vertex 28.2137 -38.8328 58.0053
      vertex 31.1735 -36.4995 6
      vertex 28.2137 -38.8328 6
    endloop
  endfacet
  facet normal -0.195064 -0.98079 0
    outer loop
      vertex 7.50885 47.409 6
      vertex 9.48336 47.0163 58.0082
      vertex 7.50885 47.409 58.009
    endloop
  endfacet
  facet normal -0.195067 -0.98079 1.25331e-07
    outer loop
      vertex 11.2054 46.6738 6
      vertex 9.48336 47.0163 58.0082
      vertex 7.50885 47.409 6
    endloop
  endfacet
  facet normal -0.195071 -0.980789 0
    outer loop
      vertex 9.48336 47.0163 58.0082
      vertex 11.2054 46.6738 6
      vertex 11.2054 46.6738 58.0075
    endloop
  endfacet
  facet normal -0.872495 0.488623 0
    outer loop
      vertex 40.9267 -25.0799 6
      vertex 42.7683 -21.7915 58.01
      vertex 42.7683 -21.7915 6
    endloop
  endfacet
  facet normal -0.872495 0.488623 0
    outer loop
      vertex 42.7683 -21.7915 58.01
      vertex 40.9267 -25.0799 6
      vertex 40.9267 -25.0799 58.01
    endloop
  endfacet
  facet normal -0.734315 -0.678809 0
    outer loop
      vertex 36.4995 31.1735 6
      vertex 33.9411 33.9411 58.007
      vertex 33.9411 33.9411 6
    endloop
  endfacet
  facet normal -0.734315 -0.678809 0
    outer loop
      vertex 33.9411 33.9411 58.007
      vertex 36.4995 31.1735 6
      vertex 36.4995 31.1735 58.0084
    endloop
  endfacet
  facet normal -0.831474 -0.555563 0
    outer loop
      vertex 40.9267 25.0799 6
      vertex 38.8328 28.2137 58.01
      vertex 38.8328 28.2137 6
    endloop
  endfacet
  facet normal -0.831474 -0.555563 0
    outer loop
      vertex 38.8328 28.2137 58.01
      vertex 40.9267 25.0799 6
      vertex 40.9267 25.0799 58.01
    endloop
  endfacet
  facet normal -0.488623 0.872495 0
    outer loop
      vertex 25.0799 -40.9267 6
      vertex 21.7915 -42.7683 58.0051
      vertex 25.0799 -40.9267 58.005
    endloop
  endfacet
  facet normal -0.488623 0.872495 0
    outer loop
      vertex 21.7915 -42.7683 58.0051
      vertex 25.0799 -40.9267 6
      vertex 21.7915 -42.7683 6
    endloop
  endfacet
  facet normal 0.90815 0.418644 0
    outer loop
      vertex -44 -19.1198 58.01
      vertex -44.3462 -18.3688 6
      vertex -44.3462 -18.3688 58.0096
    endloop
  endfacet
  facet normal 0.908139 0.418668 -0
    outer loop
      vertex -42.7683 -21.7915 6
      vertex -44 -19.1198 58.01
      vertex -42.7683 -21.7915 58.01
    endloop
  endfacet
  facet normal 0.908142 0.418663 3.27312e-07
    outer loop
      vertex -44 -19.1198 58.01
      vertex -42.7683 -21.7915 6
      vertex -44.3462 -18.3688 6
    endloop
  endfacet
  facet normal 0.908139 -0.418668 0
    outer loop
      vertex -44 19.1198 58.01
      vertex -42.7683 21.7915 6
      vertex -42.7683 21.7915 58.01
    endloop
  endfacet
  facet normal 0.90815 -0.418644 0
    outer loop
      vertex -44.3462 18.3688 6
      vertex -44 19.1198 58.01
      vertex -44.3462 18.3688 58.0096
    endloop
  endfacet
  facet normal 0.908142 -0.418663 3.27312e-07
    outer loop
      vertex -44 19.1198 58.01
      vertex -44.3462 18.3688 6
      vertex -42.7683 21.7915 6
    endloop
  endfacet
  facet normal 0.78532 -0.61909 0
    outer loop
      vertex -38.5825 28.5312 58.01
      vertex -36.4995 31.1735 6
      vertex -36.4995 31.1735 58.0084
    endloop
  endfacet
  facet normal 0.785313 -0.619099 0
    outer loop
      vertex -38.8328 28.2137 6
      vertex -38.5825 28.5312 58.01
      vertex -38.8328 28.2137 58.01
    endloop
  endfacet
  facet normal 0.785319 -0.619091 -7.74916e-08
    outer loop
      vertex -38.5825 28.5312 58.01
      vertex -38.8328 28.2137 6
      vertex -36.4995 31.1735 6
    endloop
  endfacet
  facet normal 0.346117 0.938191 -0
    outer loop
      vertex -14.8328 -45.6507 6
      vertex -18.3688 -44.3462 58.0055
      vertex -14.8328 -45.6507 58.0063
    endloop
  endfacet
  facet normal 0.346117 0.938191 0
    outer loop
      vertex -18.3688 -44.3462 58.0055
      vertex -14.8328 -45.6507 6
      vertex -18.3688 -44.3462 6
    endloop
  endfacet
  facet normal 0.271457 0.962451 -0
    outer loop
      vertex -11.2054 -46.6738 6
      vertex -14.8328 -45.6507 58.0063
      vertex -11.2054 -46.6738 58.0075
    endloop
  endfacet
  facet normal 0.271457 0.962451 0
    outer loop
      vertex -14.8328 -45.6507 58.0063
      vertex -11.2054 -46.6738 6
      vertex -14.8328 -45.6507 6
    endloop
  endfacet
  facet normal -0.734315 0.678809 0
    outer loop
      vertex 33.9411 -33.9411 6
      vertex 36.4995 -31.1735 58.0084
      vertex 36.4995 -31.1735 6
    endloop
  endfacet
  facet normal -0.734315 0.678809 0
    outer loop
      vertex 36.4995 -31.1735 58.0084
      vertex 33.9411 -33.9411 6
      vertex 33.9411 -33.9411 58.007
    endloop
  endfacet
  facet normal -0.678809 0.734315 0
    outer loop
      vertex 33.9411 -33.9411 6
      vertex 31.1735 -36.4995 58.006
      vertex 33.9411 -33.9411 58.007
    endloop
  endfacet
  facet normal -0.678809 0.734315 0
    outer loop
      vertex 31.1735 -36.4995 58.006
      vertex 33.9411 -33.9411 6
      vertex 31.1735 -36.4995 6
    endloop
  endfacet
  facet normal 0.0392683 0.999229 -0
    outer loop
      vertex 0 -48 6
      vertex -3.76604 -47.852 58.01
      vertex 0 -48 58.01
    endloop
  endfacet
  facet normal 0.0392683 0.999229 0
    outer loop
      vertex -3.76604 -47.852 58.01
      vertex 0 -48 6
      vertex -3.76604 -47.852 6
    endloop
  endfacet
  facet normal 0.831474 0.555563 0
    outer loop
      vertex -38.8328 -28.2137 58.01
      vertex -40.9267 -25.0799 6
      vertex -40.9267 -25.0799 58.01
    endloop
  endfacet
  facet normal 0.831474 0.555563 0
    outer loop
      vertex -40.9267 -25.0799 6
      vertex -38.8328 -28.2137 58.01
      vertex -38.8328 -28.2137 6
    endloop
  endfacet
  facet normal 0.418663 0.908142 -0
    outer loop
      vertex -18.3688 -44.3462 6
      vertex -21.7915 -42.7683 58.0051
      vertex -18.3688 -44.3462 58.0055
    endloop
  endfacet
  facet normal 0.418663 0.908142 0
    outer loop
      vertex -21.7915 -42.7683 58.0051
      vertex -18.3688 -44.3462 6
      vertex -21.7915 -42.7683 6
    endloop
  endfacet
  facet normal 0.734315 -0.678809 0
    outer loop
      vertex -36.4995 31.1735 58.0084
      vertex -33.9411 33.9411 6
      vertex -33.9411 33.9411 58.007
    endloop
  endfacet
  facet normal 0.734315 -0.678809 0
    outer loop
      vertex -33.9411 33.9411 6
      vertex -36.4995 31.1735 58.0084
      vertex -36.4995 31.1735 6
    endloop
  endfacet
  facet normal 0.195064 0.98079 -0
    outer loop
      vertex -7.50885 -47.409 6
      vertex -9.48336 -47.0163 58.0082
      vertex -7.50885 -47.409 58.009
    endloop
  endfacet
  facet normal 0.195067 0.98079 1.25331e-07
    outer loop
      vertex -11.2054 -46.6738 6
      vertex -9.48336 -47.0163 58.0082
      vertex -7.50885 -47.409 6
    endloop
  endfacet
  facet normal 0.195071 0.980789 0
    outer loop
      vertex -9.48336 -47.0163 58.0082
      vertex -11.2054 -46.6738 6
      vertex -11.2054 -46.6738 58.0075
    endloop
  endfacet
  facet normal 0.55552 0.831503 -0
    outer loop
      vertex -25.0799 -40.9267 6
      vertex -25.618 -40.5672 58.0051
      vertex -25.0799 -40.9267 58.005
    endloop
  endfacet
  facet normal 0.555563 0.831474 6.45339e-07
    outer loop
      vertex -28.2137 -38.8328 6
      vertex -25.618 -40.5672 58.0051
      vertex -25.0799 -40.9267 6
    endloop
  endfacet
  facet normal 0.555572 0.831468 0
    outer loop
      vertex -25.618 -40.5672 58.0051
      vertex -28.2137 -38.8328 6
      vertex -28.2137 -38.8328 58.0053
    endloop
  endfacet
  facet normal 0.831474 -0.555563 0
    outer loop
      vertex -40.9267 25.0799 58.01
      vertex -38.8328 28.2137 6
      vertex -38.8328 28.2137 58.01
    endloop
  endfacet
  facet normal 0.831474 -0.555563 0
    outer loop
      vertex -38.8328 28.2137 6
      vertex -40.9267 25.0799 58.01
      vertex -40.9267 25.0799 6
    endloop
  endfacet
endsolid OpenSCAD_Model
