solid OpenSCAD_Model
  facet normal 0.923875 -0.382694 0
    outer loop
      vertex 4.47831 6.49443 2
      vertex 4.57439 6.72638 0
      vertex 4.57439 6.72638 2
    endloop
  endfacet
  facet normal 0.923875 -0.382694 0
    outer loop
      vertex 4.57439 6.72638 0
      vertex 4.47831 6.49443 2
      vertex 4.47831 6.49443 0
    endloop
  endfacet
  facet normal 0.0784629 0.996917 -0
    outer loop
      vertex 6 4.4 0
      vertex 5.7497 4.4197 2
      vertex 6 4.4 2
    endloop
  endfacet
  facet normal 0.0784629 0.996917 0
    outer loop
      vertex 5.7497 4.4197 2
      vertex 6 4.4 0
      vertex 5.7497 4.4197 0
    endloop
  endfacet
  facet normal -0.972372 -0.233435 0
    outer loop
      vertex 7.5803 6.25029 0
      vertex 7.52169 6.49443 2
      vertex 7.52169 6.49443 0
    endloop
  endfacet
  facet normal -0.972372 -0.233435 0
    outer loop
      vertex 7.52169 6.49443 2
      vertex 7.5803 6.25029 0
      vertex 7.5803 6.25029 2
    endloop
  endfacet
  facet normal -0.996917 -0.078466 0
    outer loop
      vertex 7.6 6 0
      vertex 7.5803 6.25029 2
      vertex 7.5803 6.25029 0
    endloop
  endfacet
  facet normal -0.996917 -0.078466 0
    outer loop
      vertex 7.5803 6.25029 2
      vertex 7.6 6 0
      vertex 7.6 6 2
    endloop
  endfacet
  facet normal -0.97237 0.233444 0
    outer loop
      vertex 7.52169 5.50557 0
      vertex 7.5803 5.7497 2
      vertex 7.5803 5.7497 0
    endloop
  endfacet
  facet normal -0.97237 0.233444 0
    outer loop
      vertex 7.5803 5.7497 2
      vertex 7.52169 5.50557 0
      vertex 7.52169 5.50557 2
    endloop
  endfacet
  facet normal 0.996917 0.0784629 0
    outer loop
      vertex 4.4197 5.7497 2
      vertex 4.4 6 0
      vertex 4.4 6 2
    endloop
  endfacet
  facet normal 0.996917 0.0784629 0
    outer loop
      vertex 4.4 6 0
      vertex 4.4197 5.7497 2
      vertex 4.4197 5.7497 0
    endloop
  endfacet
  facet normal -0.996917 0.0784629 0
    outer loop
      vertex 7.5803 5.7497 0
      vertex 7.6 6 2
      vertex 7.6 6 0
    endloop
  endfacet
  facet normal -0.996917 0.0784629 0
    outer loop
      vertex 7.6 6 2
      vertex 7.5803 5.7497 0
      vertex 7.5803 5.7497 2
    endloop
  endfacet
  facet normal 0.0784629 -0.996917 0
    outer loop
      vertex 5.7497 7.5803 0
      vertex 6 7.6 2
      vertex 5.7497 7.5803 2
    endloop
  endfacet
  facet normal 0.0784629 -0.996917 0
    outer loop
      vertex 6 7.6 2
      vertex 5.7497 7.5803 0
      vertex 6 7.6 0
    endloop
  endfacet
  facet normal -0.078466 -0.996917 0
    outer loop
      vertex 6 7.6 0
      vertex 6.25029 7.5803 2
      vertex 6 7.6 2
    endloop
  endfacet
  facet normal -0.078466 -0.996917 -0
    outer loop
      vertex 6.25029 7.5803 2
      vertex 6 7.6 0
      vertex 6.25029 7.5803 0
    endloop
  endfacet
  facet normal -0.852644 0.522492 0
    outer loop
      vertex 7.29443 5.05954 0
      vertex 7.42561 5.27361 2
      vertex 7.42561 5.27361 0
    endloop
  endfacet
  facet normal -0.852644 0.522492 0
    outer loop
      vertex 7.42561 5.27361 2
      vertex 7.29443 5.05954 0
      vertex 7.29443 5.05954 2
    endloop
  endfacet
  facet normal -0.382694 0.923875 0
    outer loop
      vertex 6.72638 4.57439 0
      vertex 6.49443 4.47831 2
      vertex 6.72638 4.57439 2
    endloop
  endfacet
  facet normal -0.382694 0.923875 0
    outer loop
      vertex 6.49443 4.47831 2
      vertex 6.72638 4.57439 0
      vertex 6.49443 4.47831 0
    endloop
  endfacet
  facet normal 0.233444 -0.97237 0
    outer loop
      vertex 5.50557 7.52169 0
      vertex 5.7497 7.5803 2
      vertex 5.50557 7.52169 2
    endloop
  endfacet
  facet normal 0.233444 -0.97237 0
    outer loop
      vertex 5.7497 7.5803 2
      vertex 5.50557 7.52169 0
      vertex 5.7497 7.5803 0
    endloop
  endfacet
  facet normal 0.649465 -0.760391 0
    outer loop
      vertex 4.86863 7.13137 0
      vertex 5.05954 7.29443 2
      vertex 4.86863 7.13137 2
    endloop
  endfacet
  facet normal 0.649465 -0.760391 0
    outer loop
      vertex 5.05954 7.29443 2
      vertex 4.86863 7.13137 0
      vertex 5.05954 7.29443 0
    endloop
  endfacet
  facet normal 0.97237 0.233444 0
    outer loop
      vertex 4.47831 5.50557 2
      vertex 4.4197 5.7497 0
      vertex 4.4197 5.7497 2
    endloop
  endfacet
  facet normal 0.97237 0.233444 0
    outer loop
      vertex 4.4197 5.7497 0
      vertex 4.47831 5.50557 2
      vertex 4.47831 5.50557 0
    endloop
  endfacet
  facet normal 0.522492 0.852644 -0
    outer loop
      vertex 5.27361 4.57439 0
      vertex 5.05954 4.70557 2
      vertex 5.27361 4.57439 2
    endloop
  endfacet
  facet normal 0.522492 0.852644 0
    outer loop
      vertex 5.05954 4.70557 2
      vertex 5.27361 4.57439 0
      vertex 5.05954 4.70557 0
    endloop
  endfacet
  facet normal 0.38268 0.923881 -0
    outer loop
      vertex 5.50557 4.47831 0
      vertex 5.27361 4.57439 2
      vertex 5.50557 4.47831 2
    endloop
  endfacet
  facet normal 0.38268 0.923881 0
    outer loop
      vertex 5.27361 4.57439 2
      vertex 5.50557 4.47831 0
      vertex 5.27361 4.57439 0
    endloop
  endfacet
  facet normal -0.382694 -0.923875 0
    outer loop
      vertex 6.49443 7.52169 0
      vertex 6.72638 7.42561 2
      vertex 6.49443 7.52169 2
    endloop
  endfacet
  facet normal -0.382694 -0.923875 -0
    outer loop
      vertex 6.72638 7.42561 2
      vertex 6.49443 7.52169 0
      vertex 6.72638 7.42561 0
    endloop
  endfacet
  facet normal -0.233435 -0.972372 0
    outer loop
      vertex 6.25029 7.5803 0
      vertex 6.49443 7.52169 2
      vertex 6.25029 7.5803 2
    endloop
  endfacet
  facet normal -0.233435 -0.972372 -0
    outer loop
      vertex 6.49443 7.52169 2
      vertex 6.25029 7.5803 0
      vertex 6.49443 7.52169 0
    endloop
  endfacet
  facet normal 0.923881 0.38268 0
    outer loop
      vertex 4.57439 5.27361 2
      vertex 4.47831 5.50557 0
      vertex 4.47831 5.50557 2
    endloop
  endfacet
  facet normal 0.923881 0.38268 0
    outer loop
      vertex 4.47831 5.50557 0
      vertex 4.57439 5.27361 2
      vertex 4.57439 5.27361 0
    endloop
  endfacet
  facet normal -0.649465 -0.760391 0
    outer loop
      vertex 6.94046 7.29443 0
      vertex 7.13137 7.13137 2
      vertex 6.94046 7.29443 2
    endloop
  endfacet
  facet normal -0.649465 -0.760391 -0
    outer loop
      vertex 7.13137 7.13137 2
      vertex 6.94046 7.29443 0
      vertex 7.13137 7.13137 0
    endloop
  endfacet
  facet normal 0.38268 -0.923881 0
    outer loop
      vertex 5.27361 7.42561 0
      vertex 5.50557 7.52169 2
      vertex 5.27361 7.42561 2
    endloop
  endfacet
  facet normal 0.38268 -0.923881 0
    outer loop
      vertex 5.50557 7.52169 2
      vertex 5.27361 7.42561 0
      vertex 5.50557 7.52169 0
    endloop
  endfacet
  facet normal -0.760391 -0.649465 0
    outer loop
      vertex 7.29443 6.94046 0
      vertex 7.13137 7.13137 2
      vertex 7.13137 7.13137 0
    endloop
  endfacet
  facet normal -0.760391 -0.649465 0
    outer loop
      vertex 7.13137 7.13137 2
      vertex 7.29443 6.94046 0
      vertex 7.29443 6.94046 2
    endloop
  endfacet
  facet normal -0.233435 0.972372 0
    outer loop
      vertex 6.49443 4.47831 0
      vertex 6.25029 4.4197 2
      vertex 6.49443 4.47831 2
    endloop
  endfacet
  facet normal -0.233435 0.972372 0
    outer loop
      vertex 6.25029 4.4197 2
      vertex 6.49443 4.47831 0
      vertex 6.25029 4.4197 0
    endloop
  endfacet
  facet normal 0.233444 0.97237 -0
    outer loop
      vertex 5.7497 4.4197 0
      vertex 5.50557 4.47831 2
      vertex 5.7497 4.4197 2
    endloop
  endfacet
  facet normal 0.233444 0.97237 0
    outer loop
      vertex 5.50557 4.47831 2
      vertex 5.7497 4.4197 0
      vertex 5.50557 4.47831 0
    endloop
  endfacet
  facet normal 0.760391 -0.649465 0
    outer loop
      vertex 4.70557 6.94046 2
      vertex 4.86863 7.13137 0
      vertex 4.86863 7.13137 2
    endloop
  endfacet
  facet normal 0.760391 -0.649465 0
    outer loop
      vertex 4.86863 7.13137 0
      vertex 4.70557 6.94046 2
      vertex 4.70557 6.94046 0
    endloop
  endfacet
  facet normal 0.852644 0.522492 0
    outer loop
      vertex 4.70557 5.05954 2
      vertex 4.57439 5.27361 0
      vertex 4.57439 5.27361 2
    endloop
  endfacet
  facet normal 0.852644 0.522492 0
    outer loop
      vertex 4.57439 5.27361 0
      vertex 4.70557 5.05954 2
      vertex 4.70557 5.05954 0
    endloop
  endfacet
  facet normal -0.522474 -0.852655 0
    outer loop
      vertex 6.72638 7.42561 0
      vertex 6.94046 7.29443 2
      vertex 6.72638 7.42561 2
    endloop
  endfacet
  facet normal -0.522474 -0.852655 -0
    outer loop
      vertex 6.94046 7.29443 2
      vertex 6.72638 7.42561 0
      vertex 6.94046 7.29443 0
    endloop
  endfacet
  facet normal -0.522474 0.852655 0
    outer loop
      vertex 6.94046 4.70557 0
      vertex 6.72638 4.57439 2
      vertex 6.94046 4.70557 2
    endloop
  endfacet
  facet normal -0.522474 0.852655 0
    outer loop
      vertex 6.72638 4.57439 2
      vertex 6.94046 4.70557 0
      vertex 6.72638 4.57439 0
    endloop
  endfacet
  facet normal 0.522492 -0.852644 0
    outer loop
      vertex 5.05954 7.29443 0
      vertex 5.27361 7.42561 2
      vertex 5.05954 7.29443 2
    endloop
  endfacet
  facet normal 0.522492 -0.852644 0
    outer loop
      vertex 5.27361 7.42561 2
      vertex 5.05954 7.29443 0
      vertex 5.27361 7.42561 0
    endloop
  endfacet
  facet normal -0.852655 -0.522474 0
    outer loop
      vertex 7.42561 6.72638 0
      vertex 7.29443 6.94046 2
      vertex 7.29443 6.94046 0
    endloop
  endfacet
  facet normal -0.852655 -0.522474 0
    outer loop
      vertex 7.29443 6.94046 2
      vertex 7.42561 6.72638 0
      vertex 7.42561 6.72638 2
    endloop
  endfacet
  facet normal 0.760391 0.649465 0
    outer loop
      vertex 4.86863 4.86863 2
      vertex 4.70557 5.05954 0
      vertex 4.70557 5.05954 2
    endloop
  endfacet
  facet normal 0.760391 0.649465 0
    outer loop
      vertex 4.70557 5.05954 0
      vertex 4.86863 4.86863 2
      vertex 4.86863 4.86863 0
    endloop
  endfacet
  facet normal -0.923881 0.38268 0
    outer loop
      vertex 7.42561 5.27361 0
      vertex 7.52169 5.50557 2
      vertex 7.52169 5.50557 0
    endloop
  endfacet
  facet normal -0.923881 0.38268 0
    outer loop
      vertex 7.52169 5.50557 2
      vertex 7.42561 5.27361 0
      vertex 7.42561 5.27361 2
    endloop
  endfacet
  facet normal 0.649465 0.760391 -0
    outer loop
      vertex 5.05954 4.70557 0
      vertex 4.86863 4.86863 2
      vertex 5.05954 4.70557 2
    endloop
  endfacet
  facet normal 0.649465 0.760391 0
    outer loop
      vertex 4.86863 4.86863 2
      vertex 5.05954 4.70557 0
      vertex 4.86863 4.86863 0
    endloop
  endfacet
  facet normal -0.760391 0.649465 0
    outer loop
      vertex 7.13137 4.86863 0
      vertex 7.29443 5.05954 2
      vertex 7.29443 5.05954 0
    endloop
  endfacet
  facet normal -0.760391 0.649465 0
    outer loop
      vertex 7.29443 5.05954 2
      vertex 7.13137 4.86863 0
      vertex 7.13137 4.86863 2
    endloop
  endfacet
  facet normal -0.649465 0.760391 0
    outer loop
      vertex 7.13137 4.86863 0
      vertex 6.94046 4.70557 2
      vertex 7.13137 4.86863 2
    endloop
  endfacet
  facet normal -0.649465 0.760391 0
    outer loop
      vertex 6.94046 4.70557 2
      vertex 7.13137 4.86863 0
      vertex 6.94046 4.70557 0
    endloop
  endfacet
  facet normal 0.972372 -0.233435 0
    outer loop
      vertex 4.4197 6.25029 2
      vertex 4.47831 6.49443 0
      vertex 4.47831 6.49443 2
    endloop
  endfacet
  facet normal 0.972372 -0.233435 0
    outer loop
      vertex 4.47831 6.49443 0
      vertex 4.4197 6.25029 2
      vertex 4.4197 6.25029 0
    endloop
  endfacet
  facet normal 0.852655 -0.522474 0
    outer loop
      vertex 4.57439 6.72638 2
      vertex 4.70557 6.94046 0
      vertex 4.70557 6.94046 2
    endloop
  endfacet
  facet normal 0.852655 -0.522474 0
    outer loop
      vertex 4.70557 6.94046 0
      vertex 4.57439 6.72638 2
      vertex 4.57439 6.72638 0
    endloop
  endfacet
  facet normal -0.923875 -0.382694 0
    outer loop
      vertex 7.52169 6.49443 0
      vertex 7.42561 6.72638 2
      vertex 7.42561 6.72638 0
    endloop
  endfacet
  facet normal -0.923875 -0.382694 0
    outer loop
      vertex 7.42561 6.72638 2
      vertex 7.52169 6.49443 0
      vertex 7.52169 6.49443 2
    endloop
  endfacet
  facet normal 0.996917 -0.078466 0
    outer loop
      vertex 4.4 6 2
      vertex 4.4197 6.25029 0
      vertex 4.4197 6.25029 2
    endloop
  endfacet
  facet normal 0.996917 -0.078466 0
    outer loop
      vertex 4.4197 6.25029 0
      vertex 4.4 6 2
      vertex 4.4 6 0
    endloop
  endfacet
  facet normal -0.078466 0.996917 0
    outer loop
      vertex 6.25029 4.4197 0
      vertex 6 4.4 2
      vertex 6.25029 4.4197 2
    endloop
  endfacet
  facet normal -0.078466 0.996917 0
    outer loop
      vertex 6 4.4 2
      vertex 6.25029 4.4197 0
      vertex 6 4.4 0
    endloop
  endfacet
  facet normal 0.233406 0.972379 -0
    outer loop
      vertex 5.7497 52.2197 0
      vertex 5.50557 52.2783 2
      vertex 5.7497 52.2197 2
    endloop
  endfacet
  facet normal 0.233406 0.972379 0
    outer loop
      vertex 5.50557 52.2783 2
      vertex 5.7497 52.2197 0
      vertex 5.50557 52.2783 0
    endloop
  endfacet
  facet normal -0.972364 -0.233471 0
    outer loop
      vertex 7.5803 54.0503 0
      vertex 7.52169 54.2944 2
      vertex 7.52169 54.2944 0
    endloop
  endfacet
  facet normal -0.972364 -0.233471 0
    outer loop
      vertex 7.52169 54.2944 2
      vertex 7.5803 54.0503 0
      vertex 7.5803 54.0503 2
    endloop
  endfacet
  facet normal -0.996917 -0.0784629 0
    outer loop
      vertex 7.6 53.8 0
      vertex 7.5803 54.0503 2
      vertex 7.5803 54.0503 0
    endloop
  endfacet
  facet normal -0.996917 -0.0784629 0
    outer loop
      vertex 7.5803 54.0503 2
      vertex 7.6 53.8 0
      vertex 7.6 53.8 2
    endloop
  endfacet
  facet normal 0.972364 0.233471 0
    outer loop
      vertex 4.47831 53.3056 2
      vertex 4.4197 53.5497 0
      vertex 4.4197 53.5497 2
    endloop
  endfacet
  facet normal 0.972364 0.233471 0
    outer loop
      vertex 4.4197 53.5497 0
      vertex 4.47831 53.3056 2
      vertex 4.47831 53.3056 0
    endloop
  endfacet
  facet normal -0.852677 0.522439 0
    outer loop
      vertex 7.29443 52.8595 0
      vertex 7.42561 53.0736 2
      vertex 7.42561 53.0736 0
    endloop
  endfacet
  facet normal -0.852677 0.522439 0
    outer loop
      vertex 7.42561 53.0736 2
      vertex 7.29443 52.8595 0
      vertex 7.29443 52.8595 2
    endloop
  endfacet
  facet normal -0.923904 0.382624 0
    outer loop
      vertex 7.42561 53.0736 0
      vertex 7.52169 53.3056 2
      vertex 7.52169 53.3056 0
    endloop
  endfacet
  facet normal -0.923904 0.382624 0
    outer loop
      vertex 7.52169 53.3056 2
      vertex 7.42561 53.0736 0
      vertex 7.42561 53.0736 2
    endloop
  endfacet
  facet normal 0.0784629 -0.996917 0
    outer loop
      vertex 5.7497 55.3803 0
      vertex 6 55.4 2
      vertex 5.7497 55.3803 2
    endloop
  endfacet
  facet normal 0.0784629 -0.996917 0
    outer loop
      vertex 6 55.4 2
      vertex 5.7497 55.3803 0
      vertex 6 55.4 0
    endloop
  endfacet
  facet normal -0.760374 -0.649485 0
    outer loop
      vertex 7.29443 54.7405 0
      vertex 7.13137 54.9314 2
      vertex 7.13137 54.9314 0
    endloop
  endfacet
  facet normal -0.760374 -0.649485 0
    outer loop
      vertex 7.13137 54.9314 2
      vertex 7.29443 54.7405 0
      vertex 7.29443 54.7405 2
    endloop
  endfacet
  facet normal 0.923904 0.382624 0
    outer loop
      vertex 4.57439 53.0736 2
      vertex 4.47831 53.3056 0
      vertex 4.47831 53.3056 2
    endloop
  endfacet
  facet normal 0.923904 0.382624 0
    outer loop
      vertex 4.47831 53.3056 0
      vertex 4.57439 53.0736 2
      vertex 4.57439 53.0736 0
    endloop
  endfacet
  facet normal 0.649327 -0.760509 0
    outer loop
      vertex 4.86863 54.9314 0
      vertex 5.05954 55.0944 2
      vertex 4.86863 54.9314 2
    endloop
  endfacet
  facet normal 0.649327 -0.760509 0
    outer loop
      vertex 5.05954 55.0944 2
      vertex 4.86863 54.9314 0
      vertex 5.05954 55.0944 0
    endloop
  endfacet
  facet normal -0.760374 0.649485 0
    outer loop
      vertex 7.13137 52.6686 0
      vertex 7.29443 52.8595 2
      vertex 7.29443 52.8595 0
    endloop
  endfacet
  facet normal -0.760374 0.649485 0
    outer loop
      vertex 7.29443 52.8595 2
      vertex 7.13137 52.6686 0
      vertex 7.13137 52.6686 2
    endloop
  endfacet
  facet normal -0.233397 -0.972382 0
    outer loop
      vertex 6.25029 55.3803 0
      vertex 6.49443 55.3217 2
      vertex 6.25029 55.3803 2
    endloop
  endfacet
  facet normal -0.233397 -0.972382 -0
    outer loop
      vertex 6.49443 55.3217 2
      vertex 6.25029 55.3803 0
      vertex 6.49443 55.3217 0
    endloop
  endfacet
  facet normal 0.649327 0.760509 -0
    outer loop
      vertex 5.05954 52.5056 0
      vertex 4.86863 52.6686 2
      vertex 5.05954 52.5056 2
    endloop
  endfacet
  facet normal 0.649327 0.760509 0
    outer loop
      vertex 4.86863 52.6686 2
      vertex 5.05954 52.5056 0
      vertex 4.86863 52.6686 0
    endloop
  endfacet
  facet normal 0.996917 0.0784629 0
    outer loop
      vertex 4.4197 53.5497 2
      vertex 4.4 53.8 0
      vertex 4.4 53.8 2
    endloop
  endfacet
  facet normal 0.996917 0.0784629 0
    outer loop
      vertex 4.4 53.8 0
      vertex 4.4197 53.5497 2
      vertex 4.4197 53.5497 0
    endloop
  endfacet
  facet normal 0.233406 -0.972379 0
    outer loop
      vertex 5.50557 55.3217 0
      vertex 5.7497 55.3803 2
      vertex 5.50557 55.3217 2
    endloop
  endfacet
  facet normal 0.233406 -0.972379 0
    outer loop
      vertex 5.7497 55.3803 2
      vertex 5.50557 55.3217 0
      vertex 5.7497 55.3803 0
    endloop
  endfacet
  facet normal 0.972364 -0.233471 0
    outer loop
      vertex 4.4197 54.0503 2
      vertex 4.47831 54.2944 0
      vertex 4.47831 54.2944 2
    endloop
  endfacet
  facet normal 0.972364 -0.233471 0
    outer loop
      vertex 4.47831 54.2944 0
      vertex 4.4197 54.0503 2
      vertex 4.4197 54.0503 0
    endloop
  endfacet
  facet normal -0.382762 -0.923847 0
    outer loop
      vertex 6.49443 55.3217 0
      vertex 6.72638 55.2256 2
      vertex 6.49443 55.3217 2
    endloop
  endfacet
  facet normal -0.382762 -0.923847 -0
    outer loop
      vertex 6.72638 55.2256 2
      vertex 6.49443 55.3217 0
      vertex 6.72638 55.2256 0
    endloop
  endfacet
  facet normal -0.972364 0.233471 0
    outer loop
      vertex 7.52169 53.3056 0
      vertex 7.5803 53.5497 2
      vertex 7.5803 53.5497 0
    endloop
  endfacet
  facet normal -0.972364 0.233471 0
    outer loop
      vertex 7.5803 53.5497 2
      vertex 7.52169 53.3056 0
      vertex 7.52169 53.3056 2
    endloop
  endfacet
  facet normal -0.996917 0.0784629 0
    outer loop
      vertex 7.5803 53.5497 0
      vertex 7.6 53.8 2
      vertex 7.6 53.8 0
    endloop
  endfacet
  facet normal -0.996917 0.0784629 0
    outer loop
      vertex 7.6 53.8 2
      vertex 7.5803 53.5497 0
      vertex 7.5803 53.5497 2
    endloop
  endfacet
  facet normal -0.649327 0.760509 0
    outer loop
      vertex 7.13137 52.6686 0
      vertex 6.94046 52.5056 2
      vertex 7.13137 52.6686 2
    endloop
  endfacet
  facet normal -0.649327 0.760509 0
    outer loop
      vertex 6.94046 52.5056 2
      vertex 7.13137 52.6686 0
      vertex 6.94046 52.5056 0
    endloop
  endfacet
  facet normal 0.923904 -0.382624 0
    outer loop
      vertex 4.47831 54.2944 2
      vertex 4.57439 54.5264 0
      vertex 4.57439 54.5264 2
    endloop
  endfacet
  facet normal 0.923904 -0.382624 0
    outer loop
      vertex 4.57439 54.5264 0
      vertex 4.47831 54.2944 2
      vertex 4.47831 54.2944 0
    endloop
  endfacet
  facet normal -0.382762 0.923847 0
    outer loop
      vertex 6.72638 52.3744 0
      vertex 6.49443 52.2783 2
      vertex 6.72638 52.3744 2
    endloop
  endfacet
  facet normal -0.382762 0.923847 0
    outer loop
      vertex 6.49443 52.2783 2
      vertex 6.72638 52.3744 0
      vertex 6.49443 52.2783 0
    endloop
  endfacet
  facet normal -0.852677 -0.522439 0
    outer loop
      vertex 7.42561 54.5264 0
      vertex 7.29443 54.7405 2
      vertex 7.29443 54.7405 0
    endloop
  endfacet
  facet normal -0.852677 -0.522439 0
    outer loop
      vertex 7.29443 54.7405 2
      vertex 7.42561 54.5264 0
      vertex 7.42561 54.5264 2
    endloop
  endfacet
  facet normal 0.760374 0.649485 0
    outer loop
      vertex 4.86863 52.6686 2
      vertex 4.70557 52.8595 0
      vertex 4.70557 52.8595 2
    endloop
  endfacet
  facet normal 0.760374 0.649485 0
    outer loop
      vertex 4.70557 52.8595 0
      vertex 4.86863 52.6686 2
      vertex 4.86863 52.6686 0
    endloop
  endfacet
  facet normal 0.382748 -0.923853 0
    outer loop
      vertex 5.27361 55.2256 0
      vertex 5.50557 55.3217 2
      vertex 5.27361 55.2256 2
    endloop
  endfacet
  facet normal 0.382748 -0.923853 0
    outer loop
      vertex 5.50557 55.3217 2
      vertex 5.27361 55.2256 0
      vertex 5.50557 55.3217 0
    endloop
  endfacet
  facet normal 0.852677 -0.522439 0
    outer loop
      vertex 4.57439 54.5264 2
      vertex 4.70557 54.7405 0
      vertex 4.70557 54.7405 2
    endloop
  endfacet
  facet normal 0.852677 -0.522439 0
    outer loop
      vertex 4.70557 54.7405 0
      vertex 4.57439 54.5264 2
      vertex 4.57439 54.5264 0
    endloop
  endfacet
  facet normal -0.649327 -0.760509 0
    outer loop
      vertex 6.94046 55.0944 0
      vertex 7.13137 54.9314 2
      vertex 6.94046 55.0944 2
    endloop
  endfacet
  facet normal -0.649327 -0.760509 -0
    outer loop
      vertex 7.13137 54.9314 2
      vertex 6.94046 55.0944 0
      vertex 7.13137 54.9314 0
    endloop
  endfacet
  facet normal -0.522532 -0.85262 0
    outer loop
      vertex 6.72638 55.2256 0
      vertex 6.94046 55.0944 2
      vertex 6.72638 55.2256 2
    endloop
  endfacet
  facet normal -0.522532 -0.85262 -0
    outer loop
      vertex 6.94046 55.0944 2
      vertex 6.72638 55.2256 0
      vertex 6.94046 55.0944 0
    endloop
  endfacet
  facet normal -0.522532 0.85262 0
    outer loop
      vertex 6.94046 52.5056 0
      vertex 6.72638 52.3744 2
      vertex 6.94046 52.5056 2
    endloop
  endfacet
  facet normal -0.522532 0.85262 0
    outer loop
      vertex 6.72638 52.3744 2
      vertex 6.94046 52.5056 0
      vertex 6.72638 52.3744 0
    endloop
  endfacet
  facet normal -0.233397 0.972382 0
    outer loop
      vertex 6.49443 52.2783 0
      vertex 6.25029 52.2197 2
      vertex 6.49443 52.2783 2
    endloop
  endfacet
  facet normal -0.233397 0.972382 0
    outer loop
      vertex 6.25029 52.2197 2
      vertex 6.49443 52.2783 0
      vertex 6.25029 52.2197 0
    endloop
  endfacet
  facet normal -0.078466 0.996917 0
    outer loop
      vertex 6.25029 52.2197 0
      vertex 6 52.2 2
      vertex 6.25029 52.2197 2
    endloop
  endfacet
  facet normal -0.078466 0.996917 0
    outer loop
      vertex 6 52.2 2
      vertex 6.25029 52.2197 0
      vertex 6 52.2 0
    endloop
  endfacet
  facet normal -0.078466 -0.996917 0
    outer loop
      vertex 6 55.4 0
      vertex 6.25029 55.3803 2
      vertex 6 55.4 2
    endloop
  endfacet
  facet normal -0.078466 -0.996917 -0
    outer loop
      vertex 6.25029 55.3803 2
      vertex 6 55.4 0
      vertex 6.25029 55.3803 0
    endloop
  endfacet
  facet normal 0.852677 0.522439 0
    outer loop
      vertex 4.70557 52.8595 2
      vertex 4.57439 53.0736 0
      vertex 4.57439 53.0736 2
    endloop
  endfacet
  facet normal 0.852677 0.522439 0
    outer loop
      vertex 4.57439 53.0736 0
      vertex 4.70557 52.8595 2
      vertex 4.70557 52.8595 0
    endloop
  endfacet
  facet normal -0.923904 -0.382624 0
    outer loop
      vertex 7.52169 54.2944 0
      vertex 7.42561 54.5264 2
      vertex 7.42561 54.5264 0
    endloop
  endfacet
  facet normal -0.923904 -0.382624 0
    outer loop
      vertex 7.42561 54.5264 2
      vertex 7.52169 54.2944 0
      vertex 7.52169 54.2944 2
    endloop
  endfacet
  facet normal 0.52255 -0.852609 0
    outer loop
      vertex 5.05954 55.0944 0
      vertex 5.27361 55.2256 2
      vertex 5.05954 55.0944 2
    endloop
  endfacet
  facet normal 0.52255 -0.852609 0
    outer loop
      vertex 5.27361 55.2256 2
      vertex 5.05954 55.0944 0
      vertex 5.27361 55.2256 0
    endloop
  endfacet
  facet normal 0.996917 -0.0784629 0
    outer loop
      vertex 4.4 53.8 2
      vertex 4.4197 54.0503 0
      vertex 4.4197 54.0503 2
    endloop
  endfacet
  facet normal 0.996917 -0.0784629 0
    outer loop
      vertex 4.4197 54.0503 0
      vertex 4.4 53.8 2
      vertex 4.4 53.8 0
    endloop
  endfacet
  facet normal 0.0784629 0.996917 -0
    outer loop
      vertex 6 52.2 0
      vertex 5.7497 52.2197 2
      vertex 6 52.2 2
    endloop
  endfacet
  facet normal 0.0784629 0.996917 0
    outer loop
      vertex 5.7497 52.2197 2
      vertex 6 52.2 0
      vertex 5.7497 52.2197 0
    endloop
  endfacet
  facet normal 0.760374 -0.649485 0
    outer loop
      vertex 4.70557 54.7405 2
      vertex 4.86863 54.9314 0
      vertex 4.86863 54.9314 2
    endloop
  endfacet
  facet normal 0.760374 -0.649485 0
    outer loop
      vertex 4.86863 54.9314 0
      vertex 4.70557 54.7405 2
      vertex 4.70557 54.7405 0
    endloop
  endfacet
  facet normal 0.382748 0.923853 -0
    outer loop
      vertex 5.50557 52.2783 0
      vertex 5.27361 52.3744 2
      vertex 5.50557 52.2783 2
    endloop
  endfacet
  facet normal 0.382748 0.923853 0
    outer loop
      vertex 5.27361 52.3744 2
      vertex 5.50557 52.2783 0
      vertex 5.27361 52.3744 0
    endloop
  endfacet
  facet normal 0.52255 0.852609 -0
    outer loop
      vertex 5.27361 52.3744 0
      vertex 5.05954 52.5056 2
      vertex 5.27361 52.3744 2
    endloop
  endfacet
  facet normal 0.52255 0.852609 0
    outer loop
      vertex 5.05954 52.5056 2
      vertex 5.27361 52.3744 0
      vertex 5.05954 52.5056 0
    endloop
  endfacet
  facet normal -0.972922 -0.231136 0
    outer loop
      vertex 165.38 6.25029 0
      vertex 165.322 6.49443 2
      vertex 165.322 6.49443 0
    endloop
  endfacet
  facet normal -0.972922 -0.231136 0
    outer loop
      vertex 165.322 6.49443 2
      vertex 165.38 6.25029 0
      vertex 165.38 6.25029 2
    endloop
  endfacet
  facet normal -0.996823 -0.0796534 0
    outer loop
      vertex 165.4 6 0
      vertex 165.38 6.25029 2
      vertex 165.38 6.25029 0
    endloop
  endfacet
  facet normal -0.996823 -0.0796534 0
    outer loop
      vertex 165.38 6.25029 2
      vertex 165.4 6 0
      vertex 165.4 6 2
    endloop
  endfacet
  facet normal -0.996823 0.0796502 0
    outer loop
      vertex 165.38 5.7497 0
      vertex 165.4 6 2
      vertex 165.4 6 0
    endloop
  endfacet
  facet normal -0.996823 0.0796502 0
    outer loop
      vertex 165.4 6 2
      vertex 165.38 5.7497 0
      vertex 165.38 5.7497 2
    endloop
  endfacet
  facet normal -0.649288 -0.760542 0
    outer loop
      vertex 164.74 7.29443 0
      vertex 164.931 7.13137 2
      vertex 164.74 7.29443 2
    endloop
  endfacet
  facet normal -0.649288 -0.760542 -0
    outer loop
      vertex 164.931 7.13137 2
      vertex 164.74 7.29443 0
      vertex 164.931 7.13137 0
    endloop
  endfacet
  facet normal 0.522616 -0.852568 0
    outer loop
      vertex 162.86 7.29443 0
      vertex 163.074 7.42561 2
      vertex 162.86 7.29443 2
    endloop
  endfacet
  facet normal 0.522616 -0.852568 0
    outer loop
      vertex 163.074 7.42561 2
      vertex 162.86 7.29443 0
      vertex 163.074 7.42561 0
    endloop
  endfacet
  facet normal 0.382624 -0.923904 0
    outer loop
      vertex 163.074 7.42561 0
      vertex 163.306 7.52169 2
      vertex 163.074 7.42561 2
    endloop
  endfacet
  facet normal 0.382624 -0.923904 0
    outer loop
      vertex 163.306 7.52169 2
      vertex 163.074 7.42561 0
      vertex 163.306 7.52169 0
    endloop
  endfacet
  facet normal 0.233561 0.972342 -0
    outer loop
      vertex 163.55 4.4197 0
      vertex 163.306 4.47831 2
      vertex 163.55 4.4197 2
    endloop
  endfacet
  facet normal 0.233561 0.972342 0
    outer loop
      vertex 163.306 4.47831 2
      vertex 163.55 4.4197 0
      vertex 163.306 4.47831 0
    endloop
  endfacet
  facet normal 0.923994 0.382408 0
    outer loop
      vertex 162.374 5.27361 2
      vertex 162.278 5.50557 0
      vertex 162.278 5.50557 2
    endloop
  endfacet
  facet normal 0.923994 0.382408 0
    outer loop
      vertex 162.278 5.50557 0
      vertex 162.374 5.27361 2
      vertex 162.374 5.27361 0
    endloop
  endfacet
  facet normal 0.851199 -0.524843 0
    outer loop
      vertex 162.374 6.72638 2
      vertex 162.506 6.94046 0
      vertex 162.506 6.94046 2
    endloop
  endfacet
  facet normal 0.851199 -0.524843 0
    outer loop
      vertex 162.506 6.94046 0
      vertex 162.374 6.72638 2
      vertex 162.374 6.72638 0
    endloop
  endfacet
  facet normal 0.522616 0.852568 -0
    outer loop
      vertex 163.074 4.57439 0
      vertex 162.86 4.70557 2
      vertex 163.074 4.57439 2
    endloop
  endfacet
  facet normal 0.522616 0.852568 0
    outer loop
      vertex 162.86 4.70557 2
      vertex 163.074 4.57439 0
      vertex 162.86 4.70557 0
    endloop
  endfacet
  facet normal 0.649288 -0.760542 0
    outer loop
      vertex 162.669 7.13137 0
      vertex 162.86 7.29443 2
      vertex 162.669 7.13137 2
    endloop
  endfacet
  facet normal 0.649288 -0.760542 0
    outer loop
      vertex 162.86 7.29443 2
      vertex 162.669 7.13137 0
      vertex 162.86 7.29443 0
    endloop
  endfacet
  facet normal 0.382624 0.923904 -0
    outer loop
      vertex 163.306 4.47831 0
      vertex 163.074 4.57439 2
      vertex 163.306 4.47831 2
    endloop
  endfacet
  facet normal 0.382624 0.923904 0
    outer loop
      vertex 163.074 4.57439 2
      vertex 163.306 4.47831 0
      vertex 163.074 4.57439 0
    endloop
  endfacet
  facet normal -0.233561 0.972342 0
    outer loop
      vertex 164.294 4.47831 0
      vertex 164.05 4.4197 2
      vertex 164.294 4.47831 2
    endloop
  endfacet
  facet normal -0.233561 0.972342 0
    outer loop
      vertex 164.05 4.4197 2
      vertex 164.294 4.47831 0
      vertex 164.05 4.4197 0
    endloop
  endfacet
  facet normal 0.760509 -0.649327 0
    outer loop
      vertex 162.506 6.94046 2
      vertex 162.669 7.13137 0
      vertex 162.669 7.13137 2
    endloop
  endfacet
  facet normal 0.760509 -0.649327 0
    outer loop
      vertex 162.669 7.13137 0
      vertex 162.506 6.94046 2
      vertex 162.506 6.94046 0
    endloop
  endfacet
  facet normal -0.760509 -0.649327 0
    outer loop
      vertex 165.094 6.94046 0
      vertex 164.931 7.13137 2
      vertex 164.931 7.13137 0
    endloop
  endfacet
  facet normal -0.760509 -0.649327 0
    outer loop
      vertex 164.931 7.13137 2
      vertex 165.094 6.94046 0
      vertex 165.094 6.94046 2
    endloop
  endfacet
  facet normal 0.233561 -0.972342 0
    outer loop
      vertex 163.306 7.52169 0
      vertex 163.55 7.5803 2
      vertex 163.306 7.52169 2
    endloop
  endfacet
  facet normal 0.233561 -0.972342 0
    outer loop
      vertex 163.55 7.5803 2
      vertex 163.306 7.52169 0
      vertex 163.55 7.5803 0
    endloop
  endfacet
  facet normal -0.760509 0.649327 0
    outer loop
      vertex 164.931 4.86863 0
      vertex 165.094 5.05954 2
      vertex 165.094 5.05954 0
    endloop
  endfacet
  facet normal -0.760509 0.649327 0
    outer loop
      vertex 165.094 5.05954 2
      vertex 164.931 4.86863 0
      vertex 164.931 4.86863 2
    endloop
  endfacet
  facet normal -0.382624 0.923904 0
    outer loop
      vertex 164.526 4.57439 0
      vertex 164.294 4.47831 2
      vertex 164.526 4.57439 2
    endloop
  endfacet
  facet normal -0.382624 0.923904 0
    outer loop
      vertex 164.294 4.47831 2
      vertex 164.526 4.57439 0
      vertex 164.294 4.47831 0
    endloop
  endfacet
  facet normal 0.972922 -0.231136 0
    outer loop
      vertex 162.22 6.25029 2
      vertex 162.278 6.49443 0
      vertex 162.278 6.49443 2
    endloop
  endfacet
  facet normal 0.972922 -0.231136 0
    outer loop
      vertex 162.278 6.49443 0
      vertex 162.22 6.25029 2
      vertex 162.22 6.25029 0
    endloop
  endfacet
  facet normal -0.522616 0.852568 0
    outer loop
      vertex 164.74 4.70557 0
      vertex 164.526 4.57439 2
      vertex 164.74 4.70557 2
    endloop
  endfacet
  facet normal -0.522616 0.852568 0
    outer loop
      vertex 164.526 4.57439 2
      vertex 164.74 4.70557 0
      vertex 164.526 4.57439 0
    endloop
  endfacet
  facet normal -0.382624 -0.923904 0
    outer loop
      vertex 164.294 7.52169 0
      vertex 164.526 7.42561 2
      vertex 164.294 7.52169 2
    endloop
  endfacet
  facet normal -0.382624 -0.923904 -0
    outer loop
      vertex 164.526 7.42561 2
      vertex 164.294 7.52169 0
      vertex 164.526 7.42561 0
    endloop
  endfacet
  facet normal 0.972919 0.231145 0
    outer loop
      vertex 162.278 5.50557 2
      vertex 162.22 5.7497 0
      vertex 162.22 5.7497 2
    endloop
  endfacet
  facet normal 0.972919 0.231145 0
    outer loop
      vertex 162.22 5.7497 0
      vertex 162.278 5.50557 2
      vertex 162.278 5.50557 0
    endloop
  endfacet
  facet normal -0.649288 0.760542 0
    outer loop
      vertex 164.931 4.86863 0
      vertex 164.74 4.70557 2
      vertex 164.931 4.86863 2
    endloop
  endfacet
  facet normal -0.649288 0.760542 0
    outer loop
      vertex 164.74 4.70557 2
      vertex 164.931 4.86863 0
      vertex 164.74 4.70557 0
    endloop
  endfacet
  facet normal -0.522616 -0.852568 0
    outer loop
      vertex 164.526 7.42561 0
      vertex 164.74 7.29443 2
      vertex 164.526 7.42561 2
    endloop
  endfacet
  facet normal -0.522616 -0.852568 -0
    outer loop
      vertex 164.74 7.29443 2
      vertex 164.526 7.42561 0
      vertex 164.74 7.29443 0
    endloop
  endfacet
  facet normal 0.0785565 0.99691 -0
    outer loop
      vertex 163.8 4.4 0
      vertex 163.55 4.4197 2
      vertex 163.8 4.4 2
    endloop
  endfacet
  facet normal 0.0785565 0.99691 0
    outer loop
      vertex 163.55 4.4197 2
      vertex 163.8 4.4 0
      vertex 163.55 4.4197 0
    endloop
  endfacet
  facet normal -0.851188 0.52486 0
    outer loop
      vertex 165.094 5.05954 0
      vertex 165.226 5.27361 2
      vertex 165.226 5.27361 0
    endloop
  endfacet
  facet normal -0.851188 0.52486 0
    outer loop
      vertex 165.226 5.27361 2
      vertex 165.094 5.05954 0
      vertex 165.094 5.05954 2
    endloop
  endfacet
  facet normal 0.760509 0.649327 0
    outer loop
      vertex 162.669 4.86863 2
      vertex 162.506 5.05954 0
      vertex 162.506 5.05954 2
    endloop
  endfacet
  facet normal 0.760509 0.649327 0
    outer loop
      vertex 162.506 5.05954 0
      vertex 162.669 4.86863 2
      vertex 162.669 4.86863 0
    endloop
  endfacet
  facet normal 0.851188 0.52486 0
    outer loop
      vertex 162.506 5.05954 2
      vertex 162.374 5.27361 0
      vertex 162.374 5.27361 2
    endloop
  endfacet
  facet normal 0.851188 0.52486 0
    outer loop
      vertex 162.374 5.27361 0
      vertex 162.506 5.05954 2
      vertex 162.506 5.05954 0
    endloop
  endfacet
  facet normal -0.972919 0.231145 0
    outer loop
      vertex 165.322 5.50557 0
      vertex 165.38 5.7497 2
      vertex 165.38 5.7497 0
    endloop
  endfacet
  facet normal -0.972919 0.231145 0
    outer loop
      vertex 165.38 5.7497 2
      vertex 165.322 5.50557 0
      vertex 165.322 5.50557 2
    endloop
  endfacet
  facet normal 0.0785565 -0.99691 0
    outer loop
      vertex 163.55 7.5803 0
      vertex 163.8 7.6 2
      vertex 163.55 7.5803 2
    endloop
  endfacet
  facet normal 0.0785565 -0.99691 0
    outer loop
      vertex 163.8 7.6 2
      vertex 163.55 7.5803 0
      vertex 163.8 7.6 0
    endloop
  endfacet
  facet normal -0.0785565 -0.99691 0
    outer loop
      vertex 163.8 7.6 0
      vertex 164.05 7.5803 2
      vertex 163.8 7.6 2
    endloop
  endfacet
  facet normal -0.0785565 -0.99691 -0
    outer loop
      vertex 164.05 7.5803 2
      vertex 163.8 7.6 0
      vertex 164.05 7.5803 0
    endloop
  endfacet
  facet normal 0.923988 -0.382422 0
    outer loop
      vertex 162.278 6.49443 2
      vertex 162.374 6.72638 0
      vertex 162.374 6.72638 2
    endloop
  endfacet
  facet normal 0.923988 -0.382422 0
    outer loop
      vertex 162.374 6.72638 0
      vertex 162.278 6.49443 2
      vertex 162.278 6.49443 0
    endloop
  endfacet
  facet normal -0.851199 -0.524843 0
    outer loop
      vertex 165.226 6.72638 0
      vertex 165.094 6.94046 2
      vertex 165.094 6.94046 0
    endloop
  endfacet
  facet normal -0.851199 -0.524843 0
    outer loop
      vertex 165.094 6.94046 2
      vertex 165.226 6.72638 0
      vertex 165.226 6.72638 2
    endloop
  endfacet
  facet normal 0.996823 0.0796502 0
    outer loop
      vertex 162.22 5.7497 2
      vertex 162.2 6 0
      vertex 162.2 6 2
    endloop
  endfacet
  facet normal 0.996823 0.0796502 0
    outer loop
      vertex 162.2 6 0
      vertex 162.22 5.7497 2
      vertex 162.22 5.7497 0
    endloop
  endfacet
  facet normal -0.233561 -0.972342 0
    outer loop
      vertex 164.05 7.5803 0
      vertex 164.294 7.52169 2
      vertex 164.05 7.5803 2
    endloop
  endfacet
  facet normal -0.233561 -0.972342 -0
    outer loop
      vertex 164.294 7.52169 2
      vertex 164.05 7.5803 0
      vertex 164.294 7.52169 0
    endloop
  endfacet
  facet normal -0.923994 0.382408 0
    outer loop
      vertex 165.226 5.27361 0
      vertex 165.322 5.50557 2
      vertex 165.322 5.50557 0
    endloop
  endfacet
  facet normal -0.923994 0.382408 0
    outer loop
      vertex 165.322 5.50557 2
      vertex 165.226 5.27361 0
      vertex 165.226 5.27361 2
    endloop
  endfacet
  facet normal -0.923988 -0.382422 0
    outer loop
      vertex 165.322 6.49443 0
      vertex 165.226 6.72638 2
      vertex 165.226 6.72638 0
    endloop
  endfacet
  facet normal -0.923988 -0.382422 0
    outer loop
      vertex 165.226 6.72638 2
      vertex 165.322 6.49443 0
      vertex 165.322 6.49443 2
    endloop
  endfacet
  facet normal 0.649288 0.760542 -0
    outer loop
      vertex 162.86 4.70557 0
      vertex 162.669 4.86863 2
      vertex 162.86 4.70557 2
    endloop
  endfacet
  facet normal 0.649288 0.760542 0
    outer loop
      vertex 162.669 4.86863 2
      vertex 162.86 4.70557 0
      vertex 162.669 4.86863 0
    endloop
  endfacet
  facet normal 0.996823 -0.0796534 0
    outer loop
      vertex 162.2 6 2
      vertex 162.22 6.25029 0
      vertex 162.22 6.25029 2
    endloop
  endfacet
  facet normal 0.996823 -0.0796534 0
    outer loop
      vertex 162.22 6.25029 0
      vertex 162.2 6 2
      vertex 162.2 6 0
    endloop
  endfacet
  facet normal -0.0785565 0.99691 0
    outer loop
      vertex 164.05 4.4197 0
      vertex 163.8 4.4 2
      vertex 164.05 4.4197 2
    endloop
  endfacet
  facet normal -0.0785565 0.99691 0
    outer loop
      vertex 163.8 4.4 2
      vertex 164.05 4.4197 0
      vertex 163.8 4.4 0
    endloop
  endfacet
  facet normal -0.972913 -0.231171 0
    outer loop
      vertex 165.38 54.0503 0
      vertex 165.322 54.2944 2
      vertex 165.322 54.2944 0
    endloop
  endfacet
  facet normal -0.972913 -0.231171 0
    outer loop
      vertex 165.322 54.2944 2
      vertex 165.38 54.0503 0
      vertex 165.38 54.0503 2
    endloop
  endfacet
  facet normal -0.996823 -0.0796502 0
    outer loop
      vertex 165.4 53.8 0
      vertex 165.38 54.0503 2
      vertex 165.38 54.0503 0
    endloop
  endfacet
  facet normal -0.996823 -0.0796502 0
    outer loop
      vertex 165.38 54.0503 2
      vertex 165.4 53.8 0
      vertex 165.4 53.8 2
    endloop
  endfacet
  facet normal -0.382692 0.923876 0
    outer loop
      vertex 164.526 52.3744 0
      vertex 164.294 52.2783 2
      vertex 164.526 52.3744 2
    endloop
  endfacet
  facet normal -0.382692 0.923876 0
    outer loop
      vertex 164.294 52.2783 2
      vertex 164.526 52.3744 0
      vertex 164.294 52.2783 0
    endloop
  endfacet
  facet normal -0.0785565 -0.99691 0
    outer loop
      vertex 163.8 55.4 0
      vertex 164.05 55.3803 2
      vertex 163.8 55.4 2
    endloop
  endfacet
  facet normal -0.0785565 -0.99691 -0
    outer loop
      vertex 164.05 55.3803 2
      vertex 163.8 55.4 0
      vertex 164.05 55.3803 0
    endloop
  endfacet
  facet normal -0.924017 0.382352 0
    outer loop
      vertex 165.226 53.0736 0
      vertex 165.322 53.3056 2
      vertex 165.322 53.3056 0
    endloop
  endfacet
  facet normal -0.924017 0.382352 0
    outer loop
      vertex 165.322 53.3056 2
      vertex 165.226 53.0736 0
      vertex 165.226 53.0736 2
    endloop
  endfacet
  facet normal -0.522674 -0.852533 0
    outer loop
      vertex 164.526 55.2256 0
      vertex 164.74 55.0944 2
      vertex 164.526 55.2256 2
    endloop
  endfacet
  facet normal -0.522674 -0.852533 -0
    outer loop
      vertex 164.74 55.0944 2
      vertex 164.526 55.2256 0
      vertex 164.74 55.0944 0
    endloop
  endfacet
  facet normal -0.64915 -0.76066 0
    outer loop
      vertex 164.74 55.0944 0
      vertex 164.931 54.9314 2
      vertex 164.74 55.0944 2
    endloop
  endfacet
  facet normal -0.64915 -0.76066 -0
    outer loop
      vertex 164.931 54.9314 2
      vertex 164.74 55.0944 0
      vertex 164.931 54.9314 0
    endloop
  endfacet
  facet normal 0.382692 0.923876 -0
    outer loop
      vertex 163.306 52.2783 0
      vertex 163.074 52.3744 2
      vertex 163.306 52.2783 2
    endloop
  endfacet
  facet normal 0.382692 0.923876 0
    outer loop
      vertex 163.074 52.3744 2
      vertex 163.306 52.2783 0
      vertex 163.074 52.3744 0
    endloop
  endfacet
  facet normal 0.0785565 -0.99691 0
    outer loop
      vertex 163.55 55.3803 0
      vertex 163.8 55.4 2
      vertex 163.55 55.3803 2
    endloop
  endfacet
  facet normal 0.0785565 -0.99691 0
    outer loop
      vertex 163.8 55.4 2
      vertex 163.55 55.3803 0
      vertex 163.8 55.4 0
    endloop
  endfacet
  facet normal 0.522674 -0.852533 0
    outer loop
      vertex 162.86 55.0944 0
      vertex 163.074 55.2256 2
      vertex 162.86 55.0944 2
    endloop
  endfacet
  facet normal 0.522674 -0.852533 0
    outer loop
      vertex 163.074 55.2256 2
      vertex 162.86 55.0944 0
      vertex 163.074 55.2256 0
    endloop
  endfacet
  facet normal -0.0785565 0.99691 0
    outer loop
      vertex 164.05 52.2197 0
      vertex 163.8 52.2 2
      vertex 164.05 52.2197 2
    endloop
  endfacet
  facet normal -0.0785565 0.99691 0
    outer loop
      vertex 163.8 52.2 2
      vertex 164.05 52.2197 0
      vertex 163.8 52.2 0
    endloop
  endfacet
  facet normal 0.522674 0.852533 -0
    outer loop
      vertex 163.074 52.3744 0
      vertex 162.86 52.5056 2
      vertex 163.074 52.3744 2
    endloop
  endfacet
  facet normal 0.522674 0.852533 0
    outer loop
      vertex 162.86 52.5056 2
      vertex 163.074 52.3744 0
      vertex 162.86 52.5056 0
    endloop
  endfacet
  facet normal 0.64915 -0.76066 0
    outer loop
      vertex 162.669 54.9314 0
      vertex 162.86 55.0944 2
      vertex 162.669 54.9314 2
    endloop
  endfacet
  facet normal 0.64915 -0.76066 0
    outer loop
      vertex 162.86 55.0944 2
      vertex 162.669 54.9314 0
      vertex 162.86 55.0944 0
    endloop
  endfacet
  facet normal -0.972913 0.231171 0
    outer loop
      vertex 165.322 53.3056 0
      vertex 165.38 53.5497 2
      vertex 165.38 53.5497 0
    endloop
  endfacet
  facet normal -0.972913 0.231171 0
    outer loop
      vertex 165.38 53.5497 2
      vertex 165.322 53.3056 0
      vertex 165.322 53.3056 2
    endloop
  endfacet
  facet normal -0.233524 0.972351 0
    outer loop
      vertex 164.294 52.2783 0
      vertex 164.05 52.2197 2
      vertex 164.294 52.2783 2
    endloop
  endfacet
  facet normal -0.233524 0.972351 0
    outer loop
      vertex 164.05 52.2197 2
      vertex 164.294 52.2783 0
      vertex 164.05 52.2197 0
    endloop
  endfacet
  facet normal 0.760493 -0.649347 0
    outer loop
      vertex 162.506 54.7405 2
      vertex 162.669 54.9314 0
      vertex 162.669 54.9314 2
    endloop
  endfacet
  facet normal 0.760493 -0.649347 0
    outer loop
      vertex 162.669 54.9314 0
      vertex 162.506 54.7405 2
      vertex 162.506 54.7405 0
    endloop
  endfacet
  facet normal -0.760493 -0.649347 0
    outer loop
      vertex 165.094 54.7405 0
      vertex 164.931 54.9314 2
      vertex 164.931 54.9314 0
    endloop
  endfacet
  facet normal -0.760493 -0.649347 0
    outer loop
      vertex 164.931 54.9314 2
      vertex 165.094 54.7405 0
      vertex 165.094 54.7405 2
    endloop
  endfacet
  facet normal 0.924017 -0.382352 0
    outer loop
      vertex 162.278 54.2944 2
      vertex 162.374 54.5264 0
      vertex 162.374 54.5264 2
    endloop
  endfacet
  facet normal 0.924017 -0.382352 0
    outer loop
      vertex 162.374 54.5264 0
      vertex 162.278 54.2944 2
      vertex 162.278 54.2944 0
    endloop
  endfacet
  facet normal 0.233524 -0.972351 0
    outer loop
      vertex 163.306 55.3217 0
      vertex 163.55 55.3803 2
      vertex 163.306 55.3217 2
    endloop
  endfacet
  facet normal 0.233524 -0.972351 0
    outer loop
      vertex 163.55 55.3803 2
      vertex 163.306 55.3217 0
      vertex 163.55 55.3803 0
    endloop
  endfacet
  facet normal 0.382692 -0.923876 0
    outer loop
      vertex 163.074 55.2256 0
      vertex 163.306 55.3217 2
      vertex 163.074 55.2256 2
    endloop
  endfacet
  facet normal 0.382692 -0.923876 0
    outer loop
      vertex 163.306 55.3217 2
      vertex 163.074 55.2256 0
      vertex 163.306 55.3217 0
    endloop
  endfacet
  facet normal 0.0785565 0.99691 -0
    outer loop
      vertex 163.8 52.2 0
      vertex 163.55 52.2197 2
      vertex 163.8 52.2 2
    endloop
  endfacet
  facet normal 0.0785565 0.99691 0
    outer loop
      vertex 163.55 52.2197 2
      vertex 163.8 52.2 0
      vertex 163.55 52.2197 0
    endloop
  endfacet
  facet normal -0.760493 0.649347 0
    outer loop
      vertex 164.931 52.6686 0
      vertex 165.094 52.8595 2
      vertex 165.094 52.8595 0
    endloop
  endfacet
  facet normal -0.760493 0.649347 0
    outer loop
      vertex 165.094 52.8595 2
      vertex 164.931 52.6686 0
      vertex 164.931 52.6686 2
    endloop
  endfacet
  facet normal 0.996823 0.0796502 0
    outer loop
      vertex 162.22 53.5497 2
      vertex 162.2 53.8 0
      vertex 162.2 53.8 2
    endloop
  endfacet
  facet normal 0.996823 0.0796502 0
    outer loop
      vertex 162.2 53.8 0
      vertex 162.22 53.5497 2
      vertex 162.22 53.5497 0
    endloop
  endfacet
  facet normal 0.972913 -0.231171 0
    outer loop
      vertex 162.22 54.0503 2
      vertex 162.278 54.2944 0
      vertex 162.278 54.2944 2
    endloop
  endfacet
  facet normal 0.972913 -0.231171 0
    outer loop
      vertex 162.278 54.2944 0
      vertex 162.22 54.0503 2
      vertex 162.22 54.0503 0
    endloop
  endfacet
  facet normal -0.233524 -0.972351 0
    outer loop
      vertex 164.05 55.3803 0
      vertex 164.294 55.3217 2
      vertex 164.05 55.3803 2
    endloop
  endfacet
  facet normal -0.233524 -0.972351 -0
    outer loop
      vertex 164.294 55.3217 2
      vertex 164.05 55.3803 0
      vertex 164.294 55.3217 0
    endloop
  endfacet
  facet normal 0.972913 0.231171 0
    outer loop
      vertex 162.278 53.3056 2
      vertex 162.22 53.5497 0
      vertex 162.22 53.5497 2
    endloop
  endfacet
  facet normal 0.972913 0.231171 0
    outer loop
      vertex 162.22 53.5497 0
      vertex 162.278 53.3056 2
      vertex 162.278 53.3056 0
    endloop
  endfacet
  facet normal 0.233524 0.972351 -0
    outer loop
      vertex 163.55 52.2197 0
      vertex 163.306 52.2783 2
      vertex 163.55 52.2197 2
    endloop
  endfacet
  facet normal 0.233524 0.972351 0
    outer loop
      vertex 163.306 52.2783 2
      vertex 163.55 52.2197 0
      vertex 163.306 52.2783 0
    endloop
  endfacet
  facet normal -0.996823 0.0796502 0
    outer loop
      vertex 165.38 53.5497 0
      vertex 165.4 53.8 2
      vertex 165.4 53.8 0
    endloop
  endfacet
  facet normal -0.996823 0.0796502 0
    outer loop
      vertex 165.4 53.8 2
      vertex 165.38 53.5497 0
      vertex 165.38 53.5497 2
    endloop
  endfacet
  facet normal -0.851221 0.524807 0
    outer loop
      vertex 165.094 52.8595 0
      vertex 165.226 53.0736 2
      vertex 165.226 53.0736 0
    endloop
  endfacet
  facet normal -0.851221 0.524807 0
    outer loop
      vertex 165.226 53.0736 2
      vertex 165.094 52.8595 0
      vertex 165.094 52.8595 2
    endloop
  endfacet
  facet normal -0.522674 0.852533 0
    outer loop
      vertex 164.74 52.5056 0
      vertex 164.526 52.3744 2
      vertex 164.74 52.5056 2
    endloop
  endfacet
  facet normal -0.522674 0.852533 0
    outer loop
      vertex 164.526 52.3744 2
      vertex 164.74 52.5056 0
      vertex 164.526 52.3744 0
    endloop
  endfacet
  facet normal 0.760493 0.649347 0
    outer loop
      vertex 162.669 52.6686 2
      vertex 162.506 52.8595 0
      vertex 162.506 52.8595 2
    endloop
  endfacet
  facet normal 0.760493 0.649347 0
    outer loop
      vertex 162.506 52.8595 0
      vertex 162.669 52.6686 2
      vertex 162.669 52.6686 0
    endloop
  endfacet
  facet normal 0.924017 0.382352 0
    outer loop
      vertex 162.374 53.0736 2
      vertex 162.278 53.3056 0
      vertex 162.278 53.3056 2
    endloop
  endfacet
  facet normal 0.924017 0.382352 0
    outer loop
      vertex 162.278 53.3056 0
      vertex 162.374 53.0736 2
      vertex 162.374 53.0736 0
    endloop
  endfacet
  facet normal 0.851221 0.524807 0
    outer loop
      vertex 162.506 52.8595 2
      vertex 162.374 53.0736 0
      vertex 162.374 53.0736 2
    endloop
  endfacet
  facet normal 0.851221 0.524807 0
    outer loop
      vertex 162.374 53.0736 0
      vertex 162.506 52.8595 2
      vertex 162.506 52.8595 0
    endloop
  endfacet
  facet normal -0.382692 -0.923876 0
    outer loop
      vertex 164.294 55.3217 0
      vertex 164.526 55.2256 2
      vertex 164.294 55.3217 2
    endloop
  endfacet
  facet normal -0.382692 -0.923876 -0
    outer loop
      vertex 164.526 55.2256 2
      vertex 164.294 55.3217 0
      vertex 164.526 55.2256 0
    endloop
  endfacet
  facet normal -0.851221 -0.524807 0
    outer loop
      vertex 165.226 54.5264 0
      vertex 165.094 54.7405 2
      vertex 165.094 54.7405 0
    endloop
  endfacet
  facet normal -0.851221 -0.524807 0
    outer loop
      vertex 165.094 54.7405 2
      vertex 165.226 54.5264 0
      vertex 165.226 54.5264 2
    endloop
  endfacet
  facet normal 0.851221 -0.524807 0
    outer loop
      vertex 162.374 54.5264 2
      vertex 162.506 54.7405 0
      vertex 162.506 54.7405 2
    endloop
  endfacet
  facet normal 0.851221 -0.524807 0
    outer loop
      vertex 162.506 54.7405 0
      vertex 162.374 54.5264 2
      vertex 162.374 54.5264 0
    endloop
  endfacet
  facet normal 0.996823 -0.0796502 0
    outer loop
      vertex 162.2 53.8 2
      vertex 162.22 54.0503 0
      vertex 162.22 54.0503 2
    endloop
  endfacet
  facet normal 0.996823 -0.0796502 0
    outer loop
      vertex 162.22 54.0503 0
      vertex 162.2 53.8 2
      vertex 162.2 53.8 0
    endloop
  endfacet
  facet normal -0.924017 -0.382352 0
    outer loop
      vertex 165.322 54.2944 0
      vertex 165.226 54.5264 2
      vertex 165.226 54.5264 0
    endloop
  endfacet
  facet normal -0.924017 -0.382352 0
    outer loop
      vertex 165.226 54.5264 2
      vertex 165.322 54.2944 0
      vertex 165.322 54.2944 2
    endloop
  endfacet
  facet normal -0.64915 0.76066 0
    outer loop
      vertex 164.931 52.6686 0
      vertex 164.74 52.5056 2
      vertex 164.931 52.6686 2
    endloop
  endfacet
  facet normal -0.64915 0.76066 0
    outer loop
      vertex 164.74 52.5056 2
      vertex 164.931 52.6686 0
      vertex 164.74 52.5056 0
    endloop
  endfacet
  facet normal 0.64915 0.76066 -0
    outer loop
      vertex 162.86 52.5056 0
      vertex 162.669 52.6686 2
      vertex 162.86 52.5056 2
    endloop
  endfacet
  facet normal 0.64915 0.76066 0
    outer loop
      vertex 162.669 52.6686 2
      vertex 162.86 52.5056 0
      vertex 162.669 52.6686 0
    endloop
  endfacet
  facet normal 1 -0 0
    outer loop
      vertex 169.8 0 5
      vertex 169.8 59.8 0
      vertex 169.8 59.8 5
    endloop
  endfacet
  facet normal 1 0 0
    outer loop
      vertex 169.8 59.8 0
      vertex 169.8 0 5
      vertex 169.8 0 0
    endloop
  endfacet
  facet normal 0 0 1
    outer loop
      vertex 169.8 59.8 5
      vertex 167.8 57.8 5
      vertex 169.8 0 5
    endloop
  endfacet
  facet normal 0 0 1
    outer loop
      vertex 169.8 59.8 5
      vertex 2 57.8 5
      vertex 167.8 57.8 5
    endloop
  endfacet
  facet normal 0 0 1
    outer loop
      vertex 2 57.8 5
      vertex 0 59.8 5
      vertex 2 2 5
    endloop
  endfacet
  facet normal -0 0 1
    outer loop
      vertex 0 59.8 5
      vertex 2 57.8 5
      vertex 169.8 59.8 5
    endloop
  endfacet
  facet normal -0 0 1
    outer loop
      vertex 167.8 2 5
      vertex 169.8 0 5
      vertex 167.8 57.8 5
    endloop
  endfacet
  facet normal 0 0 1
    outer loop
      vertex 104.9 0 5
      vertex 167.8 2 5
      vertex 104.9 2 5
    endloop
  endfacet
  facet normal 0 0 1
    outer loop
      vertex 167.8 2 5
      vertex 104.9 0 5
      vertex 169.8 0 5
    endloop
  endfacet
  facet normal -0 0 1
    outer loop
      vertex 2 2 5
      vertex 64.9 0 5
      vertex 64.9 2 5
    endloop
  endfacet
  facet normal 0 0 1
    outer loop
      vertex 2 2 5
      vertex 0 0 5
      vertex 64.9 0 5
    endloop
  endfacet
  facet normal 0 0 1
    outer loop
      vertex 0 0 5
      vertex 2 2 5
      vertex 0 59.8 5
    endloop
  endfacet
  facet normal 0 0 -1
    outer loop
      vertex 162.278 6.49443 0
      vertex 7.52169 6.49443 0
      vertex 162.278 53.3056 0
    endloop
  endfacet
  facet normal 0 0 -1
    outer loop
      vertex 162.278 53.3056 0
      vertex 7.5803 53.5497 0
      vertex 7.6 53.8 0
    endloop
  endfacet
  facet normal 0 0 -1
    outer loop
      vertex 7.52169 53.3056 0
      vertex 162.278 53.3056 0
      vertex 7.52169 6.49443 0
    endloop
  endfacet
  facet normal 0 0 -1
    outer loop
      vertex 162.278 53.3056 0
      vertex 7.52169 53.3056 0
      vertex 7.5803 53.5497 0
    endloop
  endfacet
  facet normal 0 0 -1
    outer loop
      vertex 7.42561 6.72638 0
      vertex 7.52169 53.3056 0
      vertex 7.52169 6.49443 0
    endloop
  endfacet
  facet normal 0 0 -1
    outer loop
      vertex 7.42561 6.72638 0
      vertex 7.42561 53.0736 0
      vertex 7.52169 53.3056 0
    endloop
  endfacet
  facet normal 0 0 -1
    outer loop
      vertex 7.29443 6.94046 0
      vertex 7.42561 53.0736 0
      vertex 7.42561 6.72638 0
    endloop
  endfacet
  facet normal 0 0 -1
    outer loop
      vertex 7.29443 6.94046 0
      vertex 7.29443 52.8595 0
      vertex 7.42561 53.0736 0
    endloop
  endfacet
  facet normal 0 0 -1
    outer loop
      vertex 7.13137 7.13137 0
      vertex 7.29443 52.8595 0
      vertex 7.29443 6.94046 0
    endloop
  endfacet
  facet normal 0 0 -1
    outer loop
      vertex 7.13137 7.13137 0
      vertex 7.13137 52.6686 0
      vertex 7.29443 52.8595 0
    endloop
  endfacet
  facet normal 0 0 -1
    outer loop
      vertex 6.94046 7.29443 0
      vertex 7.13137 52.6686 0
      vertex 7.13137 7.13137 0
    endloop
  endfacet
  facet normal 0 0 -1
    outer loop
      vertex 6.94046 7.29443 0
      vertex 6.94046 52.5056 0
      vertex 7.13137 52.6686 0
    endloop
  endfacet
  facet normal 0 0 -1
    outer loop
      vertex 6.72638 7.42561 0
      vertex 6.94046 52.5056 0
      vertex 6.94046 7.29443 0
    endloop
  endfacet
  facet normal 0 0 -1
    outer loop
      vertex 6.72638 7.42561 0
      vertex 6.72638 52.3744 0
      vertex 6.94046 52.5056 0
    endloop
  endfacet
  facet normal 0 0 -1
    outer loop
      vertex 6.49443 7.52169 0
      vertex 6.72638 52.3744 0
      vertex 6.72638 7.42561 0
    endloop
  endfacet
  facet normal 0 0 -1
    outer loop
      vertex 6.49443 7.52169 0
      vertex 6.49443 52.2783 0
      vertex 6.72638 52.3744 0
    endloop
  endfacet
  facet normal 0 0 -1
    outer loop
      vertex 6.25029 7.5803 0
      vertex 6.49443 52.2783 0
      vertex 6.49443 7.52169 0
    endloop
  endfacet
  facet normal 0 0 -1
    outer loop
      vertex 6.25029 7.5803 0
      vertex 6.25029 52.2197 0
      vertex 6.49443 52.2783 0
    endloop
  endfacet
  facet normal 0 0 -1
    outer loop
      vertex 6 7.6 0
      vertex 6.25029 52.2197 0
      vertex 6.25029 7.5803 0
    endloop
  endfacet
  facet normal 0 0 -1
    outer loop
      vertex 6 7.6 0
      vertex 6 52.2 0
      vertex 6.25029 52.2197 0
    endloop
  endfacet
  facet normal 0 0 -1
    outer loop
      vertex 5.7497 7.5803 0
      vertex 6 52.2 0
      vertex 6 7.6 0
    endloop
  endfacet
  facet normal 0 0 -1
    outer loop
      vertex 5.7497 7.5803 0
      vertex 5.7497 52.2197 0
      vertex 6 52.2 0
    endloop
  endfacet
  facet normal 0 0 -1
    outer loop
      vertex 5.50557 7.52169 0
      vertex 5.7497 52.2197 0
      vertex 5.7497 7.5803 0
    endloop
  endfacet
  facet normal 0 0 -1
    outer loop
      vertex 5.50557 7.52169 0
      vertex 5.50557 52.2783 0
      vertex 5.7497 52.2197 0
    endloop
  endfacet
  facet normal 0 0 -1
    outer loop
      vertex 5.27361 7.42561 0
      vertex 5.50557 52.2783 0
      vertex 5.50557 7.52169 0
    endloop
  endfacet
  facet normal 0 0 -1
    outer loop
      vertex 5.27361 7.42561 0
      vertex 5.27361 52.3744 0
      vertex 5.50557 52.2783 0
    endloop
  endfacet
  facet normal 0 0 -1
    outer loop
      vertex 5.05954 7.29443 0
      vertex 5.27361 52.3744 0
      vertex 5.27361 7.42561 0
    endloop
  endfacet
  facet normal 0 0 -1
    outer loop
      vertex 5.05954 7.29443 0
      vertex 5.05954 52.5056 0
      vertex 5.27361 52.3744 0
    endloop
  endfacet
  facet normal 0 0 -1
    outer loop
      vertex 4.86863 7.13137 0
      vertex 5.05954 52.5056 0
      vertex 5.05954 7.29443 0
    endloop
  endfacet
  facet normal 0 0 -1
    outer loop
      vertex 4.86863 7.13137 0
      vertex 4.86863 52.6686 0
      vertex 5.05954 52.5056 0
    endloop
  endfacet
  facet normal 0 0 -1
    outer loop
      vertex 4.70557 6.94046 0
      vertex 4.86863 52.6686 0
      vertex 4.86863 7.13137 0
    endloop
  endfacet
  facet normal 0 0 -1
    outer loop
      vertex 4.70557 6.94046 0
      vertex 4.70557 52.8595 0
      vertex 4.86863 52.6686 0
    endloop
  endfacet
  facet normal 0 0 -1
    outer loop
      vertex 4.57439 6.72638 0
      vertex 4.70557 52.8595 0
      vertex 4.70557 6.94046 0
    endloop
  endfacet
  facet normal 0 0 -1
    outer loop
      vertex 4.57439 6.72638 0
      vertex 4.57439 53.0736 0
      vertex 4.70557 52.8595 0
    endloop
  endfacet
  facet normal 0 0 -1
    outer loop
      vertex 0 0 0
      vertex 4.57439 6.72638 0
      vertex 4.47831 6.49443 0
    endloop
  endfacet
  facet normal -0 0 -1
    outer loop
      vertex 4.57439 6.72638 0
      vertex 0 0 0
      vertex 4.57439 53.0736 0
    endloop
  endfacet
  facet normal 0 0 -1
    outer loop
      vertex 0 0 0
      vertex 4.47831 6.49443 0
      vertex 4.4197 6.25029 0
    endloop
  endfacet
  facet normal 0 0 -1
    outer loop
      vertex 0 59.8 0
      vertex 4.57439 53.0736 0
      vertex 0 0 0
    endloop
  endfacet
  facet normal 0 0 -1
    outer loop
      vertex 0 0 0
      vertex 4.4197 6.25029 0
      vertex 4.4 6 0
    endloop
  endfacet
  facet normal 0 0 -1
    outer loop
      vertex 4.57439 53.0736 0
      vertex 0 59.8 0
      vertex 4.47831 53.3056 0
    endloop
  endfacet
  facet normal 0 0 -1
    outer loop
      vertex 165.226 6.72638 0
      vertex 169.8 0 0
      vertex 165.322 6.49443 0
    endloop
  endfacet
  facet normal 0 0 -1
    outer loop
      vertex 169.8 59.8 0
      vertex 165.38 53.5497 0
      vertex 165.4 53.8 0
    endloop
  endfacet
  facet normal 0 0 -1
    outer loop
      vertex 169.8 0 0
      vertex 165.226 6.72638 0
      vertex 169.8 59.8 0
    endloop
  endfacet
  facet normal 0 0 -1
    outer loop
      vertex 169.8 59.8 0
      vertex 165.322 53.3056 0
      vertex 165.38 53.5497 0
    endloop
  endfacet
  facet normal 0 0 -1
    outer loop
      vertex 165.226 53.0736 0
      vertex 169.8 59.8 0
      vertex 165.226 6.72638 0
    endloop
  endfacet
  facet normal 0 0 -1
    outer loop
      vertex 169.8 59.8 0
      vertex 165.226 53.0736 0
      vertex 165.322 53.3056 0
    endloop
  endfacet
  facet normal 0 0 -1
    outer loop
      vertex 165.094 6.94046 0
      vertex 165.226 53.0736 0
      vertex 165.226 6.72638 0
    endloop
  endfacet
  facet normal 0 0 -1
    outer loop
      vertex 165.094 6.94046 0
      vertex 165.094 52.8595 0
      vertex 165.226 53.0736 0
    endloop
  endfacet
  facet normal 0 0 -1
    outer loop
      vertex 164.931 7.13137 0
      vertex 165.094 52.8595 0
      vertex 165.094 6.94046 0
    endloop
  endfacet
  facet normal 0 0 -1
    outer loop
      vertex 164.931 7.13137 0
      vertex 164.931 52.6686 0
      vertex 165.094 52.8595 0
    endloop
  endfacet
  facet normal 0 0 -1
    outer loop
      vertex 164.74 7.29443 0
      vertex 164.931 52.6686 0
      vertex 164.931 7.13137 0
    endloop
  endfacet
  facet normal 0 0 -1
    outer loop
      vertex 164.74 7.29443 0
      vertex 164.74 52.5056 0
      vertex 164.931 52.6686 0
    endloop
  endfacet
  facet normal 0 0 -1
    outer loop
      vertex 164.526 7.42561 0
      vertex 164.74 52.5056 0
      vertex 164.74 7.29443 0
    endloop
  endfacet
  facet normal 0 0 -1
    outer loop
      vertex 164.526 7.42561 0
      vertex 164.526 52.3744 0
      vertex 164.74 52.5056 0
    endloop
  endfacet
  facet normal 0 0 -1
    outer loop
      vertex 164.294 7.52169 0
      vertex 164.526 52.3744 0
      vertex 164.526 7.42561 0
    endloop
  endfacet
  facet normal 0 0 -1
    outer loop
      vertex 164.294 7.52169 0
      vertex 164.294 52.2783 0
      vertex 164.526 52.3744 0
    endloop
  endfacet
  facet normal 0 0 -1
    outer loop
      vertex 164.05 7.5803 0
      vertex 164.294 52.2783 0
      vertex 164.294 7.52169 0
    endloop
  endfacet
  facet normal 0 0 -1
    outer loop
      vertex 164.05 7.5803 0
      vertex 164.05 52.2197 0
      vertex 164.294 52.2783 0
    endloop
  endfacet
  facet normal 0 0 -1
    outer loop
      vertex 163.8 7.6 0
      vertex 164.05 52.2197 0
      vertex 164.05 7.5803 0
    endloop
  endfacet
  facet normal 0 0 -1
    outer loop
      vertex 163.8 7.6 0
      vertex 163.8 52.2 0
      vertex 164.05 52.2197 0
    endloop
  endfacet
  facet normal 0 0 -1
    outer loop
      vertex 163.55 7.5803 0
      vertex 163.8 52.2 0
      vertex 163.8 7.6 0
    endloop
  endfacet
  facet normal 0 0 -1
    outer loop
      vertex 163.55 7.5803 0
      vertex 163.55 52.2197 0
      vertex 163.8 52.2 0
    endloop
  endfacet
  facet normal 0 0 -1
    outer loop
      vertex 163.306 7.52169 0
      vertex 163.55 52.2197 0
      vertex 163.55 7.5803 0
    endloop
  endfacet
  facet normal 0 0 -1
    outer loop
      vertex 163.306 7.52169 0
      vertex 163.306 52.2783 0
      vertex 163.55 52.2197 0
    endloop
  endfacet
  facet normal 0 0 -1
    outer loop
      vertex 163.074 7.42561 0
      vertex 163.306 52.2783 0
      vertex 163.306 7.52169 0
    endloop
  endfacet
  facet normal 0 0 -1
    outer loop
      vertex 163.074 7.42561 0
      vertex 163.074 52.3744 0
      vertex 163.306 52.2783 0
    endloop
  endfacet
  facet normal 0 0 -1
    outer loop
      vertex 162.86 7.29443 0
      vertex 163.074 52.3744 0
      vertex 163.074 7.42561 0
    endloop
  endfacet
  facet normal 0 0 -1
    outer loop
      vertex 162.86 7.29443 0
      vertex 162.86 52.5056 0
      vertex 163.074 52.3744 0
    endloop
  endfacet
  facet normal 0 0 -1
    outer loop
      vertex 162.669 7.13137 0
      vertex 162.86 52.5056 0
      vertex 162.86 7.29443 0
    endloop
  endfacet
  facet normal 0 0 -1
    outer loop
      vertex 162.669 7.13137 0
      vertex 162.669 52.6686 0
      vertex 162.86 52.5056 0
    endloop
  endfacet
  facet normal 0 0 -1
    outer loop
      vertex 162.506 6.94046 0
      vertex 162.669 52.6686 0
      vertex 162.669 7.13137 0
    endloop
  endfacet
  facet normal 0 0 -1
    outer loop
      vertex 162.506 6.94046 0
      vertex 162.506 52.8595 0
      vertex 162.669 52.6686 0
    endloop
  endfacet
  facet normal 0 0 -1
    outer loop
      vertex 162.374 6.72638 0
      vertex 162.506 52.8595 0
      vertex 162.506 6.94046 0
    endloop
  endfacet
  facet normal 0 0 -1
    outer loop
      vertex 162.374 6.72638 0
      vertex 162.374 53.0736 0
      vertex 162.506 52.8595 0
    endloop
  endfacet
  facet normal 0 0 -1
    outer loop
      vertex 162.278 6.49443 0
      vertex 162.374 53.0736 0
      vertex 162.374 6.72638 0
    endloop
  endfacet
  facet normal 0 0 -1
    outer loop
      vertex 162.278 6.49443 0
      vertex 162.278 53.3056 0
      vertex 162.374 53.0736 0
    endloop
  endfacet
  facet normal 0 0 -1
    outer loop
      vertex 7.5803 6.25029 0
      vertex 162.22 6.25029 0
      vertex 7.6 6 0
    endloop
  endfacet
  facet normal 0 0 -1
    outer loop
      vertex 162.22 6.25029 0
      vertex 7.5803 6.25029 0
      vertex 162.278 6.49443 0
    endloop
  endfacet
  facet normal 0 0 -1
    outer loop
      vertex 7.6 6 0
      vertex 162.22 6.25029 0
      vertex 162.2 6 0
    endloop
  endfacet
  facet normal 0 0 -1
    outer loop
      vertex 7.52169 6.49443 0
      vertex 162.278 6.49443 0
      vertex 7.5803 6.25029 0
    endloop
  endfacet
  facet normal 0 0 -1
    outer loop
      vertex 165.38 6.25029 0
      vertex 169.8 0 0
      vertex 165.4 6 0
    endloop
  endfacet
  facet normal 0 0 -1
    outer loop
      vertex 169.8 0 0
      vertex 165.38 5.7497 0
      vertex 165.4 6 0
    endloop
  endfacet
  facet normal 0 0 -1
    outer loop
      vertex 169.8 0 0
      vertex 165.322 5.50557 0
      vertex 165.38 5.7497 0
    endloop
  endfacet
  facet normal 0 0 -1
    outer loop
      vertex 169.8 0 0
      vertex 165.226 5.27361 0
      vertex 165.322 5.50557 0
    endloop
  endfacet
  facet normal 0 0 -1
    outer loop
      vertex 169.8 0 0
      vertex 165.094 5.05954 0
      vertex 165.226 5.27361 0
    endloop
  endfacet
  facet normal 0 0 -1
    outer loop
      vertex 169.8 0 0
      vertex 164.931 4.86863 0
      vertex 165.094 5.05954 0
    endloop
  endfacet
  facet normal 0 0 -1
    outer loop
      vertex 169.8 0 0
      vertex 164.74 4.70557 0
      vertex 164.931 4.86863 0
    endloop
  endfacet
  facet normal 0 0 -1
    outer loop
      vertex 169.8 0 0
      vertex 164.526 4.57439 0
      vertex 164.74 4.70557 0
    endloop
  endfacet
  facet normal 0 0 -1
    outer loop
      vertex 169.8 0 0
      vertex 164.294 4.47831 0
      vertex 164.526 4.57439 0
    endloop
  endfacet
  facet normal 0 0 -1
    outer loop
      vertex 169.8 0 0
      vertex 164.05 4.4197 0
      vertex 164.294 4.47831 0
    endloop
  endfacet
  facet normal 0 0 -1
    outer loop
      vertex 169.8 0 0
      vertex 163.8 4.4 0
      vertex 164.05 4.4197 0
    endloop
  endfacet
  facet normal 0 0 -1
    outer loop
      vertex 169.8 0 0
      vertex 163.55 4.4197 0
      vertex 163.8 4.4 0
    endloop
  endfacet
  facet normal 0 0 -1
    outer loop
      vertex 169.8 0 0
      vertex 163.306 4.47831 0
      vertex 163.55 4.4197 0
    endloop
  endfacet
  facet normal 0 0 -1
    outer loop
      vertex 169.8 0 0
      vertex 163.074 4.57439 0
      vertex 163.306 4.47831 0
    endloop
  endfacet
  facet normal 0 0 -1
    outer loop
      vertex 169.8 0 0
      vertex 162.86 4.70557 0
      vertex 163.074 4.57439 0
    endloop
  endfacet
  facet normal 0 0 -1
    outer loop
      vertex 162.278 53.3056 0
      vertex 7.6 53.8 0
      vertex 162.22 53.5497 0
    endloop
  endfacet
  facet normal 0 0 -1
    outer loop
      vertex 162.22 5.7497 0
      vertex 7.6 6 0
      vertex 162.2 6 0
    endloop
  endfacet
  facet normal 0 0 -1
    outer loop
      vertex 7.5803 5.7497 0
      vertex 162.22 5.7497 0
      vertex 162.278 5.50557 0
    endloop
  endfacet
  facet normal 0 0 -1
    outer loop
      vertex 7.52169 5.50557 0
      vertex 162.278 5.50557 0
      vertex 162.374 5.27361 0
    endloop
  endfacet
  facet normal 0 0 -1
    outer loop
      vertex 7.42561 5.27361 0
      vertex 162.374 5.27361 0
      vertex 162.506 5.05954 0
    endloop
  endfacet
  facet normal 0 0 -1
    outer loop
      vertex 7.29443 5.05954 0
      vertex 162.506 5.05954 0
      vertex 162.669 4.86863 0
    endloop
  endfacet
  facet normal 0 0 -1
    outer loop
      vertex 7.13137 4.86863 0
      vertex 162.669 4.86863 0
      vertex 162.86 4.70557 0
    endloop
  endfacet
  facet normal 0 0 -1
    outer loop
      vertex 6.94046 4.70557 0
      vertex 162.86 4.70557 0
      vertex 169.8 0 0
    endloop
  endfacet
  facet normal 0 0 -1
    outer loop
      vertex 162.22 5.7497 0
      vertex 7.5803 5.7497 0
      vertex 7.6 6 0
    endloop
  endfacet
  facet normal 0 0 -1
    outer loop
      vertex 162.278 5.50557 0
      vertex 7.52169 5.50557 0
      vertex 7.5803 5.7497 0
    endloop
  endfacet
  facet normal 0 0 -1
    outer loop
      vertex 162.374 5.27361 0
      vertex 7.42561 5.27361 0
      vertex 7.52169 5.50557 0
    endloop
  endfacet
  facet normal 0 0 -1
    outer loop
      vertex 162.506 5.05954 0
      vertex 7.29443 5.05954 0
      vertex 7.42561 5.27361 0
    endloop
  endfacet
  facet normal 0 0 -1
    outer loop
      vertex 162.669 4.86863 0
      vertex 7.13137 4.86863 0
      vertex 7.29443 5.05954 0
    endloop
  endfacet
  facet normal 0 0 -1
    outer loop
      vertex 162.86 4.70557 0
      vertex 6.94046 4.70557 0
      vertex 7.13137 4.86863 0
    endloop
  endfacet
  facet normal 0 0 -1
    outer loop
      vertex 0 0 0
      vertex 6.94046 4.70557 0
      vertex 169.8 0 0
    endloop
  endfacet
  facet normal 0 0 -1
    outer loop
      vertex 6.94046 4.70557 0
      vertex 0 0 0
      vertex 6.72638 4.57439 0
    endloop
  endfacet
  facet normal 0 0 -1
    outer loop
      vertex 6.72638 4.57439 0
      vertex 0 0 0
      vertex 6.49443 4.47831 0
    endloop
  endfacet
  facet normal 0 0 -1
    outer loop
      vertex 6.49443 4.47831 0
      vertex 0 0 0
      vertex 6.25029 4.4197 0
    endloop
  endfacet
  facet normal 0 0 -1
    outer loop
      vertex 4.47831 53.3056 0
      vertex 0 59.8 0
      vertex 4.4197 53.5497 0
    endloop
  endfacet
  facet normal -0 0 -1
    outer loop
      vertex 4.4197 5.7497 0
      vertex 0 0 0
      vertex 4.4 6 0
    endloop
  endfacet
  facet normal -0 0 -1
    outer loop
      vertex 4.47831 5.50557 0
      vertex 0 0 0
      vertex 4.4197 5.7497 0
    endloop
  endfacet
  facet normal -0 0 -1
    outer loop
      vertex 4.57439 5.27361 0
      vertex 0 0 0
      vertex 4.47831 5.50557 0
    endloop
  endfacet
  facet normal -0 0 -1
    outer loop
      vertex 4.70557 5.05954 0
      vertex 0 0 0
      vertex 4.57439 5.27361 0
    endloop
  endfacet
  facet normal -0 0 -1
    outer loop
      vertex 4.86863 4.86863 0
      vertex 0 0 0
      vertex 4.70557 5.05954 0
    endloop
  endfacet
  facet normal -0 0 -1
    outer loop
      vertex 5.05954 4.70557 0
      vertex 0 0 0
      vertex 4.86863 4.86863 0
    endloop
  endfacet
  facet normal -0 0 -1
    outer loop
      vertex 5.27361 4.57439 0
      vertex 0 0 0
      vertex 5.05954 4.70557 0
    endloop
  endfacet
  facet normal -0 0 -1
    outer loop
      vertex 5.50557 4.47831 0
      vertex 0 0 0
      vertex 5.27361 4.57439 0
    endloop
  endfacet
  facet normal -0 0 -1
    outer loop
      vertex 5.7497 4.4197 0
      vertex 0 0 0
      vertex 5.50557 4.47831 0
    endloop
  endfacet
  facet normal -0 0 -1
    outer loop
      vertex 6 4.4 0
      vertex 0 0 0
      vertex 5.7497 4.4197 0
    endloop
  endfacet
  facet normal 0 0 -1
    outer loop
      vertex 6.25029 4.4197 0
      vertex 0 0 0
      vertex 6 4.4 0
    endloop
  endfacet
  facet normal 0 0 -1
    outer loop
      vertex 165.322 6.49443 0
      vertex 169.8 0 0
      vertex 165.38 6.25029 0
    endloop
  endfacet
  facet normal 0 0 -1
    outer loop
      vertex 165.38 54.0503 0
      vertex 169.8 59.8 0
      vertex 165.4 53.8 0
    endloop
  endfacet
  facet normal 0 0 -1
    outer loop
      vertex 165.322 54.2944 0
      vertex 169.8 59.8 0
      vertex 165.38 54.0503 0
    endloop
  endfacet
  facet normal 0 0 -1
    outer loop
      vertex 165.226 54.5264 0
      vertex 169.8 59.8 0
      vertex 165.322 54.2944 0
    endloop
  endfacet
  facet normal 0 0 -1
    outer loop
      vertex 165.094 54.7405 0
      vertex 169.8 59.8 0
      vertex 165.226 54.5264 0
    endloop
  endfacet
  facet normal 0 0 -1
    outer loop
      vertex 164.931 54.9314 0
      vertex 169.8 59.8 0
      vertex 165.094 54.7405 0
    endloop
  endfacet
  facet normal 0 0 -1
    outer loop
      vertex 164.74 55.0944 0
      vertex 169.8 59.8 0
      vertex 164.931 54.9314 0
    endloop
  endfacet
  facet normal 0 0 -1
    outer loop
      vertex 164.526 55.2256 0
      vertex 169.8 59.8 0
      vertex 164.74 55.0944 0
    endloop
  endfacet
  facet normal 0 0 -1
    outer loop
      vertex 164.294 55.3217 0
      vertex 169.8 59.8 0
      vertex 164.526 55.2256 0
    endloop
  endfacet
  facet normal 0 0 -1
    outer loop
      vertex 164.05 55.3803 0
      vertex 169.8 59.8 0
      vertex 164.294 55.3217 0
    endloop
  endfacet
  facet normal 0 0 -1
    outer loop
      vertex 163.8 55.4 0
      vertex 169.8 59.8 0
      vertex 164.05 55.3803 0
    endloop
  endfacet
  facet normal 0 0 -1
    outer loop
      vertex 163.55 55.3803 0
      vertex 169.8 59.8 0
      vertex 163.8 55.4 0
    endloop
  endfacet
  facet normal 0 0 -1
    outer loop
      vertex 163.306 55.3217 0
      vertex 169.8 59.8 0
      vertex 163.55 55.3803 0
    endloop
  endfacet
  facet normal 0 0 -1
    outer loop
      vertex 163.074 55.2256 0
      vertex 169.8 59.8 0
      vertex 163.306 55.3217 0
    endloop
  endfacet
  facet normal 0 0 -1
    outer loop
      vertex 162.86 55.0944 0
      vertex 169.8 59.8 0
      vertex 163.074 55.2256 0
    endloop
  endfacet
  facet normal 0 0 -1
    outer loop
      vertex 162.22 53.5497 0
      vertex 7.6 53.8 0
      vertex 162.2 53.8 0
    endloop
  endfacet
  facet normal 0 0 -1
    outer loop
      vertex 162.2 53.8 0
      vertex 7.6 53.8 0
      vertex 162.22 54.0503 0
    endloop
  endfacet
  facet normal 0 0 -1
    outer loop
      vertex 7.5803 54.0503 0
      vertex 162.22 54.0503 0
      vertex 7.6 53.8 0
    endloop
  endfacet
  facet normal 0 0 -1
    outer loop
      vertex 162.22 54.0503 0
      vertex 7.5803 54.0503 0
      vertex 162.278 54.2944 0
    endloop
  endfacet
  facet normal 0 0 -1
    outer loop
      vertex 7.52169 54.2944 0
      vertex 162.278 54.2944 0
      vertex 7.5803 54.0503 0
    endloop
  endfacet
  facet normal 0 0 -1
    outer loop
      vertex 162.278 54.2944 0
      vertex 7.52169 54.2944 0
      vertex 162.374 54.5264 0
    endloop
  endfacet
  facet normal 0 0 -1
    outer loop
      vertex 7.42561 54.5264 0
      vertex 162.374 54.5264 0
      vertex 7.52169 54.2944 0
    endloop
  endfacet
  facet normal 0 0 -1
    outer loop
      vertex 162.374 54.5264 0
      vertex 7.42561 54.5264 0
      vertex 162.506 54.7405 0
    endloop
  endfacet
  facet normal 0 0 -1
    outer loop
      vertex 7.29443 54.7405 0
      vertex 162.506 54.7405 0
      vertex 7.42561 54.5264 0
    endloop
  endfacet
  facet normal 0 0 -1
    outer loop
      vertex 162.506 54.7405 0
      vertex 7.29443 54.7405 0
      vertex 162.669 54.9314 0
    endloop
  endfacet
  facet normal 0 0 -1
    outer loop
      vertex 7.13137 54.9314 0
      vertex 162.669 54.9314 0
      vertex 7.29443 54.7405 0
    endloop
  endfacet
  facet normal 0 0 -1
    outer loop
      vertex 162.669 54.9314 0
      vertex 7.13137 54.9314 0
      vertex 162.86 55.0944 0
    endloop
  endfacet
  facet normal 0 0 -1
    outer loop
      vertex 6.94046 55.0944 0
      vertex 162.86 55.0944 0
      vertex 7.13137 54.9314 0
    endloop
  endfacet
  facet normal 0 0 -1
    outer loop
      vertex 162.86 55.0944 0
      vertex 6.94046 55.0944 0
      vertex 169.8 59.8 0
    endloop
  endfacet
  facet normal 0 0 -1
    outer loop
      vertex 0 59.8 0
      vertex 6.94046 55.0944 0
      vertex 6.72638 55.2256 0
    endloop
  endfacet
  facet normal 0 0 -1
    outer loop
      vertex 0 59.8 0
      vertex 6.72638 55.2256 0
      vertex 6.49443 55.3217 0
    endloop
  endfacet
  facet normal 0 0 -1
    outer loop
      vertex 0 59.8 0
      vertex 6.49443 55.3217 0
      vertex 6.25029 55.3803 0
    endloop
  endfacet
  facet normal 0 0 -1
    outer loop
      vertex 0 59.8 0
      vertex 6.25029 55.3803 0
      vertex 6 55.4 0
    endloop
  endfacet
  facet normal 0 0 -1
    outer loop
      vertex 4.4197 53.5497 0
      vertex 0 59.8 0
      vertex 4.4 53.8 0
    endloop
  endfacet
  facet normal 0 0 -1
    outer loop
      vertex 6.94046 55.0944 0
      vertex 0 59.8 0
      vertex 169.8 59.8 0
    endloop
  endfacet
  facet normal 0 0 -1
    outer loop
      vertex 5.7497 55.3803 0
      vertex 0 59.8 0
      vertex 6 55.4 0
    endloop
  endfacet
  facet normal 0 0 -1
    outer loop
      vertex 5.50557 55.3217 0
      vertex 0 59.8 0
      vertex 5.7497 55.3803 0
    endloop
  endfacet
  facet normal 0 0 -1
    outer loop
      vertex 5.27361 55.2256 0
      vertex 0 59.8 0
      vertex 5.50557 55.3217 0
    endloop
  endfacet
  facet normal 0 0 -1
    outer loop
      vertex 5.05954 55.0944 0
      vertex 0 59.8 0
      vertex 5.27361 55.2256 0
    endloop
  endfacet
  facet normal 0 0 -1
    outer loop
      vertex 4.86863 54.9314 0
      vertex 0 59.8 0
      vertex 5.05954 55.0944 0
    endloop
  endfacet
  facet normal 0 0 -1
    outer loop
      vertex 4.70557 54.7405 0
      vertex 0 59.8 0
      vertex 4.86863 54.9314 0
    endloop
  endfacet
  facet normal 0 0 -1
    outer loop
      vertex 4.57439 54.5264 0
      vertex 0 59.8 0
      vertex 4.70557 54.7405 0
    endloop
  endfacet
  facet normal 0 0 -1
    outer loop
      vertex 4.47831 54.2944 0
      vertex 0 59.8 0
      vertex 4.57439 54.5264 0
    endloop
  endfacet
  facet normal 0 0 -1
    outer loop
      vertex 4.4197 54.0503 0
      vertex 0 59.8 0
      vertex 4.47831 54.2944 0
    endloop
  endfacet
  facet normal 0 0 -1
    outer loop
      vertex 4.4 53.8 0
      vertex 0 59.8 0
      vertex 4.4197 54.0503 0
    endloop
  endfacet
  facet normal -1 0 0
    outer loop
      vertex 0 0 0
      vertex 0 59.8 5
      vertex 0 59.8 0
    endloop
  endfacet
  facet normal -1 -0 0
    outer loop
      vertex 0 59.8 5
      vertex 0 0 0
      vertex 0 0 5
    endloop
  endfacet
  facet normal 0 1 -0
    outer loop
      vertex 169.8 59.8 0
      vertex 0 59.8 5
      vertex 169.8 59.8 5
    endloop
  endfacet
  facet normal 0 1 0
    outer loop
      vertex 0 59.8 5
      vertex 169.8 59.8 0
      vertex 0 59.8 0
    endloop
  endfacet
  facet normal 0 -1 0
    outer loop
      vertex 0 0 5
      vertex 64.9 0 2
      vertex 64.9 0 5
    endloop
  endfacet
  facet normal 0 -1 -0
    outer loop
      vertex 64.9 0 2
      vertex 0 0 0
      vertex 104.9 0 2
    endloop
  endfacet
  facet normal 0 -1 0
    outer loop
      vertex 0 0 0
      vertex 64.9 0 2
      vertex 0 0 5
    endloop
  endfacet
  facet normal 0 -1 0
    outer loop
      vertex 104.9 0 2
      vertex 169.8 0 5
      vertex 104.9 0 5
    endloop
  endfacet
  facet normal 0 -1 0
    outer loop
      vertex 104.9 0 2
      vertex 169.8 0 0
      vertex 169.8 0 5
    endloop
  endfacet
  facet normal 0 -1 0
    outer loop
      vertex 169.8 0 0
      vertex 104.9 0 2
      vertex 0 0 0
    endloop
  endfacet
  facet normal -1 0 0
    outer loop
      vertex 167.8 2 2
      vertex 167.8 57.8 5
      vertex 167.8 57.8 2
    endloop
  endfacet
  facet normal -1 -0 0
    outer loop
      vertex 167.8 57.8 5
      vertex 167.8 2 2
      vertex 167.8 2 5
    endloop
  endfacet
  facet normal -0 0 1
    outer loop
      vertex 7.52169 53.3056 2
      vertex 64.9 2 2
      vertex 7.5803 53.5497 2
    endloop
  endfacet
  facet normal 0 0 1
    outer loop
      vertex 64.9 2 2
      vertex 7.5803 6.25029 2
      vertex 7.6 6 2
    endloop
  endfacet
  facet normal -0 0 1
    outer loop
      vertex 7.42561 53.0736 2
      vertex 64.9 2 2
      vertex 7.52169 53.3056 2
    endloop
  endfacet
  facet normal 0 0 1
    outer loop
      vertex 64.9 2 2
      vertex 7.52169 6.49443 2
      vertex 7.5803 6.25029 2
    endloop
  endfacet
  facet normal -0 0 1
    outer loop
      vertex 7.29443 52.8595 2
      vertex 64.9 2 2
      vertex 7.42561 53.0736 2
    endloop
  endfacet
  facet normal 0 0 1
    outer loop
      vertex 64.9 2 2
      vertex 7.42561 6.72638 2
      vertex 7.52169 6.49443 2
    endloop
  endfacet
  facet normal -0 0 1
    outer loop
      vertex 7.29443 6.94046 2
      vertex 64.9 2 2
      vertex 7.29443 52.8595 2
    endloop
  endfacet
  facet normal 0 0 1
    outer loop
      vertex 64.9 2 2
      vertex 7.29443 6.94046 2
      vertex 7.42561 6.72638 2
    endloop
  endfacet
  facet normal -0 0 1
    outer loop
      vertex 7.13137 52.6686 2
      vertex 7.29443 6.94046 2
      vertex 7.29443 52.8595 2
    endloop
  endfacet
  facet normal 0 0 1
    outer loop
      vertex 7.13137 52.6686 2
      vertex 7.13137 7.13137 2
      vertex 7.29443 6.94046 2
    endloop
  endfacet
  facet normal -0 0 1
    outer loop
      vertex 6.94046 52.5056 2
      vertex 7.13137 7.13137 2
      vertex 7.13137 52.6686 2
    endloop
  endfacet
  facet normal 0 0 1
    outer loop
      vertex 6.94046 52.5056 2
      vertex 6.94046 7.29443 2
      vertex 7.13137 7.13137 2
    endloop
  endfacet
  facet normal -0 0 1
    outer loop
      vertex 6.72638 52.3744 2
      vertex 6.94046 7.29443 2
      vertex 6.94046 52.5056 2
    endloop
  endfacet
  facet normal 0 0 1
    outer loop
      vertex 6.72638 52.3744 2
      vertex 6.72638 7.42561 2
      vertex 6.94046 7.29443 2
    endloop
  endfacet
  facet normal -0 0 1
    outer loop
      vertex 6.49443 52.2783 2
      vertex 6.72638 7.42561 2
      vertex 6.72638 52.3744 2
    endloop
  endfacet
  facet normal 0 0 1
    outer loop
      vertex 6.49443 52.2783 2
      vertex 6.49443 7.52169 2
      vertex 6.72638 7.42561 2
    endloop
  endfacet
  facet normal -0 0 1
    outer loop
      vertex 6.25029 52.2197 2
      vertex 6.49443 7.52169 2
      vertex 6.49443 52.2783 2
    endloop
  endfacet
  facet normal 0 0 1
    outer loop
      vertex 6.25029 52.2197 2
      vertex 6.25029 7.5803 2
      vertex 6.49443 7.52169 2
    endloop
  endfacet
  facet normal -0 0 1
    outer loop
      vertex 6 52.2 2
      vertex 6.25029 7.5803 2
      vertex 6.25029 52.2197 2
    endloop
  endfacet
  facet normal 0 0 1
    outer loop
      vertex 6 52.2 2
      vertex 6 7.6 2
      vertex 6.25029 7.5803 2
    endloop
  endfacet
  facet normal 0 0 1
    outer loop
      vertex 5.7497 52.2197 2
      vertex 6 7.6 2
      vertex 6 52.2 2
    endloop
  endfacet
  facet normal 0 0 1
    outer loop
      vertex 5.7497 52.2197 2
      vertex 5.7497 7.5803 2
      vertex 6 7.6 2
    endloop
  endfacet
  facet normal 0 0 1
    outer loop
      vertex 5.50557 52.2783 2
      vertex 5.7497 7.5803 2
      vertex 5.7497 52.2197 2
    endloop
  endfacet
  facet normal 0 0 1
    outer loop
      vertex 5.50557 52.2783 2
      vertex 5.50557 7.52169 2
      vertex 5.7497 7.5803 2
    endloop
  endfacet
  facet normal 0 0 1
    outer loop
      vertex 5.27361 52.3744 2
      vertex 5.50557 7.52169 2
      vertex 5.50557 52.2783 2
    endloop
  endfacet
  facet normal 0 0 1
    outer loop
      vertex 5.27361 52.3744 2
      vertex 5.27361 7.42561 2
      vertex 5.50557 7.52169 2
    endloop
  endfacet
  facet normal 0 0 1
    outer loop
      vertex 5.05954 52.5056 2
      vertex 5.27361 7.42561 2
      vertex 5.27361 52.3744 2
    endloop
  endfacet
  facet normal 0 0 1
    outer loop
      vertex 5.05954 52.5056 2
      vertex 5.05954 7.29443 2
      vertex 5.27361 7.42561 2
    endloop
  endfacet
  facet normal 0 0 1
    outer loop
      vertex 4.86863 52.6686 2
      vertex 5.05954 7.29443 2
      vertex 5.05954 52.5056 2
    endloop
  endfacet
  facet normal 0 0 1
    outer loop
      vertex 4.86863 52.6686 2
      vertex 4.86863 7.13137 2
      vertex 5.05954 7.29443 2
    endloop
  endfacet
  facet normal 0 0 1
    outer loop
      vertex 4.70557 52.8595 2
      vertex 4.86863 7.13137 2
      vertex 4.86863 52.6686 2
    endloop
  endfacet
  facet normal 0 0 1
    outer loop
      vertex 4.70557 52.8595 2
      vertex 4.70557 6.94046 2
      vertex 4.86863 7.13137 2
    endloop
  endfacet
  facet normal 0 0 1
    outer loop
      vertex 4.57439 53.0736 2
      vertex 4.70557 6.94046 2
      vertex 4.70557 52.8595 2
    endloop
  endfacet
  facet normal 0 0 1
    outer loop
      vertex 4.57439 53.0736 2
      vertex 4.57439 6.72638 2
      vertex 4.70557 6.94046 2
    endloop
  endfacet
  facet normal 0 0 1
    outer loop
      vertex 2 57.8 2
      vertex 4.57439 53.0736 2
      vertex 4.47831 53.3056 2
    endloop
  endfacet
  facet normal 0 0 1
    outer loop
      vertex 4.57439 53.0736 2
      vertex 2 57.8 2
      vertex 4.57439 6.72638 2
    endloop
  endfacet
  facet normal 0 0 1
    outer loop
      vertex 2 57.8 2
      vertex 4.47831 53.3056 2
      vertex 4.4197 53.5497 2
    endloop
  endfacet
  facet normal 0 0 1
    outer loop
      vertex 2 2 2
      vertex 4.57439 6.72638 2
      vertex 2 57.8 2
    endloop
  endfacet
  facet normal 0 0 1
    outer loop
      vertex 2 57.8 2
      vertex 4.4197 53.5497 2
      vertex 4.4 53.8 2
    endloop
  endfacet
  facet normal 0 0 1
    outer loop
      vertex 4.57439 6.72638 2
      vertex 2 2 2
      vertex 4.47831 6.49443 2
    endloop
  endfacet
  facet normal 0 0 1
    outer loop
      vertex 165.226 53.0736 2
      vertex 167.8 57.8 2
      vertex 165.322 53.3056 2
    endloop
  endfacet
  facet normal 0 0 1
    outer loop
      vertex 167.8 2 2
      vertex 165.38 6.25029 2
      vertex 165.4 6 2
    endloop
  endfacet
  facet normal 0 0 1
    outer loop
      vertex 167.8 57.8 2
      vertex 165.226 53.0736 2
      vertex 167.8 2 2
    endloop
  endfacet
  facet normal 0 0 1
    outer loop
      vertex 167.8 2 2
      vertex 165.322 6.49443 2
      vertex 165.38 6.25029 2
    endloop
  endfacet
  facet normal -0 0 1
    outer loop
      vertex 165.226 6.72638 2
      vertex 167.8 2 2
      vertex 165.226 53.0736 2
    endloop
  endfacet
  facet normal 0 0 1
    outer loop
      vertex 167.8 2 2
      vertex 165.226 6.72638 2
      vertex 165.322 6.49443 2
    endloop
  endfacet
  facet normal -0 0 1
    outer loop
      vertex 165.094 52.8595 2
      vertex 165.226 6.72638 2
      vertex 165.226 53.0736 2
    endloop
  endfacet
  facet normal 0 0 1
    outer loop
      vertex 165.094 52.8595 2
      vertex 165.094 6.94046 2
      vertex 165.226 6.72638 2
    endloop
  endfacet
  facet normal -0 0 1
    outer loop
      vertex 164.931 52.6686 2
      vertex 165.094 6.94046 2
      vertex 165.094 52.8595 2
    endloop
  endfacet
  facet normal 0 0 1
    outer loop
      vertex 164.931 52.6686 2
      vertex 164.931 7.13137 2
      vertex 165.094 6.94046 2
    endloop
  endfacet
  facet normal -0 0 1
    outer loop
      vertex 164.74 52.5056 2
      vertex 164.931 7.13137 2
      vertex 164.931 52.6686 2
    endloop
  endfacet
  facet normal 0 0 1
    outer loop
      vertex 164.74 52.5056 2
      vertex 164.74 7.29443 2
      vertex 164.931 7.13137 2
    endloop
  endfacet
  facet normal -0 0 1
    outer loop
      vertex 164.526 52.3744 2
      vertex 164.74 7.29443 2
      vertex 164.74 52.5056 2
    endloop
  endfacet
  facet normal 0 0 1
    outer loop
      vertex 164.526 52.3744 2
      vertex 164.526 7.42561 2
      vertex 164.74 7.29443 2
    endloop
  endfacet
  facet normal -0 0 1
    outer loop
      vertex 164.294 52.2783 2
      vertex 164.526 7.42561 2
      vertex 164.526 52.3744 2
    endloop
  endfacet
  facet normal 0 0 1
    outer loop
      vertex 164.294 52.2783 2
      vertex 164.294 7.52169 2
      vertex 164.526 7.42561 2
    endloop
  endfacet
  facet normal -0 0 1
    outer loop
      vertex 164.05 52.2197 2
      vertex 164.294 7.52169 2
      vertex 164.294 52.2783 2
    endloop
  endfacet
  facet normal 0 0 1
    outer loop
      vertex 164.05 52.2197 2
      vertex 164.05 7.5803 2
      vertex 164.294 7.52169 2
    endloop
  endfacet
  facet normal -0 0 1
    outer loop
      vertex 163.8 52.2 2
      vertex 164.05 7.5803 2
      vertex 164.05 52.2197 2
    endloop
  endfacet
  facet normal 0 0 1
    outer loop
      vertex 163.8 52.2 2
      vertex 163.8 7.6 2
      vertex 164.05 7.5803 2
    endloop
  endfacet
  facet normal 0 0 1
    outer loop
      vertex 163.55 52.2197 2
      vertex 163.8 7.6 2
      vertex 163.8 52.2 2
    endloop
  endfacet
  facet normal 0 0 1
    outer loop
      vertex 163.55 52.2197 2
      vertex 163.55 7.5803 2
      vertex 163.8 7.6 2
    endloop
  endfacet
  facet normal 0 0 1
    outer loop
      vertex 163.306 52.2783 2
      vertex 163.55 7.5803 2
      vertex 163.55 52.2197 2
    endloop
  endfacet
  facet normal 0 0 1
    outer loop
      vertex 163.306 52.2783 2
      vertex 163.306 7.52169 2
      vertex 163.55 7.5803 2
    endloop
  endfacet
  facet normal 0 0 1
    outer loop
      vertex 163.074 52.3744 2
      vertex 163.306 7.52169 2
      vertex 163.306 52.2783 2
    endloop
  endfacet
  facet normal 0 0 1
    outer loop
      vertex 163.074 52.3744 2
      vertex 163.074 7.42561 2
      vertex 163.306 7.52169 2
    endloop
  endfacet
  facet normal 0 0 1
    outer loop
      vertex 162.86 52.5056 2
      vertex 163.074 7.42561 2
      vertex 163.074 52.3744 2
    endloop
  endfacet
  facet normal 0 0 1
    outer loop
      vertex 162.86 52.5056 2
      vertex 162.86 7.29443 2
      vertex 163.074 7.42561 2
    endloop
  endfacet
  facet normal 0 0 1
    outer loop
      vertex 162.669 52.6686 2
      vertex 162.86 7.29443 2
      vertex 162.86 52.5056 2
    endloop
  endfacet
  facet normal 0 0 1
    outer loop
      vertex 162.669 52.6686 2
      vertex 162.669 7.13137 2
      vertex 162.86 7.29443 2
    endloop
  endfacet
  facet normal 0 0 1
    outer loop
      vertex 162.506 52.8595 2
      vertex 162.669 7.13137 2
      vertex 162.669 52.6686 2
    endloop
  endfacet
  facet normal 0 0 1
    outer loop
      vertex 162.506 52.8595 2
      vertex 162.506 6.94046 2
      vertex 162.669 7.13137 2
    endloop
  endfacet
  facet normal 0 0 1
    outer loop
      vertex 104.9 2 2
      vertex 162.506 52.8595 2
      vertex 162.374 53.0736 2
    endloop
  endfacet
  facet normal 0 0 1
    outer loop
      vertex 162.506 52.8595 2
      vertex 104.9 2 2
      vertex 162.506 6.94046 2
    endloop
  endfacet
  facet normal 0 0 1
    outer loop
      vertex 104.9 2 2
      vertex 162.374 53.0736 2
      vertex 162.278 53.3056 2
    endloop
  endfacet
  facet normal 0 0 1
    outer loop
      vertex 162.506 6.94046 2
      vertex 104.9 2 2
      vertex 162.374 6.72638 2
    endloop
  endfacet
  facet normal 0 0 1
    outer loop
      vertex 104.9 2 2
      vertex 162.278 53.3056 2
      vertex 162.22 53.5497 2
    endloop
  endfacet
  facet normal 0 0 1
    outer loop
      vertex 162.374 6.72638 2
      vertex 104.9 2 2
      vertex 162.278 6.49443 2
    endloop
  endfacet
  facet normal 0 0 1
    outer loop
      vertex 104.9 2 2
      vertex 162.22 53.5497 2
      vertex 162.2 53.8 2
    endloop
  endfacet
  facet normal 0 0 1
    outer loop
      vertex 162.278 6.49443 2
      vertex 104.9 2 2
      vertex 162.22 6.25029 2
    endloop
  endfacet
  facet normal 0 0 1
    outer loop
      vertex 165.38 53.5497 2
      vertex 167.8 57.8 2
      vertex 165.4 53.8 2
    endloop
  endfacet
  facet normal 0 0 1
    outer loop
      vertex 167.8 57.8 2
      vertex 165.38 54.0503 2
      vertex 165.4 53.8 2
    endloop
  endfacet
  facet normal 0 0 1
    outer loop
      vertex 167.8 57.8 2
      vertex 165.322 54.2944 2
      vertex 165.38 54.0503 2
    endloop
  endfacet
  facet normal 0 0 1
    outer loop
      vertex 167.8 57.8 2
      vertex 165.226 54.5264 2
      vertex 165.322 54.2944 2
    endloop
  endfacet
  facet normal 0 0 1
    outer loop
      vertex 167.8 57.8 2
      vertex 165.094 54.7405 2
      vertex 165.226 54.5264 2
    endloop
  endfacet
  facet normal 0 0 1
    outer loop
      vertex 167.8 57.8 2
      vertex 164.931 54.9314 2
      vertex 165.094 54.7405 2
    endloop
  endfacet
  facet normal 0 0 1
    outer loop
      vertex 167.8 57.8 2
      vertex 164.74 55.0944 2
      vertex 164.931 54.9314 2
    endloop
  endfacet
  facet normal 0 0 1
    outer loop
      vertex 167.8 57.8 2
      vertex 164.526 55.2256 2
      vertex 164.74 55.0944 2
    endloop
  endfacet
  facet normal 0 0 1
    outer loop
      vertex 167.8 57.8 2
      vertex 164.294 55.3217 2
      vertex 164.526 55.2256 2
    endloop
  endfacet
  facet normal 0 0 1
    outer loop
      vertex 167.8 57.8 2
      vertex 164.05 55.3803 2
      vertex 164.294 55.3217 2
    endloop
  endfacet
  facet normal 0 0 1
    outer loop
      vertex 167.8 57.8 2
      vertex 163.8 55.4 2
      vertex 164.05 55.3803 2
    endloop
  endfacet
  facet normal 0 0 1
    outer loop
      vertex 167.8 57.8 2
      vertex 163.55 55.3803 2
      vertex 163.8 55.4 2
    endloop
  endfacet
  facet normal 0 0 1
    outer loop
      vertex 167.8 57.8 2
      vertex 163.306 55.3217 2
      vertex 163.55 55.3803 2
    endloop
  endfacet
  facet normal 0 0 1
    outer loop
      vertex 167.8 57.8 2
      vertex 163.074 55.2256 2
      vertex 163.306 55.3217 2
    endloop
  endfacet
  facet normal 0 0 1
    outer loop
      vertex 162.22 6.25029 2
      vertex 104.9 2 2
      vertex 162.2 6 2
    endloop
  endfacet
  facet normal 0 0 1
    outer loop
      vertex 162.22 54.0503 2
      vertex 104.9 2 2
      vertex 162.2 53.8 2
    endloop
  endfacet
  facet normal 0 0 1
    outer loop
      vertex 162.278 54.2944 2
      vertex 104.9 2 2
      vertex 162.22 54.0503 2
    endloop
  endfacet
  facet normal 0 0 1
    outer loop
      vertex 7.52169 54.2944 2
      vertex 162.278 54.2944 2
      vertex 162.374 54.5264 2
    endloop
  endfacet
  facet normal 0 0 1
    outer loop
      vertex 7.42561 54.5264 2
      vertex 162.374 54.5264 2
      vertex 162.506 54.7405 2
    endloop
  endfacet
  facet normal 0 0 1
    outer loop
      vertex 7.29443 54.7405 2
      vertex 162.506 54.7405 2
      vertex 162.669 54.9314 2
    endloop
  endfacet
  facet normal 0 0 1
    outer loop
      vertex 104.9 2 2
      vertex 64.9 2 2
      vertex 104.9 0 2
    endloop
  endfacet
  facet normal 0 0 1
    outer loop
      vertex 162.278 54.2944 2
      vertex 64.9 2 2
      vertex 104.9 2 2
    endloop
  endfacet
  facet normal 0 0 1
    outer loop
      vertex 7.13137 54.9314 2
      vertex 162.669 54.9314 2
      vertex 162.86 55.0944 2
    endloop
  endfacet
  facet normal 0 0 1
    outer loop
      vertex 6.94046 55.0944 2
      vertex 162.86 55.0944 2
      vertex 163.074 55.2256 2
    endloop
  endfacet
  facet normal 0 0 1
    outer loop
      vertex 6.72638 55.2256 2
      vertex 163.074 55.2256 2
      vertex 167.8 57.8 2
    endloop
  endfacet
  facet normal 0 0 1
    outer loop
      vertex 162.278 54.2944 2
      vertex 7.52169 54.2944 2
      vertex 64.9 2 2
    endloop
  endfacet
  facet normal 0 0 1
    outer loop
      vertex 64.9 2 2
      vertex 7.5803 54.0503 2
      vertex 7.6 53.8 2
    endloop
  endfacet
  facet normal 0 0 1
    outer loop
      vertex 64.9 2 2
      vertex 7.52169 54.2944 2
      vertex 7.5803 54.0503 2
    endloop
  endfacet
  facet normal 0 0 1
    outer loop
      vertex 162.374 54.5264 2
      vertex 7.42561 54.5264 2
      vertex 7.52169 54.2944 2
    endloop
  endfacet
  facet normal 0 0 1
    outer loop
      vertex 162.506 54.7405 2
      vertex 7.29443 54.7405 2
      vertex 7.42561 54.5264 2
    endloop
  endfacet
  facet normal 0 0 1
    outer loop
      vertex 162.669 54.9314 2
      vertex 7.13137 54.9314 2
      vertex 7.29443 54.7405 2
    endloop
  endfacet
  facet normal 0 0 1
    outer loop
      vertex 162.86 55.0944 2
      vertex 6.94046 55.0944 2
      vertex 7.13137 54.9314 2
    endloop
  endfacet
  facet normal 0 0 1
    outer loop
      vertex 163.074 55.2256 2
      vertex 6.72638 55.2256 2
      vertex 6.94046 55.0944 2
    endloop
  endfacet
  facet normal -0 0 1
    outer loop
      vertex 2 57.8 2
      vertex 6.72638 55.2256 2
      vertex 167.8 57.8 2
    endloop
  endfacet
  facet normal 0 0 1
    outer loop
      vertex 6.72638 55.2256 2
      vertex 2 57.8 2
      vertex 6.49443 55.3217 2
    endloop
  endfacet
  facet normal 0 0 1
    outer loop
      vertex 6.49443 55.3217 2
      vertex 2 57.8 2
      vertex 6.25029 55.3803 2
    endloop
  endfacet
  facet normal 0 0 1
    outer loop
      vertex 4.47831 6.49443 2
      vertex 2 2 2
      vertex 4.4197 6.25029 2
    endloop
  endfacet
  facet normal 0 0 1
    outer loop
      vertex 4.4197 54.0503 2
      vertex 2 57.8 2
      vertex 4.4 53.8 2
    endloop
  endfacet
  facet normal 0 0 1
    outer loop
      vertex 4.47831 54.2944 2
      vertex 2 57.8 2
      vertex 4.4197 54.0503 2
    endloop
  endfacet
  facet normal 0 0 1
    outer loop
      vertex 4.57439 54.5264 2
      vertex 2 57.8 2
      vertex 4.47831 54.2944 2
    endloop
  endfacet
  facet normal 0 0 1
    outer loop
      vertex 4.70557 54.7405 2
      vertex 2 57.8 2
      vertex 4.57439 54.5264 2
    endloop
  endfacet
  facet normal 0 0 1
    outer loop
      vertex 4.86863 54.9314 2
      vertex 2 57.8 2
      vertex 4.70557 54.7405 2
    endloop
  endfacet
  facet normal 0 0 1
    outer loop
      vertex 5.05954 55.0944 2
      vertex 2 57.8 2
      vertex 4.86863 54.9314 2
    endloop
  endfacet
  facet normal 0 0 1
    outer loop
      vertex 5.27361 55.2256 2
      vertex 2 57.8 2
      vertex 5.05954 55.0944 2
    endloop
  endfacet
  facet normal 0 0 1
    outer loop
      vertex 5.50557 55.3217 2
      vertex 2 57.8 2
      vertex 5.27361 55.2256 2
    endloop
  endfacet
  facet normal 0 0 1
    outer loop
      vertex 5.7497 55.3803 2
      vertex 2 57.8 2
      vertex 5.50557 55.3217 2
    endloop
  endfacet
  facet normal 0 0 1
    outer loop
      vertex 6 55.4 2
      vertex 2 57.8 2
      vertex 5.7497 55.3803 2
    endloop
  endfacet
  facet normal 0 0 1
    outer loop
      vertex 6.25029 55.3803 2
      vertex 2 57.8 2
      vertex 6 55.4 2
    endloop
  endfacet
  facet normal 0 0 1
    outer loop
      vertex 165.322 53.3056 2
      vertex 167.8 57.8 2
      vertex 165.38 53.5497 2
    endloop
  endfacet
  facet normal -0 0 1
    outer loop
      vertex 165.38 5.7497 2
      vertex 167.8 2 2
      vertex 165.4 6 2
    endloop
  endfacet
  facet normal -0 0 1
    outer loop
      vertex 165.322 5.50557 2
      vertex 167.8 2 2
      vertex 165.38 5.7497 2
    endloop
  endfacet
  facet normal -0 0 1
    outer loop
      vertex 165.226 5.27361 2
      vertex 167.8 2 2
      vertex 165.322 5.50557 2
    endloop
  endfacet
  facet normal -0 0 1
    outer loop
      vertex 165.094 5.05954 2
      vertex 167.8 2 2
      vertex 165.226 5.27361 2
    endloop
  endfacet
  facet normal -0 0 1
    outer loop
      vertex 164.931 4.86863 2
      vertex 167.8 2 2
      vertex 165.094 5.05954 2
    endloop
  endfacet
  facet normal -0 0 1
    outer loop
      vertex 164.74 4.70557 2
      vertex 167.8 2 2
      vertex 164.931 4.86863 2
    endloop
  endfacet
  facet normal -0 0 1
    outer loop
      vertex 164.526 4.57439 2
      vertex 167.8 2 2
      vertex 164.74 4.70557 2
    endloop
  endfacet
  facet normal -0 0 1
    outer loop
      vertex 164.294 4.47831 2
      vertex 167.8 2 2
      vertex 164.526 4.57439 2
    endloop
  endfacet
  facet normal -0 0 1
    outer loop
      vertex 164.05 4.4197 2
      vertex 167.8 2 2
      vertex 164.294 4.47831 2
    endloop
  endfacet
  facet normal -0 0 1
    outer loop
      vertex 163.8 4.4 2
      vertex 167.8 2 2
      vertex 164.05 4.4197 2
    endloop
  endfacet
  facet normal 0 0 1
    outer loop
      vertex 163.55 4.4197 2
      vertex 167.8 2 2
      vertex 163.8 4.4 2
    endloop
  endfacet
  facet normal 0 0 1
    outer loop
      vertex 163.306 4.47831 2
      vertex 167.8 2 2
      vertex 163.55 4.4197 2
    endloop
  endfacet
  facet normal 0 0 1
    outer loop
      vertex 163.074 4.57439 2
      vertex 167.8 2 2
      vertex 163.306 4.47831 2
    endloop
  endfacet
  facet normal 0 0 1
    outer loop
      vertex 163.074 4.57439 2
      vertex 104.9 2 2
      vertex 167.8 2 2
    endloop
  endfacet
  facet normal 0 0 1
    outer loop
      vertex 162.86 4.70557 2
      vertex 104.9 2 2
      vertex 163.074 4.57439 2
    endloop
  endfacet
  facet normal 0 0 1
    outer loop
      vertex 162.669 4.86863 2
      vertex 104.9 2 2
      vertex 162.86 4.70557 2
    endloop
  endfacet
  facet normal 0 0 1
    outer loop
      vertex 162.506 5.05954 2
      vertex 104.9 2 2
      vertex 162.669 4.86863 2
    endloop
  endfacet
  facet normal 0 0 1
    outer loop
      vertex 162.374 5.27361 2
      vertex 104.9 2 2
      vertex 162.506 5.05954 2
    endloop
  endfacet
  facet normal 0 0 1
    outer loop
      vertex 162.278 5.50557 2
      vertex 104.9 2 2
      vertex 162.374 5.27361 2
    endloop
  endfacet
  facet normal 0 0 1
    outer loop
      vertex 162.22 5.7497 2
      vertex 104.9 2 2
      vertex 162.278 5.50557 2
    endloop
  endfacet
  facet normal 0 0 1
    outer loop
      vertex 104.9 2 2
      vertex 162.22 5.7497 2
      vertex 162.2 6 2
    endloop
  endfacet
  facet normal 0 0 1
    outer loop
      vertex 104.9 0 2
      vertex 64.9 2 2
      vertex 64.9 0 2
    endloop
  endfacet
  facet normal -0 0 1
    outer loop
      vertex 7.5803 53.5497 2
      vertex 64.9 2 2
      vertex 7.6 53.8 2
    endloop
  endfacet
  facet normal -0 0 1
    outer loop
      vertex 7.5803 5.7497 2
      vertex 64.9 2 2
      vertex 7.6 6 2
    endloop
  endfacet
  facet normal -0 0 1
    outer loop
      vertex 7.52169 5.50557 2
      vertex 64.9 2 2
      vertex 7.5803 5.7497 2
    endloop
  endfacet
  facet normal -0 0 1
    outer loop
      vertex 7.42561 5.27361 2
      vertex 64.9 2 2
      vertex 7.52169 5.50557 2
    endloop
  endfacet
  facet normal -0 0 1
    outer loop
      vertex 7.29443 5.05954 2
      vertex 64.9 2 2
      vertex 7.42561 5.27361 2
    endloop
  endfacet
  facet normal -0 0 1
    outer loop
      vertex 7.13137 4.86863 2
      vertex 64.9 2 2
      vertex 7.29443 5.05954 2
    endloop
  endfacet
  facet normal -0 0 1
    outer loop
      vertex 6.94046 4.70557 2
      vertex 64.9 2 2
      vertex 7.13137 4.86863 2
    endloop
  endfacet
  facet normal -0 0 1
    outer loop
      vertex 6.72638 4.57439 2
      vertex 64.9 2 2
      vertex 6.94046 4.70557 2
    endloop
  endfacet
  facet normal 0 0 1
    outer loop
      vertex 2 2 2
      vertex 6.72638 4.57439 2
      vertex 6.49443 4.47831 2
    endloop
  endfacet
  facet normal 0 0 1
    outer loop
      vertex 2 2 2
      vertex 6.49443 4.47831 2
      vertex 6.25029 4.4197 2
    endloop
  endfacet
  facet normal 0 0 1
    outer loop
      vertex 2 2 2
      vertex 6.25029 4.4197 2
      vertex 6 4.4 2
    endloop
  endfacet
  facet normal 0 0 1
    outer loop
      vertex 6.72638 4.57439 2
      vertex 2 2 2
      vertex 64.9 2 2
    endloop
  endfacet
  facet normal 0 0 1
    outer loop
      vertex 5.7497 4.4197 2
      vertex 2 2 2
      vertex 6 4.4 2
    endloop
  endfacet
  facet normal 0 0 1
    outer loop
      vertex 5.50557 4.47831 2
      vertex 2 2 2
      vertex 5.7497 4.4197 2
    endloop
  endfacet
  facet normal 0 0 1
    outer loop
      vertex 5.27361 4.57439 2
      vertex 2 2 2
      vertex 5.50557 4.47831 2
    endloop
  endfacet
  facet normal 0 0 1
    outer loop
      vertex 5.05954 4.70557 2
      vertex 2 2 2
      vertex 5.27361 4.57439 2
    endloop
  endfacet
  facet normal 0 0 1
    outer loop
      vertex 4.86863 4.86863 2
      vertex 2 2 2
      vertex 5.05954 4.70557 2
    endloop
  endfacet
  facet normal 0 0 1
    outer loop
      vertex 4.70557 5.05954 2
      vertex 2 2 2
      vertex 4.86863 4.86863 2
    endloop
  endfacet
  facet normal 0 0 1
    outer loop
      vertex 4.57439 5.27361 2
      vertex 2 2 2
      vertex 4.70557 5.05954 2
    endloop
  endfacet
  facet normal 0 0 1
    outer loop
      vertex 4.47831 5.50557 2
      vertex 2 2 2
      vertex 4.57439 5.27361 2
    endloop
  endfacet
  facet normal 0 0 1
    outer loop
      vertex 4.4197 5.7497 2
      vertex 2 2 2
      vertex 4.47831 5.50557 2
    endloop
  endfacet
  facet normal 0 0 1
    outer loop
      vertex 4.4 6 2
      vertex 2 2 2
      vertex 4.4197 5.7497 2
    endloop
  endfacet
  facet normal 0 0 1
    outer loop
      vertex 4.4197 6.25029 2
      vertex 2 2 2
      vertex 4.4 6 2
    endloop
  endfacet
  facet normal 1 -0 0
    outer loop
      vertex 2 2 5
      vertex 2 57.8 2
      vertex 2 57.8 5
    endloop
  endfacet
  facet normal 1 0 0
    outer loop
      vertex 2 57.8 2
      vertex 2 2 5
      vertex 2 2 2
    endloop
  endfacet
  facet normal 0 -1 0
    outer loop
      vertex 2 57.8 2
      vertex 167.8 57.8 5
      vertex 2 57.8 5
    endloop
  endfacet
  facet normal 0 -1 -0
    outer loop
      vertex 167.8 57.8 5
      vertex 2 57.8 2
      vertex 167.8 57.8 2
    endloop
  endfacet
  facet normal 0 1 -0
    outer loop
      vertex 167.8 2 2
      vertex 104.9 2 5
      vertex 167.8 2 5
    endloop
  endfacet
  facet normal 0 1 0
    outer loop
      vertex 104.9 2 5
      vertex 167.8 2 2
      vertex 104.9 2 2
    endloop
  endfacet
  facet normal 0 1 -0
    outer loop
      vertex 64.9 2 2
      vertex 2 2 5
      vertex 64.9 2 5
    endloop
  endfacet
  facet normal 0 1 0
    outer loop
      vertex 2 2 5
      vertex 64.9 2 2
      vertex 2 2 2
    endloop
  endfacet
  facet normal -1 0 0
    outer loop
      vertex 104.9 0 2
      vertex 104.9 2 5
      vertex 104.9 2 2
    endloop
  endfacet
  facet normal -1 -0 0
    outer loop
      vertex 104.9 2 5
      vertex 104.9 0 2
      vertex 104.9 0 5
    endloop
  endfacet
  facet normal 1 -0 0
    outer loop
      vertex 64.9 0 5
      vertex 64.9 2 2
      vertex 64.9 2 5
    endloop
  endfacet
  facet normal 1 0 0
    outer loop
      vertex 64.9 2 2
      vertex 64.9 0 5
      vertex 64.9 0 2
    endloop
  endfacet
endsolid OpenSCAD_Model
